GeneSymbol,GeneID,Pathogenic_Count,Benign_Count,VUS_Count,Total_Variants,Gene_Class
A-GAMMA3'E,109951028,0,0,1,1,VUS/Other-only
A1BG,1,0,2,81,83,Benign-only
A1CF,29974,0,6,56,62,Benign-only
A2M,2,0,22,147,169,Benign-only
A2M;KLRG1,-1,0,0,1,1,VUS/Other-only
A2ML1,144568,1,849,1025,1875,Multiclass
A3GALT2,127550,0,3,0,3,Benign-only
A4GALT,53947,0,36,91,127,Benign-only
A4GNT,51146,0,5,52,57,Benign-only
AAAS,8086,101,300,138,539,Multiclass
AACS,65985,0,9,113,122,Benign-only
AADAC,13,0,3,53,56,Benign-only
AADAC;AADACL2-AS1,-1,0,1,0,1,Benign-only
AADACL2,344752,0,3,56,59,Benign-only
AADACL3,126767,0,3,51,54,Benign-only
AADACL4,343066,0,12,63,75,Benign-only
AADAT,51166,0,2,20,22,Benign-only
AAGAB,79719,21,36,70,127,Multiclass
AAK1,22848,0,8,92,100,Benign-only
AAMDC,28971,0,1,17,18,Benign-only
AAMDC;INTS4,-1,0,1,0,1,Benign-only
AAMP,14,0,0,51,51,VUS/Other-only
AANAT,15,0,13,39,52,Benign-only
AAR2,25980,0,4,55,59,Benign-only
AARD,441376,0,3,22,25,Benign-only
AARS1,16,79,663,824,1566,Multiclass
AARS2,57505,67,267,314,648,Multiclass
AARS2;POLR1C,-1,1,0,0,1,Pathogenic-only
AARSD1;PTGES3L-AARSD1,-1,0,3,50,53,Benign-only
AARSD1;PTGES3L;PTGES3L-AARSD1,-1,0,0,1,1,VUS/Other-only
AASDH,132949,0,12,127,139,Benign-only
AASDHPPT,60496,0,0,43,43,VUS/Other-only
AASS,10157,16,105,155,276,Multiclass
AASS;LOC129999210;LOC129999211,-1,0,1,0,1,Benign-only
AATF,26574,0,0,90,90,VUS/Other-only
ABAT,18,36,395,310,741,Multiclass
ABCA1,19,64,1005,689,1758,Multiclass
ABCA10,10349,0,19,189,208,Benign-only
ABCA12,26154,201,1046,414,1661,Multiclass
ABCA12;LOC129388992;SNHG31;SNORA70I,-1,0,0,1,1,VUS/Other-only
ABCA13,154664,4,151,721,876,Multiclass
ABCA2,20,15,143,430,588,Multiclass
ABCA3,21,130,1071,544,1745,Multiclass
ABCA4,24,1384,1507,1087,3978,Multiclass
ABCA4;LOC126805793,-1,1,0,0,1,Pathogenic-only
ABCA5,23461,8,40,201,249,Multiclass
ABCA6,23460,0,25,206,231,Benign-only
ABCA7,10347,21,93,366,482,Multiclass
ABCA8,10351,0,20,239,259,Benign-only
ABCA9,10350,0,20,204,224,Benign-only
ABCB1,5243,0,31,87,118,Benign-only
ABCB10,23456,0,5,103,108,Benign-only
ABCB11,8647,388,932,615,1935,Multiclass
ABCB4,5244,249,491,619,1359,Multiclass
ABCB5,340273,0,21,199,220,Benign-only
ABCB5;LINC01162;LOC110120786;LOC110120964;LOC126859959;LOC129998034;LOC129998035;LOC129998036;SP8,-1,0,0,1,1,VUS/Other-only
ABCB6,10058,2,82,202,286,Multiclass
ABCB7,22,7,163,128,298,Multiclass
ABCB7;LOC130068449;UPRT,-1,1,0,0,1,Pathogenic-only
ABCB8,11194,0,19,110,129,Benign-only
ABCB9,23457,0,18,135,153,Benign-only
ABCC1,4363,0,46,142,188,Benign-only
ABCC10,89845,0,16,204,220,Benign-only
ABCC11,85320,0,40,199,239,Benign-only
ABCC12,94160,0,18,187,205,Benign-only
ABCC1;ABCC6;LOC125146420;LOC125146421,-1,0,0,1,1,VUS/Other-only
ABCC2,1244,183,636,351,1170,Multiclass
ABCC3,8714,0,34,177,211,Benign-only
ABCC4,10257,0,45,135,180,Benign-only
ABCC5,10057,0,8,133,141,Benign-only
ABCC6,368,216,668,684,1568,Multiclass
ABCC8,6833,470,1267,706,2443,Multiclass
ABCC8;KCNJ11,-1,0,1,0,1,Benign-only
ABCC9,10060,102,1021,947,2070,Multiclass
ABCD1,215,507,597,476,1580,Multiclass
ABCD1;PLXNB3-AS1,-1,3,0,0,3,Pathogenic-only
ABCD2,225,0,3,66,69,Benign-only
ABCD3,5825,0,92,115,207,Benign-only
ABCD3;F3;LOC129930978;MIR12133,-1,0,0,1,1,VUS/Other-only
ABCD4,5826,43,310,177,530,Multiclass
ABCE1,6059,0,6,23,29,Benign-only
ABCF1,23,0,9,83,92,Benign-only
ABCF2;ABCF2-H2BK1,-1,0,0,15,15,VUS/Other-only
ABCF2;ABCF2-H2BK1;LOC126860225,-1,0,0,5,5,VUS/Other-only
ABCF3,55324,0,2,91,93,Benign-only
ABCG1,9619,0,7,63,70,Benign-only
ABCG2,9429,0,9,44,54,Benign-only
ABCG4,64137,0,7,53,60,Benign-only
ABCG5,64240,62,308,445,815,Multiclass
ABCG5;ABCG8,-1,0,1,0,1,Benign-only
ABCG5;DYNC2LI1,-1,2,0,0,2,Pathogenic-only
ABCG8,64241,58,345,477,880,Multiclass
ABHD1,84696,0,2,73,75,Benign-only
ABHD10,55347,0,4,51,55,Benign-only
ABHD11,83451,0,5,60,65,Benign-only
ABHD12,26090,46,264,238,548,Multiclass
ABHD12B,145447,0,7,57,64,Benign-only
ABHD12B;PYGL,-1,0,1,0,1,Benign-only
ABHD13,84945,0,2,40,42,Benign-only
ABHD14A,25864,0,2,39,41,Benign-only
ABHD14A-ACY1;ACY1,-1,1,8,0,9,Multiclass
ABHD14B,84836,0,3,29,32,Benign-only
ABHD15,116236,0,1,99,100,Benign-only
ABHD16A,7920,5,12,69,86,Multiclass
ABHD16B,140701,0,2,116,118,Benign-only
ABHD17A,81926,0,4,47,51,Benign-only
ABHD17B,51104,0,0,21,21,VUS/Other-only
ABHD17C,58489,0,0,23,23,VUS/Other-only
ABHD18,80167,0,2,53,55,Benign-only
ABHD2,11057,0,5,41,46,Benign-only
ABHD3,171586,0,1,46,47,Benign-only
ABHD4,63874,0,0,56,56,VUS/Other-only
ABHD5,51099,24,149,161,334,Multiclass
ABHD6,57406,0,2,47,49,Benign-only
ABHD8,79575,0,1,44,45,Benign-only
ABI1,10006,0,3,39,42,Benign-only
ABI2,10152,0,0,34,34,VUS/Other-only
ABI3,51225,0,7,62,69,Benign-only
ABI3BP,25890,0,7,144,151,Benign-only
ABITRAM,54942,0,1,26,27,Benign-only
ABL1,25,19,534,289,842,Multiclass
ABL2,27,0,4,114,118,Benign-only
ABLIM1,3983,0,2,113,115,Benign-only
ABLIM2,84448,0,9,122,131,Benign-only
ABLIM3,22885,0,3,119,122,Benign-only
ABO,28,0,12,0,12,Benign-only
ABR,29,0,9,90,99,Benign-only
ABRA,137735,0,3,73,76,Benign-only
ABRACL,58527,0,0,16,16,VUS/Other-only
ABRAXAS1,84142,0,334,601,935,Benign-only
ABRAXAS2,23172,0,1,56,57,Benign-only
ABT1,29777,0,0,50,50,VUS/Other-only
ABTB1,80325,0,7,101,108,Benign-only
ABTB2,25841,0,2,169,171,Benign-only
ABTB3,121551,0,6,148,154,Benign-only
ACAA1,30,0,3,60,63,Benign-only
ACAA2,10449,0,10,59,69,Benign-only
ACACA,31,0,189,212,401,Benign-only
ACACB,32,0,66,386,452,Benign-only
ACAD10,80724,0,10,145,155,Benign-only
ACAD11,84129,0,10,97,107,Benign-only
ACAD8,27034,36,104,140,280,Multiclass
ACAD9,28976,185,669,220,1074,Multiclass
ACADL,33,0,11,64,75,Benign-only
ACADM,34,362,362,196,920,Multiclass
ACADS,35,83,155,197,435,Multiclass
ACADSB,36,42,139,146,327,Multiclass
ACADVL,37,490,818,574,1882,Multiclass
ACADVL;DLG4,-1,2,1,0,3,Multiclass
ACADVL;DVL2,-1,4,0,0,4,Pathogenic-only
ACAN,176,182,542,909,1633,Multiclass
ACAP1,9744,0,1,99,100,Benign-only
ACAP2,23527,0,1,45,46,Benign-only
ACAP3,116983,0,4,137,141,Benign-only
ACAT1,38,212,378,147,737,Multiclass
ACAT2,39,0,15,55,70,Benign-only
ACBD3,64746,0,2,68,70,Benign-only
ACBD4,79777,0,6,42,48,Benign-only
ACBD5,91452,23,224,179,426,Multiclass
ACBD5;LOC130003557,-1,0,0,1,1,VUS/Other-only
ACBD5;MASTL,-1,0,1,0,1,Benign-only
ACBD6,84320,4,6,35,45,Multiclass
ACBD6;LHX4;LHX4-AS1,-1,0,0,1,1,VUS/Other-only
ACBD7,414149,0,2,14,16,Benign-only
ACCS,84680,0,8,78,86,Benign-only
ACCSL,390110,0,6,81,87,Benign-only
ACD,65057,6,571,793,1370,Multiclass
ACD;CARMIL2,-1,0,1,2,3,Benign-only
ACE,1636,62,271,422,756,Multiclass
ACE2,59272,0,5,15,20,Benign-only
ACER1,125981,0,7,44,51,Benign-only
ACER2,340485,0,3,44,47,Benign-only
ACER3,55331,5,43,60,108,Multiclass
ACER3;B3GNT6;CAPN5;GDPD4;LOC130006478;LOC130006479;MYO7A;OMP,-1,0,0,1,1,VUS/Other-only
ACHE,43,0,12,53,65,Benign-only
ACIN1,22985,0,5,170,175,Benign-only
ACKR1,2532,0,5,40,45,Benign-only
ACKR2,1238,0,0,8,8,VUS/Other-only
ACKR3,57007,0,7,35,42,Benign-only
ACKR4,51554,0,1,4,5,Benign-only
ACKR5,11318,0,2,13,15,Benign-only
ACLY,47,0,7,118,125,Benign-only
ACMSD,130013,0,4,54,58,Benign-only
ACO1,48,0,21,108,129,Benign-only
ACO2,50,68,385,400,853,Multiclass
ACO2;POLR3H,-1,1,0,0,1,Pathogenic-only
ACOD1,730249,0,5,0,5,Benign-only
ACOT1,641371,0,13,51,64,Benign-only
ACOT11,26027,0,6,86,92,Benign-only
ACOT12,134526,0,7,86,93,Benign-only
ACOT13,55856,0,0,24,24,VUS/Other-only
ACOT2,10965,0,12,96,108,Benign-only
ACOT4,122970,0,3,73,76,Benign-only
ACOT6,641372,0,1,30,31,Benign-only
ACOT7,11332,0,6,48,54,Benign-only
ACOT8,10005,0,3,43,46,Benign-only
ACOT9,23597,0,8,43,51,Benign-only
ACOX1,51,76,463,318,857,Multiclass
ACOX2,8309,1,103,190,294,Multiclass
ACOX3,8310,0,31,147,178,Benign-only
ACOXL,55289,0,6,87,93,Benign-only
ACP1,52,0,9,11,20,Benign-only
ACP2,53,0,11,58,69,Benign-only
ACP3,55,0,9,51,60,Benign-only
ACP4,93650,9,12,89,110,Multiclass
ACP5,54,34,139,158,331,Multiclass
ACP6,51205,1,8,60,69,Multiclass
ACP7,390928,0,0,3,3,VUS/Other-only
ACR,49,0,10,69,79,Benign-only
ACR;LOC105373100;LOC126863188;LOC130067888;SHANK3,-1,3,0,0,3,Pathogenic-only
ACRBP,84519,0,3,66,69,Benign-only
ACRV1,56,0,1,24,25,Benign-only
ACSBG1,23205,0,8,102,110,Benign-only
ACSBG2,81616,0,11,99,110,Benign-only
ACSF2,80221,0,3,85,88,Benign-only
ACSF3,197322,185,595,228,1008,Multiclass
ACSF3;CDH15;LINC00304;LINC02138;LOC125177394;LOC130059792;LOC130059793;LOC130059794;LOC132090442,-1,1,0,0,1,Pathogenic-only
ACSF3;LOC125177393,-1,0,0,1,1,VUS/Other-only
ACSL1,2180,0,14,65,79,Benign-only
ACSL3,2181,0,7,62,69,Benign-only
ACSL4,2182,10,44,125,179,Multiclass
ACSL5,51703,0,14,84,98,Benign-only
ACSL6,23305,0,3,72,75,Benign-only
ACSM1,116285,0,13,83,96,Benign-only
ACSM2A,123876,0,7,83,90,Benign-only
ACSM2B,348158,0,6,57,63,Benign-only
ACSM3,6296,0,9,85,94,Benign-only
ACSM4,341392,0,4,67,71,Benign-only
ACSM5,54988,0,8,79,87,Benign-only
ACSM6,142827,0,2,54,56,Benign-only
ACSS1,84532,0,7,68,75,Benign-only
ACSS2,55902,0,12,76,88,Benign-only
ACSS3,79611,0,6,89,95,Benign-only
ACTA1,58,226,166,198,590,Multiclass
ACTA2,59,37,288,356,681,Multiclass
ACTA2-AS1,100132116,0,1,0,1,Benign-only
ACTA2;FAS,-1,0,2,0,2,Benign-only
ACTA2;FAS;LOC130004293,-1,0,1,0,1,Benign-only
ACTB,60,116,339,157,612,Multiclass
ACTBL2,345651,0,2,66,68,Benign-only
ACTC1,70,20,375,429,824,Multiclass
ACTC1;GJD2-DT,-1,0,0,2,2,VUS/Other-only
ACTG1,71,59,416,178,653,Multiclass
ACTG2,72,38,11,41,90,Multiclass
ACTL10,170487,0,7,55,62,Benign-only
ACTL6A,86,0,10,48,58,Benign-only
ACTL6B,51412,36,17,86,139,Multiclass
ACTL7A,10881,2,4,73,79,Multiclass
ACTL7B,10880,0,7,92,99,Benign-only
ACTL8,81569,0,2,48,50,Benign-only
ACTL9,284382,0,4,64,68,Benign-only
ACTMAP,284325,0,0,6,6,VUS/Other-only
ACTN1,87,18,273,256,547,Multiclass
ACTN2,88,22,767,841,1630,Multiclass
ACTN3,89,0,7,196,203,Benign-only
ACTN3;CTSF,-1,0,1,0,1,Benign-only
ACTN4,81,12,228,228,468,Multiclass
ACTR10,55860,0,1,48,49,Benign-only
ACTR1A,10121,0,1,17,18,Benign-only
ACTR1B,10120,0,3,51,54,Benign-only
ACTR2,10097,1,0,15,16,Pathogenic-only
ACTR3,10096,0,2,16,18,Benign-only
ACTR3B,57180,0,0,21,21,VUS/Other-only
ACTR3C,653857,0,1,33,34,Benign-only
ACTR5,79913,0,2,77,79,Benign-only
ACTR6,64431,0,0,29,29,VUS/Other-only
ACTR8,93973,0,1,79,80,Benign-only
ACTRT1,139741,0,9,55,64,Benign-only
ACTRT2,140625,0,4,63,67,Benign-only
ACTRT3,84517,0,1,64,65,Benign-only
ACVR1,90,5,203,206,414,Multiclass
ACVR1B,91,0,2,38,40,Benign-only
ACVR1C,130399,0,28,36,64,Benign-only
ACVR2A,92,0,0,32,32,VUS/Other-only
ACVR2A;LOC126806366;LOC129934884;LOC129934885;LOC129934886;LOC129934887;LOC129934888;MBD5;ORC4,-1,1,0,0,1,Pathogenic-only
ACVR2B,93,1,151,216,368,Multiclass
ACVRL1,94,544,326,273,1143,Multiclass
ACY1,95,8,60,99,167,Multiclass
ACY3,91703,0,5,65,70,Benign-only
ACYP1,97,0,1,5,6,Benign-only
ACYP1;NPC2,-1,0,1,0,1,Benign-only
ACYP2,98,0,2,19,21,Benign-only
ADA,100,161,389,159,709,Multiclass
ADA2,51816,85,234,246,565,Multiclass
ADA;PKIG,-1,1,0,0,1,Pathogenic-only
ADAD1,132612,0,1,62,63,Benign-only
ADAD2,161931,1,16,162,179,Multiclass
ADAL,161823,0,0,3,3,VUS/Other-only
ADAM10,102,0,30,67,97,Benign-only
ADAM11,4185,0,9,97,106,Benign-only
ADAM12,8038,0,16,111,127,Benign-only
ADAM15,8751,0,17,128,145,Benign-only
ADAM17,6868,25,340,249,614,Multiclass
ADAM18,8749,0,9,87,96,Benign-only
ADAM19,8728,0,18,118,136,Benign-only
ADAM2,2515,0,7,101,108,Benign-only
ADAM20,8748,0,11,115,126,Benign-only
ADAM21,8747,0,9,97,106,Benign-only
ADAM22,53616,5,41,114,160,Multiclass
ADAM22;LOC121740690;LOC129389821;LOC129998764;LOC129998765;SRI;SRI-AS1;STEAP4,-1,0,0,1,1,VUS/Other-only
ADAM23,8745,0,15,88,103,Benign-only
ADAM28,10863,0,13,110,123,Benign-only
ADAM29,11086,0,20,100,120,Benign-only
ADAM30,11085,0,10,113,123,Benign-only
ADAM32,203102,0,17,100,117,Benign-only
ADAM33,80332,0,21,110,131,Benign-only
ADAM7,8756,0,9,125,134,Benign-only
ADAM7;ADAM7-AS1;ADAM7-AS2;LOC126860330;MIR6841;NEFL;NEFM,-1,0,0,1,1,VUS/Other-only
ADAM8,101,0,50,146,196,Benign-only
ADAM9,8754,22,256,257,535,Multiclass
ADAMDEC1,27299,0,13,64,77,Benign-only
ADAMTS1,9510,1,27,124,152,Multiclass
ADAMTS10,81794,33,603,389,1025,Multiclass
ADAMTS12,81792,0,24,224,248,Benign-only
ADAMTS13,11093,105,455,460,1020,Multiclass
ADAMTS13;REXO4,-1,0,0,1,1,VUS/Other-only
ADAMTS14,140766,0,25,242,267,Benign-only
ADAMTS15,170689,2,16,155,173,Multiclass
ADAMTS16,170690,0,17,183,200,Benign-only
ADAMTS17,170691,65,742,602,1409,Multiclass
ADAMTS18,170692,57,564,625,1246,Multiclass
ADAMTS19,171019,6,18,176,200,Multiclass
ADAMTS2,9509,122,1136,612,1870,Multiclass
ADAMTS20,80070,0,35,243,278,Benign-only
ADAMTS3,9508,1,33,170,204,Multiclass
ADAMTS4,9507,0,10,126,136,Benign-only
ADAMTS5,11096,0,8,140,148,Benign-only
ADAMTS6,11174,1,3,105,109,Multiclass
ADAMTS7,11173,0,47,316,363,Benign-only
ADAMTS8,11095,0,6,157,163,Benign-only
ADAMTS9,56999,0,203,327,530,Benign-only
ADAMTSL1,92949,0,35,326,361,Benign-only
ADAMTSL2,9719,16,87,198,301,Multiclass
ADAMTSL3,57188,0,108,242,350,Benign-only
ADAMTSL4,54507,164,690,524,1378,Multiclass
ADAMTSL4-AS1;LOC129931411,-1,0,1,0,1,Benign-only
ADAMTSL4;ADAMTSL4-AS1;ADAMTSL4-AS2,-1,1,0,0,1,Pathogenic-only
ADAMTSL4;ADAMTSL4-AS2,-1,1,0,0,1,Pathogenic-only
ADAMTSL5,339366,0,7,94,101,Benign-only
ADAP1,11033,0,5,52,57,Benign-only
ADAP2,55803,0,2,51,53,Benign-only
ADAR,103,94,654,894,1642,Multiclass
ADARB1,104,0,21,72,93,Benign-only
ADARB2,105,0,14,139,153,Benign-only
ADAT1,23536,0,6,81,87,Benign-only
ADAT2,134637,0,0,26,26,VUS/Other-only
ADAT3,113179,3,27,136,166,Multiclass
ADAT3;SCAMP4,-1,1,1,2,4,Multiclass
ADCK1,57143,0,5,74,79,Benign-only
ADCK2,90956,0,11,91,102,Benign-only
ADCK5,203054,0,8,88,96,Benign-only
ADCY1,107,1,227,156,384,Multiclass
ADCY10,55811,33,300,322,655,Multiclass
ADCY2,108,0,12,73,85,Benign-only
ADCY3,109,5,124,159,288,Multiclass
ADCY4,196883,0,9,141,150,Benign-only
ADCY5,111,49,435,406,890,Multiclass
ADCY6,112,0,46,137,183,Benign-only
ADCY7,113,0,18,127,145,Benign-only
ADCY8,114,0,6,150,156,Benign-only
ADCY9,115,0,31,165,196,Benign-only
ADCYAP1,116,0,2,23,25,Benign-only
ADCYAP1;LINC00470;LINC01904;LOC112538442;LOC125338461;LOC125338462;LOC126862677;LOC129390951;LOC129390952,-1,0,0,1,1,VUS/Other-only
ADCYAP1R1,117,0,5,45,50,Benign-only
ADD1,118,0,14,85,100,Benign-only
ADD2,119,0,10,81,91,Benign-only
ADD3,120,1,82,161,244,Multiclass
ADGB,79747,0,10,250,260,Benign-only
ADGRA1,84435,0,7,110,117,Benign-only
ADGRA2,25960,0,14,205,219,Benign-only
ADGRA3,166647,0,368,729,1097,Benign-only
ADGRB1,575,0,13,208,221,Benign-only
ADGRB2,576,0,172,231,403,Benign-only
ADGRB3,577,0,2,156,158,Benign-only
ADGRD1,283383,0,11,87,98,Benign-only
ADGRD2,347088,0,2,0,2,Benign-only
ADGRE1,2015,0,17,120,137,Benign-only
ADGRE2,30817,1,266,359,626,Multiclass
ADGRE3,84658,0,11,83,94,Benign-only
ADGRE5,976,0,23,151,174,Benign-only
ADGRF1,266977,0,17,128,145,Benign-only
ADGRF2,222611,0,2,67,69,Benign-only
ADGRF3,165082,0,19,164,183,Benign-only
ADGRF3;DRC1;LOC129933331;LOC129933332;LOC129933333;SELENOI,-1,1,0,0,1,Pathogenic-only
ADGRF4,221393,0,3,95,98,Benign-only
ADGRF5,221395,0,15,168,183,Benign-only
ADGRG1,9289,121,626,245,992,Multiclass
ADGRG2,10149,10,18,89,117,Multiclass
ADGRG3,222487,0,13,90,103,Benign-only
ADGRG4,139378,0,45,333,378,Benign-only
ADGRG4;FHL1;LOC125467787;LOC126863327;LOC130068748;MAP7D3,-1,1,0,0,1,Pathogenic-only
ADGRG5,221188,0,10,82,92,Benign-only
ADGRG6,57211,9,72,158,239,Multiclass
ADGRG7,84873,0,16,117,133,Benign-only
ADGRL1,22859,33,59,253,345,Multiclass
ADGRL1;ADGRL1-AS1,-1,1,0,1,2,Pathogenic-only
ADGRL2,23266,0,12,148,160,Benign-only
ADGRL3,23284,0,3,144,147,Benign-only
ADGRL4,64123,0,5,96,101,Benign-only
ADGRV1,84059,612,3629,1999,6240,Multiclass
ADGRV1;LOC129389321;LOC129994206,-1,0,0,1,1,VUS/Other-only
ADH1A,124,0,4,42,46,Benign-only
ADH1B,125,0,11,54,65,Benign-only
ADH1C,126,0,16,37,53,Benign-only
ADH4,127,0,1,57,58,Benign-only
ADH5,128,2,2,31,35,Multiclass
ADH6,130,0,3,49,52,Benign-only
ADH7,131,0,3,62,65,Benign-only
ADHFE1,137872,0,2,75,77,Benign-only
ADI1,55256,0,3,27,30,Benign-only
ADIG,149685,0,1,9,10,Benign-only
ADIPOQ,9370,0,4,22,26,Benign-only
ADIPOR1,51094,1,95,99,195,Multiclass
ADIPOR2,79602,0,1,15,16,Benign-only
ADIRF,10974,0,0,11,11,VUS/Other-only
ADISSP,54976,0,0,1,1,VUS/Other-only
ADK,132,10,85,71,166,Multiclass
ADM,133,0,5,21,26,Benign-only
ADM2,79924,0,4,21,25,Benign-only
ADM5,199800,0,1,32,33,Benign-only
ADNP,23394,156,280,391,827,Multiclass
ADNP2,22850,0,19,163,182,Benign-only
ADO,84890,0,1,21,22,Benign-only
ADORA1,134,0,10,33,43,Benign-only
ADORA2A,135,0,8,46,54,Benign-only
ADORA2B,136,0,4,48,52,Benign-only
ADORA3,140,0,1,2,3,Benign-only
ADORA3;TMIGD3,-1,0,0,5,5,VUS/Other-only
ADPGK,83440,0,1,72,73,Benign-only
ADPRH,141,0,3,47,50,Benign-only
ADPRHL1,113622,0,21,78,99,Benign-only
ADPRM,56985,0,3,29,32,Benign-only
ADPRM;LOC112529895;SCO1,-1,0,1,0,1,Benign-only
ADPRS,54936,20,9,70,99,Multiclass
ADRA1A,148,0,6,66,72,Benign-only
ADRA1B,147,0,4,89,93,Benign-only
ADRA1D,146,0,5,111,116,Benign-only
ADRA2A,150,0,10,63,73,Benign-only
ADRA2B,151,0,14,49,63,Benign-only
ADRA2C,152,0,3,68,71,Benign-only
ADRB1,153,0,14,57,71,Benign-only
ADRB2,154,0,28,11,40,Benign-only
ADRB3,155,0,11,57,68,Benign-only
ADRM1,11047,0,5,53,58,Benign-only
ADSL,158,69,270,513,852,Multiclass
ADSS1,122622,29,218,246,493,Multiclass
ADSS2,159,0,2,39,41,Benign-only
ADTRP,84830,0,2,31,33,Benign-only
AEBP1,165,45,426,302,773,Multiclass
AEBP2,121536,0,1,64,65,Benign-only
AEN,64782,0,6,60,66,Benign-only
AFAP1,60312,0,12,157,169,Benign-only
AFAP1;AFAP1-AS1,-1,0,0,1,1,VUS/Other-only
AFAP1L1,134265,0,2,129,131,Benign-only
AFAP1L2,84632,0,11,120,131,Benign-only
AFDN,4301,0,4,16,20,Benign-only
AFDN;FRMD1;HGC6.3;KIF25;KIF25-AS1;LOC126859899;LOC129389722,-1,0,1,0,1,Benign-only
AFF1,4299,0,24,181,205,Benign-only
AFF2,2334,13,89,286,388,Multiclass
AFF2;FMR1NB;FRAXE;LOC107048984;LOC126863341;LOC130068774,-1,0,0,1,1,VUS/Other-only
AFF2;FRAXE;LOC107048984,-1,1,0,0,1,Pathogenic-only
AFF2;LOC126863341;LOC130068775,-1,0,0,1,1,VUS/Other-only
AFF2;LOC130068776;LOC130068777;LOC130068778;LOC130068779;LOC130068780,-1,0,0,1,1,VUS/Other-only
AFF3,3899,8,57,214,279,Multiclass
AFF4,27125,5,247,376,628,Multiclass
AFG1L,246269,0,1,74,75,Benign-only
AFG2A,166378,99,386,381,866,Multiclass
AFG2B,79029,17,21,121,159,Multiclass
AFG2B;LOC130056996,-1,0,1,0,1,Benign-only
AFG3L2,10939,55,195,279,529,Multiclass
AFM,173,0,3,98,101,Benign-only
AFMID,125061,0,8,41,49,Benign-only
AFP,174,1,12,78,91,Multiclass
AFTPH,54812,0,6,128,134,Benign-only
AGA,175,108,295,125,528,Multiclass
AGAP1,116987,0,161,206,367,Benign-only
AGAP11,119385,0,1,1,2,Benign-only
AGAP1;LOC112840912,-1,1,0,0,1,Pathogenic-only
AGAP2,116986,0,6,140,146,Benign-only
AGAP3,116988,0,11,114,125,Benign-only
AGAP4,119016,0,6,146,152,Benign-only
AGAP5,729092,0,2,123,125,Benign-only
AGAP6,414189,0,6,140,146,Benign-only
AGAP9,642517,0,1,1,2,Benign-only
AGBL1,123624,0,26,181,207,Benign-only
AGBL2,79841,0,14,91,105,Benign-only
AGBL3,340351,0,14,110,124,Benign-only
AGBL4,84871,0,1,64,65,Benign-only
AGBL4;AGBL4-AS1;AGBL4-IT1;BEND5;LOC129930503,-1,0,0,1,1,VUS/Other-only
AGBL5,60509,37,276,404,717,Multiclass
AGER,177,0,18,63,81,Benign-only
AGFG1,3267,0,7,47,54,Benign-only
AGFG2,3268,0,4,64,68,Benign-only
AGGF1,55109,1,15,81,97,Multiclass
AGK,55750,43,182,146,371,Multiclass
AGL,178,597,1263,961,2821,Multiclass
AGL;FRRS1;LOC122094884;LOC129931004;LOC129931005;LOC129931006;LOC129931007,-1,0,0,1,1,VUS/Other-only
AGMAT,79814,0,6,64,70,Benign-only
AGMO,392636,4,14,120,138,Multiclass
AGO1,26523,13,27,123,163,Multiclass
AGO2,27161,16,51,127,194,Multiclass
AGO3,192669,0,17,46,63,Benign-only
AGO4,192670,0,0,79,79,VUS/Other-only
AGPAT1,10554,0,1,9,10,Benign-only
AGPAT2,10555,26,83,137,246,Multiclass
AGPAT3,56894,0,6,29,35,Benign-only
AGPAT4,56895,0,2,31,33,Benign-only
AGPAT5,55326,0,3,69,72,Benign-only
AGPS,8540,28,541,179,748,Multiclass
AGR2,10551,8,1,21,30,Multiclass
AGR3,155465,0,1,24,25,Benign-only
AGRN,375790,61,1242,1142,2445,Multiclass
AGRN;LOC126805576;LOC129929075,-1,1,0,0,1,Pathogenic-only
AGRP,181,0,4,19,23,Benign-only
AGT,183,14,88,133,235,Multiclass
AGT;CAPN9;COG2;LOC110121263;LOC122152334,-1,1,0,0,1,Pathogenic-only
AGTPBP1,23287,19,11,127,157,Multiclass
AGTR1,185,12,46,110,168,Multiclass
AGTR2,186,0,11,43,54,Benign-only
AGTRAP,57085,0,10,25,35,Benign-only
AGXT,189,272,447,154,873,Multiclass
AGXT2,64902,0,9,71,80,Benign-only
AHCTF1,25909,0,29,280,309,Benign-only
AHCY,191,16,163,134,313,Multiclass
AHCYL1,10768,0,0,24,24,VUS/Other-only
AHCYL2,23382,0,0,68,68,VUS/Other-only
AHDC1,27245,160,579,588,1327,Multiclass
AHI1,54806,262,749,618,1629,Multiclass
AHI1-DT;LINC02524;LOC126859801;LOC129997227,-1,1,0,0,1,Pathogenic-only
AHNAK,79026,0,161,914,1075,Benign-only
AHNAK2,113146,0,625,1507,2132,Benign-only
AHR,196,6,209,293,508,Multiclass
AHRR,57491,0,21,134,155,Benign-only
AHSA1,10598,0,10,31,41,Benign-only
AHSG,197,1,20,50,71,Multiclass
AHSP,51327,0,4,16,20,Benign-only
AICDA,57379,32,119,131,282,Multiclass
AIDA,64853,0,0,22,22,VUS/Other-only
AIF1,199,0,4,15,19,Benign-only
AIF1L,83543,0,0,18,18,VUS/Other-only
AIFM1,9131,26,261,232,519,Multiclass
AIFM2,84883,0,1,60,61,Benign-only
AIFM3,150209,0,2,91,93,Benign-only
AIFM3;CRKL;LINC01637;LOC130067012;LOC130067013,-1,1,0,0,1,Pathogenic-only
AIG1,51390,0,0,32,32,VUS/Other-only
AIM2,9447,0,9,36,45,Benign-only
AIMP1,9255,19,44,82,145,Multiclass
AIMP2,7965,7,65,101,173,Multiclass
AIMP2;PMS2,-1,0,1,0,1,Benign-only
AIP,9049,66,421,648,1135,Multiclass
AIPL1,23746,70,247,239,556,Multiclass
AIRE,326,208,638,396,1242,Multiclass
AIRIM,54955,0,0,1,1,VUS/Other-only
AJAP1,55966,0,5,61,66,Benign-only
AJUBA,84962,0,1,56,57,Benign-only
AK1,203,5,46,43,94,Multiclass
AK1;ST6GALNAC4-ST6GALNAC6-AK1,-1,0,0,1,1,VUS/Other-only
AK2,204,27,107,100,234,Multiclass
AK3,50808,0,0,45,45,VUS/Other-only
AK4,205,0,1,25,26,Benign-only
AK5,26289,0,7,66,73,Benign-only
AK7,122481,1,205,231,437,Multiclass
AK8,158067,0,4,71,75,Benign-only
AK9,221264,2,30,187,219,Multiclass
AKAIN1,642597,0,0,2,2,VUS/Other-only
AKAP1,8165,0,28,116,144,Benign-only
AKAP10,11216,0,1,84,85,Benign-only
AKAP11,11215,0,27,256,283,Benign-only
AKAP12,9590,0,34,245,279,Benign-only
AKAP13,11214,0,61,454,515,Benign-only
AKAP14,158798,0,5,17,22,Benign-only
AKAP3,10566,2,14,112,128,Multiclass
AKAP4,8852,0,13,73,86,Benign-only
AKAP5,9495,0,6,58,64,Benign-only
AKAP6,9472,0,26,295,321,Benign-only
AKAP7,9465,0,4,36,40,Benign-only
AKAP8,10270,0,37,136,173,Benign-only
AKAP8L,26993,0,3,95,98,Benign-only
AKAP9,10142,1,1366,2030,3397,Multiclass
AKAP9;CYP51A1,-1,0,1,0,1,Benign-only
AKIP1,56672,0,1,0,1,Benign-only
AKIRIN1,79647,0,0,25,25,VUS/Other-only
AKIRIN2,55122,0,2,22,24,Benign-only
AKNA,80709,0,32,250,282,Benign-only
AKNAD1,254268,0,15,107,122,Benign-only
AKR1A1,10327,0,4,32,36,Benign-only
AKR1B1,231,0,10,12,22,Benign-only
AKR1B10,57016,0,6,34,40,Benign-only
AKR1B15,441282,0,7,56,63,Benign-only
AKR1C1,1645,0,6,49,55,Benign-only
AKR1C2,1646,1,56,47,104,Multiclass
AKR1C3,8644,0,8,60,68,Benign-only
AKR1C4,1109,0,32,58,90,Benign-only
AKR1C8;LOC129390123,-1,0,0,1,1,VUS/Other-only
AKR1D1,6718,24,59,126,209,Multiclass
AKR1E2,83592,0,93,66,159,Benign-only
AKR7A2,8574,0,3,64,67,Benign-only
AKR7A3,22977,0,8,73,81,Benign-only
AKT1,207,2,545,406,953,Multiclass
AKT1S1,84335,0,5,54,59,Benign-only
AKT2,208,2,138,76,216,Multiclass
AKT3,10000,13,120,64,197,Multiclass
AKT3;CEP170;LOC122152351;LOC122152352;LOC126806073;LOC126806074;MIR4677;SDCCAG8,-1,0,0,1,1,VUS/Other-only
AKT3;LOC110120698;LOC122152351;LOC122152352;LOC122152353;LOC126806073;LOC126806074;MIR4677;SDCCAG8,-1,0,0,1,1,VUS/Other-only
AKT3;LOC110120698;LOC122152352;LOC122152353;LOC126806074;SDCCAG8,-1,0,0,2,2,VUS/Other-only
AKT3;LOC122152351;LOC122152352;LOC122152353;LOC126806073;LOC126806074;MIR4677;SDCCAG8,-1,0,0,1,1,VUS/Other-only
AKT3;LOC122152351;LOC122152352;LOC126806073;LOC126806074;MIR4677;SDCCAG8,-1,0,0,1,1,VUS/Other-only
AKTIP,64400,0,1,37,38,Benign-only
ALAD,210,3,96,92,191,Multiclass
ALAS1,211,0,3,72,75,Benign-only
ALAS2,212,33,155,143,331,Multiclass
ALB,213,12,46,94,152,Multiclass
ALCAM,214,0,16,67,83,Benign-only
ALDH16A1,126133,0,13,95,108,Benign-only
ALDH18A1,5832,55,300,453,808,Multiclass
ALDH1A1,216,0,6,34,40,Benign-only
ALDH1A2,8854,0,40,36,76,Benign-only
ALDH1A3,220,17,89,44,150,Multiclass
ALDH1A3;ALDH1A3-AS1,-1,4,0,0,4,Pathogenic-only
ALDH1B1,219,1,16,62,79,Multiclass
ALDH1L1,10840,0,17,105,122,Benign-only
ALDH1L2,160428,0,4,73,77,Benign-only
ALDH2,217,0,14,27,42,Benign-only
ALDH3A1,218,0,9,37,46,Benign-only
ALDH3A2,224,152,324,142,618,Multiclass
ALDH3B1,221,0,5,12,17,Benign-only
ALDH3B2,222,0,2,39,41,Benign-only
ALDH4A1,8659,25,160,159,344,Multiclass
ALDH5A1,7915,149,352,330,831,Multiclass
ALDH6A1,4329,1,101,110,212,Multiclass
ALDH6A1;BBOF1,-1,1,4,0,5,Multiclass
ALDH6A1;BBOF1;LIN52;LOC129390646;LOC130056087;LOC130056088;LOC132090266;VSX2,-1,0,0,1,1,VUS/Other-only
ALDH7A1,501,184,545,344,1073,Multiclass
ALDH7A1;LOC112997555,-1,0,0,1,1,VUS/Other-only
ALDH8A1,64577,0,6,48,54,Benign-only
ALDH9A1,223,0,5,69,74,Benign-only
ALDOA,226,10,177,137,324,Multiclass
ALDOA;LOC112694756,-1,1,0,1,2,Pathogenic-only
ALDOB,229,107,266,122,495,Multiclass
ALDOC,230,0,3,43,46,Benign-only
ALG1,56052,110,515,302,927,Multiclass
ALG10,84920,2,6,67,75,Multiclass
ALG10B,144245,0,10,78,88,Benign-only
ALG11,440138,11,58,124,193,Multiclass
ALG11;ATP7B,-1,0,1,0,1,Benign-only
ALG11;ATP7B;LOC130009838,-1,0,1,0,1,Benign-only
ALG11;ATP7B;LOC130009841,-1,0,0,1,1,VUS/Other-only
ALG11;UTP14C,-1,0,1,0,1,Benign-only
ALG12,79087,40,277,235,552,Multiclass
ALG13,79868,7,673,485,1165,Multiclass
ALG14,199857,0,70,87,157,Benign-only
ALG1;EEF2KMT,-1,0,0,1,1,VUS/Other-only
ALG1L2,644974,0,10,50,60,Benign-only
ALG2,85365,6,143,206,355,Multiclass
ALG3,10195,32,76,117,225,Multiclass
ALG5,29880,5,5,42,52,Multiclass
ALG6,29929,145,430,225,800,Multiclass
ALG8,79053,55,173,209,437,Multiclass
ALG9,79796,35,151,175,361,Multiclass
ALK,238,4,2404,3637,6045,Multiclass
ALKAL1,389658,0,1,24,25,Benign-only
ALKAL1;LOC108281129;LOC126860387;LOC129389987;RB1CC1,-1,2,0,0,2,Pathogenic-only
ALKAL1;LOC126860387;LOC129389987;LOC130000361;LOC130000362;RB1CC1,-1,1,0,0,1,Pathogenic-only
ALKAL2,285016,0,2,32,34,Benign-only
ALKBH1,8846,0,2,51,53,Benign-only
ALKBH2,121642,0,9,35,44,Benign-only
ALKBH3,221120,0,0,52,52,VUS/Other-only
ALKBH4,54784,0,5,67,72,Benign-only
ALKBH5,54890,0,2,39,41,Benign-only
ALKBH6,84964,0,4,30,34,Benign-only
ALKBH7,84266,0,0,49,49,VUS/Other-only
ALKBH8,91801,7,28,113,148,Multiclass
ALLC,55821,0,7,53,60,Benign-only
ALMS1,7840,905,2750,2725,6380,Multiclass
ALMS1;ALMS1-IT1,-1,1,0,0,1,Pathogenic-only
ALMS1;LOC126806252;NAT8,-1,1,0,0,1,Pathogenic-only
ALOX12,239,0,42,72,114,Benign-only
ALOX12B,242,72,88,162,322,Multiclass
ALOX15,246,0,19,92,111,Benign-only
ALOX15B,247,0,12,115,127,Benign-only
ALOX5,240,0,13,80,93,Benign-only
ALOX5AP,241,0,4,17,21,Benign-only
ALOXE3,59344,41,102,161,304,Multiclass
ALOXE3;LOC126862485,-1,0,0,1,1,VUS/Other-only
ALPG,251,0,24,104,128,Benign-only
ALPI,248,1,19,86,106,Multiclass
ALPK1,80216,2,334,548,884,Multiclass
ALPK2,115701,0,1134,2019,3153,Benign-only
ALPK3,57538,272,1030,1798,3100,Multiclass
ALPL,249,524,547,330,1401,Multiclass
ALPP,250,0,19,114,133,Benign-only
ALS2,57679,107,483,489,1079,Multiclass
ALS2CL,259173,0,9,146,155,Benign-only
ALX1,8092,1,24,38,63,Multiclass
ALX3,257,4,22,65,91,Multiclass
ALX4,60529,10,130,168,308,Multiclass
ALYREF,10189,0,1,3,4,Benign-only
AMACR,23600,3,179,237,419,Multiclass
AMACR;C1QTNF3-AMACR,-1,0,2,0,2,Benign-only
AMACR;C1QTNF3;C1QTNF3-AMACR;LOC129993780;RXFP3;SLC45A2,-1,0,0,1,1,VUS/Other-only
AMBN,258,1,16,61,78,Multiclass
AMBP,259,0,7,61,68,Benign-only
AMBRA1,55626,0,12,139,151,Benign-only
AMD1,262,0,0,22,22,VUS/Other-only
AMDHD1,144193,0,1,57,58,Benign-only
AMDHD2,51005,0,1,63,64,Benign-only
AMDHD2;ATP6V0C,-1,1,0,0,1,Pathogenic-only
AMELX,265,8,14,16,38,Multiclass
AMER1,139285,40,238,310,588,Multiclass
AMER1;ASB12;LOC130068366;LOC130068367;LOC130068368;LOC130068369;LOC130068370;LOC130068371;MTMR8,-1,0,0,2,2,VUS/Other-only
AMER2,219287,0,5,108,113,Benign-only
AMER3,205147,0,16,141,157,Benign-only
AMFR,267,2,7,75,84,Multiclass
AMH,268,26,90,147,263,Multiclass
AMHR2,269,34,50,78,162,Multiclass
AMIGO1,57463,0,1,36,37,Benign-only
AMIGO2,347902,0,3,63,66,Benign-only
AMIGO3,386724,0,7,92,99,Benign-only
AMMECR1,9949,11,12,57,80,Multiclass
AMMECR1L,83607,0,3,23,26,Benign-only
AMN,81693,64,440,181,685,Multiclass
AMN1,196394,0,2,31,33,Benign-only
AMOT,154796,1,17,109,127,Multiclass
AMOTL1,154810,3,13,148,164,Multiclass
AMOTL2,51421,0,4,140,144,Benign-only
AMPD1,270,5,212,335,552,Multiclass
AMPD2,271,42,266,213,521,Multiclass
AMPD2;LOC126805822,-1,1,0,0,1,Pathogenic-only
AMPD3,272,4,25,175,204,Multiclass
AMPH,273,0,16,79,95,Benign-only
AMT,275,138,353,204,695,Multiclass
AMTN,401138,0,3,22,25,Benign-only
AMY1A,276,0,2,10,12,Benign-only
AMY1B,277,0,1,7,8,Benign-only
AMY1C,278,0,0,9,9,VUS/Other-only
AMY2A,279,0,4,67,71,Benign-only
AMY2B,280,0,9,97,106,Benign-only
AMZ1,155185,0,27,139,166,Benign-only
AMZ2,51321,0,4,61,65,Benign-only
ANAPC1,64682,0,55,213,268,Benign-only
ANAPC10,10393,0,0,22,22,VUS/Other-only
ANAPC11,51529,0,2,21,23,Benign-only
ANAPC13,25847,0,0,10,10,VUS/Other-only
ANAPC15,25906,0,2,5,7,Benign-only
ANAPC15;LRTOMT,-1,0,1,0,1,Benign-only
ANAPC16,119504,0,0,9,9,VUS/Other-only
ANAPC2,29882,0,4,73,77,Benign-only
ANAPC4,29945,0,2,75,77,Benign-only
ANAPC5,51433,0,3,48,51,Benign-only
ANAPC7,51434,0,2,61,63,Benign-only
ANG,283,1,41,65,107,Multiclass
ANGEL1,23357,0,3,95,98,Benign-only
ANGEL2,90806,0,0,64,64,VUS/Other-only
ANGPT1,284,0,137,174,311,Benign-only
ANGPT1;LOC126860472;LOC129390036;LOC129390037,-1,0,0,1,1,VUS/Other-only
ANGPT2,285,0,20,76,96,Benign-only
ANGPT2;MCPH1,-1,0,2,0,2,Benign-only
ANGPT4,51378,0,12,68,80,Benign-only
ANGPTL1,9068,0,2,88,90,Benign-only
ANGPTL2,23452,0,1,69,70,Benign-only
ANGPTL3,27329,10,58,65,133,Multiclass
ANGPTL3;DOCK7,-1,1,6,2,9,Multiclass
ANGPTL4,51129,0,9,40,49,Benign-only
ANGPTL5,253935,0,2,45,47,Benign-only
ANGPTL5;TRPC6,-1,0,0,1,1,VUS/Other-only
ANGPTL6,83854,0,9,90,99,Benign-only
ANGPTL7,10218,0,13,58,71,Benign-only
ANGPTL8,55908,0,0,3,3,VUS/Other-only
ANHX,647589,0,8,59,67,Benign-only
ANK1,286,487,332,689,1508,Multiclass
ANK1;LOC124153154,-1,2,0,0,2,Pathogenic-only
ANK1;LOC126860369,-1,0,0,1,1,VUS/Other-only
ANK1;LOC130000286,-1,0,1,0,1,Benign-only
ANK2,287,86,1592,2198,3876,Multiclass
ANK3,288,29,542,1144,1715,Multiclass
ANKAR,150709,0,24,175,199,Benign-only
ANKDD1A,348094,0,7,75,82,Benign-only
ANKDD1B,728780,0,11,0,11,Benign-only
ANKEF1,63926,0,4,129,133,Benign-only
ANKFN1,162282,0,2,96,98,Benign-only
ANKFY1,51479,0,48,156,204,Benign-only
ANKH,56172,7,261,235,503,Multiclass
ANKH;ANKH-DT,-1,1,0,0,1,Pathogenic-only
ANKH;LOC100130744;OTULIN,-1,0,1,0,1,Benign-only
ANKH;OTULIN,-1,0,0,1,1,VUS/Other-only
ANKHD1,54882,0,2,8,10,Benign-only
ANKHD1-EIF4EBP3,404734,0,1,26,27,Benign-only
ANKIB1,54467,0,5,100,105,Benign-only
ANKIB1;KRIT1;LOC113748416,-1,0,1,0,1,Benign-only
ANKK1,255239,0,28,113,141,Benign-only
ANKLE1,126549,0,17,107,124,Benign-only
ANKLE2,23141,7,155,173,335,Multiclass
ANKMY1,51281,0,24,156,180,Benign-only
ANKMY2,57037,0,0,67,67,VUS/Other-only
ANKMY2;CRPPA;LOC129998004;LOC129998005;LRRC72;SOSTDC1,-1,0,0,1,1,VUS/Other-only
ANKRA2,57763,0,0,36,36,VUS/Other-only
ANKRD1,27063,0,212,325,537,Benign-only
ANKRD10,55608,0,5,45,50,Benign-only
ANKRD11,29123,650,1122,1350,3122,Multiclass
ANKRD11;LOC100287036;LOC128462377,-1,0,3,0,3,Benign-only
ANKRD11;LOC128462377,-1,0,0,1,1,VUS/Other-only
ANKRD11;LOC130059812;LOC130059813;LOC130059814,-1,1,0,0,1,Pathogenic-only
ANKRD11;TRAPPC2L,-1,1,2,0,3,Multiclass
ANKRD12,23253,0,15,245,260,Benign-only
ANKRD13A,88455,0,2,60,62,Benign-only
ANKRD13B,124930,0,1,71,72,Benign-only
ANKRD13C,81573,0,2,45,47,Benign-only
ANKRD13D,338692,0,1,91,92,Benign-only
ANKRD16,54522,0,5,56,61,Benign-only
ANKRD17,26057,44,61,419,525,Multiclass
ANKRD18A,253650,0,36,107,143,Benign-only
ANKRD18B,441459,0,1,0,1,Benign-only
ANKRD2,26287,0,6,50,56,Benign-only
ANKRD20A1,84210,0,4,0,4,Benign-only
ANKRD20A4-ANKRD20A20P,110006327,0,5,0,5,Benign-only
ANKRD22,118932,0,0,24,24,VUS/Other-only
ANKRD23,200539,0,4,56,60,Benign-only
ANKRD24,170961,1,14,217,232,Multiclass
ANKRD26,22852,12,968,1998,2978,Multiclass
ANKRD27,84079,0,12,160,172,Benign-only
ANKRD28,23243,0,11,141,152,Benign-only
ANKRD29,147463,0,2,53,55,Benign-only
ANKRD30A,91074,0,19,169,188,Benign-only
ANKRD30B,374860,0,17,134,151,Benign-only
ANKRD31,256006,3,27,231,261,Multiclass
ANKRD33,341405,0,4,61,65,Benign-only
ANKRD33B,651746,0,5,86,91,Benign-only
ANKRD34A,284615,0,0,38,38,VUS/Other-only
ANKRD34B,340120,0,4,61,65,Benign-only
ANKRD34C,390616,0,0,74,74,VUS/Other-only
ANKRD35,148741,0,14,149,163,Benign-only
ANKRD36,375248,0,20,0,20,Benign-only
ANKRD36B,57730,0,5,0,5,Benign-only
ANKRD36C,400986,0,22,1,23,Benign-only
ANKRD37,353322,0,1,22,23,Benign-only
ANKRD39,51239,0,2,44,46,Benign-only
ANKRD40,91369,0,0,38,38,VUS/Other-only
ANKRD42,338699,0,0,70,70,VUS/Other-only
ANKRD44,91526,1,1,121,123,Multiclass
ANKRD45,339416,0,0,39,39,VUS/Other-only
ANKRD46,157567,0,0,22,22,VUS/Other-only
ANKRD49,54851,0,2,12,14,Benign-only
ANKRD50,57182,0,6,165,171,Benign-only
ANKRD52,283373,0,3,90,93,Benign-only
ANKRD53,79998,0,11,99,110,Benign-only
ANKRD54,129138,0,3,39,42,Benign-only
ANKRD55,79722,0,8,84,92,Benign-only
ANKRD6,22881,0,10,114,124,Benign-only
ANKRD61,100310846,0,3,0,3,Benign-only
ANKRD62,342850,0,1,1,2,Benign-only
ANKRD63,100131244,0,1,51,52,Benign-only
ANKRD65,441869,0,11,96,107,Benign-only
ANKRD66,100287718,0,3,47,50,Benign-only
ANKRD7,56311,0,2,32,34,Benign-only
ANKRD9,122416,0,0,60,60,VUS/Other-only
ANKS1A,23294,0,21,152,173,Benign-only
ANKS1B,56899,2,23,103,128,Multiclass
ANKS3,124401,0,22,151,173,Benign-only
ANKS4B,257629,0,4,41,45,Benign-only
ANKS6,203286,32,226,314,572,Multiclass
ANKUB1,389161,0,6,76,82,Benign-only
ANKZF1,55139,0,230,501,731,Benign-only
ANLN,54443,2,243,315,560,Multiclass
ANO1,55107,1,39,132,172,Multiclass
ANO10,55129,74,274,156,504,Multiclass
ANO2,57101,0,6,0,6,Benign-only
ANO3,63982,8,331,285,624,Multiclass
ANO3;ANO3-AS1;LOC126861168;LOC130005450,-1,0,0,1,1,VUS/Other-only
ANO3;LOC126861169;LOC130005451;LOC130005452;MUC15;SLC5A12,-1,0,0,1,1,VUS/Other-only
ANO3;MUC15,-1,0,1,0,1,Benign-only
ANO4,121601,6,2,93,101,Multiclass
ANO5,203859,183,477,747,1407,Multiclass
ANO5;LOC130005437;LOC130005438;LOC130005439;LOC130005440;LOC130005441;LOC130005442;LOC132089922,-1,0,0,1,1,VUS/Other-only
ANO6,196527,35,184,150,369,Multiclass
ANO7,50636,0,98,153,251,Benign-only
ANO8,57719,0,8,201,209,Benign-only
ANO9,338440,0,16,131,147,Benign-only
ANOS1,3730,78,107,149,334,Multiclass
ANOS1;FAM9A;FAM9B;LINC03113;LOC126863200;LOC126863201;VCX3B,-1,0,0,1,1,VUS/Other-only
ANOS1;FAM9A;LOC126863201,-1,0,0,1,1,VUS/Other-only
ANOS1;LINC03113;LOC106029241;LOC126863199;LOC126863200;VCX2;VCX3B,-1,0,0,1,1,VUS/Other-only
ANOS1;LINC03113;LOC126863200,-1,0,0,1,1,VUS/Other-only
ANP32A,8125,0,3,8,11,Benign-only
ANP32B,10541,0,5,21,26,Benign-only
ANP32D,23519,0,0,24,24,VUS/Other-only
ANP32E,81611,0,0,16,16,VUS/Other-only
ANPEP,290,0,28,111,139,Benign-only
ANTKMT,65990,0,4,58,62,Benign-only
ANTXR1,84168,8,101,80,189,Multiclass
ANTXR2,118429,33,107,150,290,Multiclass
ANTXRL,195977,0,1,0,1,Benign-only
ANXA1,301,0,6,59,65,Benign-only
ANXA10,11199,0,4,33,37,Benign-only
ANXA11,311,6,184,244,434,Multiclass
ANXA13,312,0,5,64,69,Benign-only
ANXA2,302,0,1,25,26,Benign-only
ANXA2R,389289,0,0,29,29,VUS/Other-only
ANXA3,306,0,4,58,62,Benign-only
ANXA4,307,0,6,38,44,Benign-only
ANXA5,308,0,3,43,46,Benign-only
ANXA6,309,0,12,115,127,Benign-only
ANXA7,310,1,3,68,72,Multiclass
ANXA8;LOC102724593;SYT15B,-1,0,1,0,1,Benign-only
ANXA8;NPY4R2,-1,0,9,0,9,Benign-only
ANXA8L1,728113,0,1,17,18,Benign-only
ANXA9,8416,0,4,52,56,Benign-only
AOAH,313,0,12,79,91,Benign-only
AOC1,26,0,10,104,114,Benign-only
AOC2,314,0,8,138,146,Benign-only
AOC3,8639,0,23,129,152,Benign-only
AOPEP,84909,9,8,18,35,Multiclass
AOX1,316,0,26,115,141,Benign-only
AP1AR,55435,0,2,32,34,Benign-only
AP1B1,162,3,32,102,137,Multiclass
AP1G1,164,22,36,122,180,Multiclass
AP1G2,8906,0,8,124,132,Benign-only
AP1M1,8907,0,2,38,40,Benign-only
AP1M2,10053,0,2,67,69,Benign-only
AP1S1,1174,9,125,20,154,Multiclass
AP1S2,8905,20,39,28,87,Multiclass
AP1S3,130340,0,17,14,31,Benign-only
AP2A1,160,0,5,109,114,Benign-only
AP2A2,161,0,5,110,115,Benign-only
AP2B1,163,0,1,44,45,Benign-only
AP2M1,1173,2,192,105,299,Multiclass
AP2S1,1175,3,90,37,130,Multiclass
AP3B1,8546,65,415,449,929,Multiclass
AP3B2,8120,48,492,364,904,Multiclass
AP3D1,8943,0,803,662,1465,Benign-only
AP3M1,26985,0,0,38,38,VUS/Other-only
AP3M2,10947,0,1,47,48,Benign-only
AP3S1,1176,0,1,11,12,Benign-only
AP3S2,10239,0,0,22,22,VUS/Other-only
AP4B1,10717,49,156,245,450,Multiclass
AP4B1-AS1;PTPN22,-1,0,0,1,1,VUS/Other-only
AP4B1;AP4B1-AS1,-1,0,1,0,1,Benign-only
AP4E1,23431,25,249,318,592,Multiclass
AP4E1;LOC125078079;LOC130057047;LOC130057048;LOC130057049;LOC130057050;SPPL2A,-1,0,0,1,1,VUS/Other-only
AP4M1,9179,58,211,185,454,Multiclass
AP4M1;TAF6,-1,0,1,1,2,Benign-only
AP4S1,11154,20,68,52,140,Multiclass
AP5B1,91056,6,13,138,157,Multiclass
AP5M1,55745,2,3,59,64,Multiclass
AP5S1,55317,0,2,44,46,Benign-only
AP5Z1,9907,68,473,596,1137,Multiclass
AP5Z1;MIR4656,-1,0,0,2,2,VUS/Other-only
APAF1,317,0,16,123,139,Benign-only
APBA1,320,0,3,109,112,Benign-only
APBA2,321,0,30,107,137,Benign-only
APBA3,9546,0,9,146,155,Benign-only
APBB1,322,0,10,79,89,Benign-only
APBB1;SMPD1,-1,1,0,0,1,Pathogenic-only
APBB1IP,54518,0,10,85,95,Benign-only
APBB2,323,0,3,108,111,Benign-only
APBB3,10307,0,4,65,69,Benign-only
APC,324,2549,3734,8787,15070,Multiclass
APC2,10297,16,463,702,1181,Multiclass
APC;LOC112997553;LOC126807477;LOC129994372;LOC129994373;LOC129994374;LOC129994375;REEP5;SRP19,-1,0,0,1,1,VUS/Other-only
APCDD1,147495,0,58,106,164,Benign-only
APCDD1L,164284,0,4,96,100,Benign-only
APCS,325,0,5,29,34,Benign-only
APEH,327,0,2,68,70,Benign-only
APELA,100506013,0,2,0,2,Benign-only
APEX1,328,0,12,23,35,Benign-only
APEX2,27301,0,14,52,66,Benign-only
APH1A,51107,0,0,21,21,VUS/Other-only
APH1B,83464,0,1,27,28,Benign-only
API5,8539,0,2,29,31,Benign-only
APIP,51074,0,4,26,30,Benign-only
APLF,200558,0,3,67,70,Benign-only
APLN,8862,0,6,11,17,Benign-only
APLNR,187,0,4,62,66,Benign-only
APLP1,333,0,6,82,88,Benign-only
APLP2,334,0,6,130,136,Benign-only
APMAP,57136,0,0,79,79,VUS/Other-only
APOA1,335,14,134,201,349,Multiclass
APOA2,336,2,15,14,31,Multiclass
APOA4,337,0,66,116,182,Benign-only
APOA5,116519,13,120,193,326,Multiclass
APOA5;ZPR1,-1,1,0,0,1,Pathogenic-only
APOB,338,235,2007,2056,4298,Multiclass
APOBEC1,339,0,2,22,24,Benign-only
APOBEC2,10930,0,3,28,31,Benign-only
APOBEC3A,200315,0,3,21,24,Benign-only
APOBEC3A;APOBEC3B,-1,0,1,0,1,Benign-only
APOBEC3B,9582,0,8,40,48,Benign-only
APOBEC3C,27350,0,2,27,29,Benign-only
APOBEC3D,140564,0,4,69,73,Benign-only
APOBEC3F,200316,0,10,57,67,Benign-only
APOBEC3G,60489,0,2,36,38,Benign-only
APOBEC3H,164668,0,4,26,30,Benign-only
APOBEC4,403314,0,8,44,52,Benign-only
APOBR,55911,0,25,76,101,Benign-only
APOC1,341,0,1,8,9,Benign-only
APOC2,344,12,63,46,121,Multiclass
APOC3,345,0,40,36,76,Benign-only
APOC4,346,0,7,20,27,Benign-only
APOC4-APOC2;APOC2,-1,0,1,0,1,Benign-only
APOD,347,0,7,24,31,Benign-only
APOE,348,9,108,114,232,Multiclass
APOF,319,0,2,42,44,Benign-only
APOH,350,0,10,27,37,Benign-only
APOL1,8542,0,90,91,182,Benign-only
APOL1;LOC126863137;LOC130067317;MIR6819;MYH9,-1,0,0,1,1,VUS/Other-only
APOL2,23780,0,9,74,83,Benign-only
APOL3,80833,0,15,62,77,Benign-only
APOL4,80832,0,5,14,19,Benign-only
APOL5,80831,0,8,69,77,Benign-only
APOL6,80830,0,13,59,72,Benign-only
APOLD1,81575,0,0,57,57,VUS/Other-only
APOLTP,400499,0,12,0,12,Benign-only
APOLTP;LOC101927131,-1,0,1,0,1,Benign-only
APOM,55937,0,4,10,14,Benign-only
APOO,79135,1,3,25,29,Multiclass
APOOL,139322,0,5,32,37,Benign-only
APP,351,23,276,261,560,Multiclass
APPBP2,10513,0,0,26,26,VUS/Other-only
APPL1,26060,1,105,122,228,Multiclass
APPL2,55198,0,4,90,94,Benign-only
APRG1,339883,0,0,1,1,VUS/Other-only
APRT,353,46,45,68,159,Multiclass
APRT;GALNS,-1,0,0,1,1,VUS/Other-only
APTX,54840,34,155,111,300,Multiclass
AQP1,358,2,39,40,81,Multiclass
AQP10,89872,0,2,27,29,Benign-only
AQP11,282679,0,6,39,45,Benign-only
AQP12A,375318,0,8,49,57,Benign-only
AQP12A;AQP12B;KIF1A;LOC126806583;LOC285191,-1,0,0,1,1,VUS/Other-only
AQP12B,653437,0,7,74,81,Benign-only
AQP2,359,70,223,136,429,Multiclass
AQP2;AQP5-AS1,-1,0,0,1,1,VUS/Other-only
AQP3,360,0,1,21,22,Benign-only
AQP4,361,0,6,37,43,Benign-only
AQP5,362,2,29,45,76,Multiclass
AQP6,363,0,6,40,46,Benign-only
AQP7,364,0,5,0,5,Benign-only
AQP8,343,0,7,41,48,Benign-only
AQP9,366,0,2,46,48,Benign-only
AQR,9716,0,3,130,133,Benign-only
AR,367,300,419,184,903,Multiclass
AR;LOC109504725,-1,1,0,0,1,Pathogenic-only
AR;LOC113875036;OPHN1,-1,0,0,2,2,VUS/Other-only
ARAF,369,0,6,40,46,Benign-only
ARAP1,116985,0,16,236,252,Benign-only
ARAP2,116984,0,13,258,271,Benign-only
ARAP3,64411,0,14,203,217,Benign-only
ARB2A,83989,0,0,48,48,VUS/Other-only
ARB2A;KIAA0825;LOC110120641;LOC123497939;LOC129389322;LOC129994216;LOC129994217;MIR2277;POU5F2,-1,1,0,0,1,Pathogenic-only
ARC,23237,0,4,21,25,Benign-only
ARCN1,372,27,127,136,290,Multiclass
AREG,374,0,1,18,19,Benign-only
AREL1,9870,0,1,114,115,Benign-only
AREL1;MLH3,-1,0,1,0,1,Benign-only
ARF1,375,11,3,13,27,Multiclass
ARF3,377,10,2,17,29,Multiclass
ARF4,378,0,0,8,8,VUS/Other-only
ARF5,381,0,1,11,12,Benign-only
ARF6,382,0,2,4,6,Benign-only
ARFGAP1,55738,0,9,69,78,Benign-only
ARFGAP2,84364,0,2,54,56,Benign-only
ARFGAP3,26286,0,5,80,85,Benign-only
ARFGEF1,10565,65,61,320,446,Multiclass
ARFGEF1-DT;CPA6,-1,0,0,2,2,VUS/Other-only
ARFGEF2,10564,23,347,419,789,Multiclass
ARFGEF3,57221,0,28,262,290,Benign-only
ARFIP1,27236,0,1,43,44,Benign-only
ARFIP2,23647,0,2,33,35,Benign-only
ARFRP1,10139,0,2,33,35,Benign-only
ARG1,383,131,269,152,552,Multiclass
ARG1;MED23,-1,0,2,0,2,Benign-only
ARG2,384,0,6,46,52,Benign-only
ARGFX,503582,0,5,35,40,Benign-only
ARGLU1,55082,0,1,14,15,Benign-only
ARHGAP1,392,0,8,48,56,Benign-only
ARHGAP10,79658,0,11,127,138,Benign-only
ARHGAP11A,9824,1,19,124,144,Multiclass
ARHGAP11A-SCG5;SCG5,-1,0,1,0,1,Benign-only
ARHGAP11B,89839,0,3,40,43,Benign-only
ARHGAP11B;LOC106736476,-1,0,0,1,1,VUS/Other-only
ARHGAP12,94134,0,5,96,101,Benign-only
ARHGAP15,55843,0,3,71,74,Benign-only
ARHGAP17,55114,0,5,103,108,Benign-only
ARHGAP18,93663,0,7,92,99,Benign-only
ARHGAP19,84986,1,1,67,69,Multiclass
ARHGAP19;ARHGAP19-SLIT1,-1,0,1,0,1,Benign-only
ARHGAP20,57569,0,8,135,143,Benign-only
ARHGAP21,57584,1,35,272,308,Multiclass
ARHGAP22,58504,0,12,135,147,Benign-only
ARHGAP23,57636,0,7,286,293,Benign-only
ARHGAP24,83478,0,140,153,293,Benign-only
ARHGAP25,9938,0,7,75,82,Benign-only
ARHGAP26,23092,0,7,66,73,Benign-only
ARHGAP27,201176,0,12,117,129,Benign-only
ARHGAP28,79822,0,7,77,84,Benign-only
ARHGAP29,9411,7,22,159,188,Multiclass
ARHGAP30,257106,0,8,154,162,Benign-only
ARHGAP31,57514,2,238,368,608,Multiclass
ARHGAP32,9743,2,41,252,295,Multiclass
ARHGAP32;LOC126861385;LOC126861386;TP53AIP1,-1,0,0,1,1,VUS/Other-only
ARHGAP33,115703,0,15,172,187,Benign-only
ARHGAP35,2909,20,9,128,157,Multiclass
ARHGAP36,158763,0,5,56,61,Benign-only
ARHGAP39,80728,0,14,187,201,Benign-only
ARHGAP4,393,0,35,128,163,Benign-only
ARHGAP40,343578,0,5,104,109,Benign-only
ARHGAP42,143872,0,6,94,100,Benign-only
ARHGAP44,9912,0,5,85,90,Benign-only
ARHGAP45,23526,0,19,10,29,Benign-only
ARHGAP4;AVPR2,-1,1,1,0,2,Multiclass
ARHGAP5,394,1,7,152,160,Multiclass
ARHGAP6,395,0,28,101,129,Benign-only
ARHGAP6;FRMPD4;LOC113845784;LOC129391294;LOC130067941;LOC130067942;MSL3;MSL3-DT,-1,0,0,1,1,VUS/Other-only
ARHGAP6;HCCS,-1,0,1,0,1,Benign-only
ARHGAP6;HCCS;HCCS-DT;LOC130067937;LOC130067938,-1,0,0,1,1,VUS/Other-only
ARHGAP8,23779,0,13,71,84,Benign-only
ARHGAP8;PRR5-ARHGAP8,-1,0,3,0,3,Benign-only
ARHGAP9,64333,0,7,69,76,Benign-only
ARHGDIA,396,1,33,36,70,Multiclass
ARHGDIB,397,0,0,23,23,VUS/Other-only
ARHGDIG,398,0,3,41,44,Benign-only
ARHGEF1,9138,0,444,462,906,Benign-only
ARHGEF10,9639,0,413,600,1013,Benign-only
ARHGEF10;CLN8;CLN8-AS1;LOC121740708;LOC126860277;LOC126860278;LOC126860279;MIR3674;MIR596,-1,1,0,0,1,Pathogenic-only
ARHGEF10L,55160,1,18,180,199,Multiclass
ARHGEF11,9826,0,12,163,175,Benign-only
ARHGEF12,23365,0,13,143,156,Benign-only
ARHGEF15,22899,1,262,435,698,Multiclass
ARHGEF16,27237,0,12,111,123,Benign-only
ARHGEF17,9828,0,31,346,377,Benign-only
ARHGEF18,23370,27,518,512,1057,Multiclass
ARHGEF19,128272,0,8,117,125,Benign-only
ARHGEF2,9181,1,23,98,122,Multiclass
ARHGEF25,115557,0,2,79,81,Benign-only
ARHGEF26,26084,1,4,135,140,Multiclass
ARHGEF28,64283,0,141,248,389,Benign-only
ARHGEF3,50650,0,3,63,66,Benign-only
ARHGEF33,100271715,0,3,122,125,Benign-only
ARHGEF35,445328,0,13,69,82,Benign-only
ARHGEF37,389337,0,7,102,109,Benign-only
ARHGEF38,54848,0,4,109,113,Benign-only
ARHGEF39,84904,0,3,55,58,Benign-only
ARHGEF4,50649,0,12,103,115,Benign-only
ARHGEF40,55701,0,23,241,264,Benign-only
ARHGEF5,7984,0,15,125,140,Benign-only
ARHGEF6,9459,0,22,78,100,Benign-only
ARHGEF7,8874,0,18,76,94,Benign-only
ARHGEF9,23229,49,213,210,472,Multiclass
ARID1A,8289,115,803,739,1657,Multiclass
ARID1B,57492,538,1034,817,2389,Multiclass
ARID1B;LOC115308161,-1,0,0,2,2,VUS/Other-only
ARID1B;LOC115308161;LOC129997522,-1,0,0,1,1,VUS/Other-only
ARID1B;LOC115308161;LOC129997523,-1,1,0,1,2,Pathogenic-only
ARID1B;LOC129997525,-1,0,0,1,1,VUS/Other-only
ARID2,196528,105,149,273,527,Multiclass
ARID3A,1820,0,13,108,121,Benign-only
ARID3B,10620,0,4,70,74,Benign-only
ARID3C,138715,0,0,71,71,VUS/Other-only
ARID4A,5926,0,4,131,135,Benign-only
ARID4B,51742,0,6,127,133,Benign-only
ARID5A,10865,0,1,93,94,Benign-only
ARID5B,84159,0,4,116,120,Benign-only
ARIH1,25820,0,158,127,285,Benign-only
ARIH2,10425,0,1,40,41,Benign-only
ARK2C,494470,0,1,21,22,Benign-only
ARK2N,147339,0,0,2,2,VUS/Other-only
ARL1,400,0,0,5,5,VUS/Other-only
ARL10,285598,0,0,40,40,VUS/Other-only
ARL11,115761,0,4,30,34,Benign-only
ARL13A,392509,0,0,1,1,VUS/Other-only
ARL13B,200894,40,167,169,376,Multiclass
ARL14,80117,0,3,29,32,Benign-only
ARL14EP,120534,1,4,27,32,Multiclass
ARL14EPL,644100,0,4,39,43,Benign-only
ARL15,54622,0,0,14,14,VUS/Other-only
ARL16,339231,1,1,35,37,Multiclass
ARL17A,51326,0,0,2,2,VUS/Other-only
ARL17B,100506084,0,0,3,3,VUS/Other-only
ARL17B;LOC126862577;LOC129390878;LRRC37A;KANSL1;KANSL1-AS1,-1,0,1,0,1,Benign-only
ARL2,402,0,3,23,26,Benign-only
ARL2BP,23568,11,37,54,102,Multiclass
ARL3,403,3,52,88,143,Multiclass
ARL4A,10124,0,0,19,19,VUS/Other-only
ARL4C,10123,0,1,11,12,Benign-only
ARL4D,379,0,1,25,26,Benign-only
ARL5A,26225,0,0,20,20,VUS/Other-only
ARL5A;LOC108348024;LOC112806054;LOC115945200;LOC120977009;LOC126806373;LOC129934916;NEB;RIF1,-1,0,0,1,1,VUS/Other-only
ARL5B,221079,0,0,7,7,VUS/Other-only
ARL5C,390790,0,3,25,28,Benign-only
ARL6,84100,42,123,88,253,Multiclass
ARL6IP1,23204,6,57,38,101,Multiclass
ARL6IP4,51329,0,4,80,84,Benign-only
ARL6IP5,10550,0,2,28,30,Benign-only
ARL6IP6,151188,0,2,36,38,Benign-only
ARL6IP6;LOC129934936,-1,1,0,1,2,Pathogenic-only
ARL8A,127829,0,2,6,8,Benign-only
ARL8B,55207,0,0,7,7,VUS/Other-only
ARL9,132946,0,0,18,18,VUS/Other-only
ARLN,401152,0,0,1,1,VUS/Other-only
ARMC1,55156,0,1,32,33,Benign-only
ARMC10,83787,0,2,50,52,Benign-only
ARMC12,221481,0,1,55,56,Benign-only
ARMC2,84071,3,13,104,120,Multiclass
ARMC3,219681,0,4,120,124,Benign-only
ARMC5,79798,17,64,160,241,Multiclass
ARMC6,93436,0,7,76,83,Benign-only
ARMC7,79637,0,4,31,35,Benign-only
ARMC8,25852,0,0,54,54,VUS/Other-only
ARMC9,80210,47,327,337,711,Multiclass
ARMCX1,51309,0,4,29,33,Benign-only
ARMCX2,9823,0,4,45,49,Benign-only
ARMCX3,51566,0,1,18,19,Benign-only
ARMCX4,100131755,0,4,1,5,Benign-only
ARMCX5,64860,0,2,59,61,Benign-only
ARMCX5-GPRASP2;GPRASP3,-1,0,1,0,1,Benign-only
ARMCX6,54470,0,3,21,24,Benign-only
ARMH1,339541,0,3,5,8,Benign-only
ARMH3,79591,0,1,0,1,Benign-only
ARMH4,145407,0,3,7,10,Benign-only
ARMS2,387715,0,15,21,36,Benign-only
ARMS2;HTRA1,-1,1,0,0,1,Pathogenic-only
ARMT1,79624,0,1,36,37,Benign-only
ARNT,405,0,3,73,76,Benign-only
ARNT2,9915,9,121,128,258,Multiclass
ARPC1A,10552,0,1,41,42,Benign-only
ARPC1B,10095,20,205,143,368,Multiclass
ARPC2,10109,0,2,19,21,Benign-only
ARPC3,10094,0,2,0,2,Benign-only
ARPC4,10093,0,5,23,28,Benign-only
ARPC4-TTLL3,100526693,0,0,52,52,VUS/Other-only
ARPC5,10092,0,1,16,17,Benign-only
ARPC5L,81873,0,2,17,19,Benign-only
ARPIN,348110,0,1,55,56,Benign-only
ARPIN-AP3S2,100526783,0,0,1,1,VUS/Other-only
ARPIN;ARPIN-AP3S2,-1,0,0,1,1,VUS/Other-only
ARPP19,10776,0,0,8,8,VUS/Other-only
ARPP21,10777,0,5,96,101,Benign-only
ARR3,407,6,16,41,63,Multiclass
ARRB1,408,0,3,42,45,Benign-only
ARRB2,409,0,4,43,47,Benign-only
ARRDC1,92714,0,6,95,101,Benign-only
ARRDC1;ARRDC1-AS1;EHMT1;LOC130003132;LOC130003133;LOC130003134;LOC130003135,-1,1,0,0,1,Pathogenic-only
ARRDC2,27106,0,1,70,71,Benign-only
ARRDC3,57561,0,2,42,44,Benign-only
ARRDC4,91947,0,5,64,69,Benign-only
ARRDC5,645432,0,3,57,60,Benign-only
ARSA,410,339,483,347,1169,Multiclass
ARSB,411,256,407,258,921,Multiclass
ARSD,414,0,9,75,84,Benign-only
ARSD;GYG2;LOC126863189;XG,-1,0,0,1,1,VUS/Other-only
ARSF,416,0,13,76,89,Benign-only
ARSF;ARSH;ARSL;LINC01546;LOC126863190;LOC129391292;LOC130067892;MXRA5;SNORA48B,-1,1,0,0,1,Pathogenic-only
ARSG,22901,38,200,198,436,Multiclass
ARSG;PRKAR1A,-1,1,0,0,1,Pathogenic-only
ARSG;PRKAR1A;WIPI1,-1,0,0,1,1,VUS/Other-only
ARSH,347527,0,18,67,85,Benign-only
ARSI,340075,0,49,138,187,Benign-only
ARSJ,79642,0,1,60,61,Benign-only
ARSK,153642,1,13,71,85,Multiclass
ARSL,415,38,297,111,446,Multiclass
ART1,417,0,4,73,77,Benign-only
ART3,419,0,3,68,71,Benign-only
ART4,420,0,1,33,34,Benign-only
ART5,116969,0,5,53,58,Benign-only
ARTN,9048,0,0,40,40,VUS/Other-only
ARV1,64801,17,13,43,73,Multiclass
ARVCF,421,0,78,218,296,Benign-only
ARX,170302,128,391,357,876,Multiclass
ARX;LOC110120592;LOC110120593;LOC110120594;LOC110120595;LOC110120597;POLA1;SCARNA23,-1,0,0,1,1,VUS/Other-only
AS3MT,57412,0,1,35,36,Benign-only
ASAH1,427,118,507,349,974,Multiclass
ASAH1;LOC129999940,-1,0,0,1,1,VUS/Other-only
ASAH2,56624,0,1,39,40,Benign-only
ASAH2B,653308,0,0,7,7,VUS/Other-only
ASAP1,50807,0,6,81,87,Benign-only
ASAP2,8853,0,8,135,143,Benign-only
ASAP3,55616,0,10,110,120,Benign-only
ASB1,51665,0,3,47,50,Benign-only
ASB10,136371,0,73,99,172,Benign-only
ASB11,140456,0,6,41,47,Benign-only
ASB12,142689,0,4,52,56,Benign-only
ASB13,79754,0,0,48,48,VUS/Other-only
ASB14,142686,0,9,92,101,Benign-only
ASB15,142685,0,4,81,85,Benign-only
ASB16,92591,0,8,106,114,Benign-only
ASB17,127247,0,0,34,34,VUS/Other-only
ASB18,401036,0,1,91,92,Benign-only
ASB2,51676,0,6,116,122,Benign-only
ASB3,51130,0,0,3,3,VUS/Other-only
ASB3;GPR75-ASB3,-1,0,1,0,1,Benign-only
ASB4,51666,0,0,68,68,VUS/Other-only
ASB5,140458,0,1,52,53,Benign-only
ASB6,140459,0,7,69,76,Benign-only
ASB7,140460,0,4,17,21,Benign-only
ASB8,140461,0,1,39,40,Benign-only
ASB9,140462,0,1,23,24,Benign-only
ASCC1,51008,27,129,75,231,Multiclass
ASCC2,84164,0,4,106,110,Benign-only
ASCC3,10973,5,40,278,323,Multiclass
ASCL1,429,0,16,32,48,Benign-only
ASCL1;PAH,-1,0,1,0,1,Benign-only
ASCL2,430,0,0,39,39,VUS/Other-only
ASCL3,56676,0,1,33,34,Benign-only
ASCL4,121549,0,1,40,41,Benign-only
ASCL5,647219,1,0,0,1,Pathogenic-only
ASDURF;ASNSD1;LOC129935243,-1,0,1,0,1,Benign-only
ASF1A,25842,0,1,15,16,Benign-only
ASF1B,55723,0,1,35,36,Benign-only
ASGR1,432,0,2,38,40,Benign-only
ASGR2,433,0,6,41,47,Benign-only
ASH1L,55870,92,141,632,865,Multiclass
ASH2L,9070,1,2,61,64,Multiclass
ASIC1,41,0,7,56,63,Benign-only
ASIC2,40,1,3,79,83,Multiclass
ASIC3,9311,0,16,107,123,Benign-only
ASIC4,55515,0,7,0,7,Benign-only
ASIC4-AS1;SPEG,-1,0,0,1,1,VUS/Other-only
ASIC5,51802,0,8,71,79,Benign-only
ASIC5;CTSO;GUCY1A1;GUCY1B1;LOC121056747;LOC129993298;LOC129993299;TDO2,-1,0,0,1,1,VUS/Other-only
ASIP,434,0,3,16,19,Benign-only
ASL,435,235,490,135,860,Multiclass
ASMT,438,0,2,10,12,Benign-only
ASMTL;ASMTL-AS1;IL3RA;CRLF2;CSF2RA;LINC00106;MIR3690;P2RY8;SLC25A6,-1,0,0,1,1,VUS/Other-only
ASMTL;P2RY8,-1,0,1,0,1,Benign-only
ASNS,440,157,408,208,773,Multiclass
ASNSD1,54529,0,4,74,78,Benign-only
ASPA,443,178,193,83,454,Multiclass
ASPA;SPATA22,-1,1,0,0,1,Pathogenic-only
ASPDH,554235,0,2,56,58,Benign-only
ASPG,374569,0,10,92,102,Benign-only
ASPH,444,22,116,101,239,Multiclass
ASPHD1,253982,0,0,58,58,VUS/Other-only
ASPHD2,57168,0,1,37,38,Benign-only
ASPM,259266,338,604,1013,1955,Multiclass
ASPN,54829,0,4,3,7,Benign-only
ASPN;CENPP,-1,0,1,0,1,Benign-only
ASPNAT,339983,0,14,63,77,Benign-only
ASPRV1,151516,0,7,52,59,Benign-only
ASPSCR1,79058,0,11,98,109,Benign-only
ASRGL1,80150,0,125,171,296,Benign-only
ASS1,445,213,431,170,814,Multiclass
ASTE1,28990,0,7,95,102,Benign-only
ASTL,431705,0,14,72,86,Benign-only
ASTN1,460,2,12,155,169,Multiclass
ASTN2,23245,1,33,190,224,Multiclass
ASTN2;LOC126860748;LOC130002464;LOC130002465;LOC130002466;LOC130002467;SNORA70C;TRIM32,-1,0,0,1,1,VUS/Other-only
ASTN2;LOC126860748;LOC130002467;SNORA70C,-1,0,0,1,1,VUS/Other-only
ASTN2;LOC130002464;LOC130002465;LOC130002466;TRIM32,-1,3,0,1,4,Pathogenic-only
ASTN2;TRIM32,-1,2,0,1,3,Pathogenic-only
ASXL1,171023,133,1086,1381,2600,Multiclass
ASXL2,55252,22,247,340,609,Multiclass
ASXL3,80816,223,327,394,944,Multiclass
ASZ1,136991,0,6,56,62,Benign-only
ATAD1,84896,3,111,92,206,Multiclass
ATAD2,29028,0,9,141,150,Benign-only
ATAD2B,54454,0,8,121,129,Benign-only
ATAD3A,55210,25,94,282,401,Multiclass
ATAD3A;ATAD3B;LOC129388422;LOC129929131;LOC129929132;LOC129929133,-1,0,0,2,2,VUS/Other-only
ATAD3B,83858,0,23,190,213,Benign-only
ATAD3C,219293,0,12,112,124,Benign-only
ATAD5,79915,0,30,191,221,Benign-only
ATAT1,79969,0,5,27,32,Benign-only
ATCAY,85300,3,63,146,212,Multiclass
ATE1,11101,0,1,72,73,Benign-only
ATE1;FGFR2;LOC124416921;LOC124416922;LOC126861065;LOC130004864;LOC130004865;LOC132089750,-1,1,0,0,1,Pathogenic-only
ATF1,466,0,3,34,37,Benign-only
ATF2,1386,0,3,48,51,Benign-only
ATF3,467,0,6,18,24,Benign-only
ATF4,468,0,14,75,89,Benign-only
ATF5,22809,0,2,18,20,Benign-only
ATF6,22926,37,194,244,475,Multiclass
ATF6B,1388,0,18,77,95,Benign-only
ATF7,11016,0,1,0,1,Benign-only
ATF7IP,55729,0,22,132,154,Benign-only
ATF7IP2,80063,0,14,100,114,Benign-only
ATG10,83734,0,2,28,30,Benign-only
ATG101,60673,0,1,29,30,Benign-only
ATG12,9140,4,1,23,28,Multiclass
ATG13,9776,0,2,63,65,Benign-only
ATG14,22863,0,4,69,73,Benign-only
ATG16L1,55054,0,7,52,59,Benign-only
ATG16L2,89849,0,9,78,87,Benign-only
ATG2A,23130,0,29,298,327,Benign-only
ATG2B,55102,0,113,253,366,Benign-only
ATG3,64422,0,0,31,31,VUS/Other-only
ATG4A,115201,0,9,24,33,Benign-only
ATG4B,23192,0,5,64,69,Benign-only
ATG4C,84938,0,1,68,69,Benign-only
ATG4D,84971,1,8,80,89,Multiclass
ATG5,9474,0,5,13,18,Benign-only
ATG7,10533,4,19,91,114,Multiclass
ATG7;HRH1,-1,0,1,0,1,Benign-only
ATG9A,79065,0,3,90,93,Benign-only
ATG9B,285973,1,7,97,105,Multiclass
ATG9B;NOS3,-1,0,2,0,2,Benign-only
ATIC,471,7,59,94,161,Multiclass
ATIC;FN1;LOC122861288;LOC122861289;LOC126806496;LOC126806497;LOC126806498;LOC126806499,-1,0,0,1,1,VUS/Other-only
ATL1,51062,90,231,292,613,Multiclass
ATL2,64225,0,3,84,87,Benign-only
ATL3,25923,1,228,286,515,Multiclass
ATL3;LNCROPM,-1,0,0,1,1,VUS/Other-only
ATM,472,3783,5610,8323,17716,Multiclass
ATM;C11orf65,-1,7,7,2,16,Multiclass
ATM;C11orf65;LOC128772356;LOC129390354,-1,1,0,0,1,Pathogenic-only
ATMIN,23300,0,9,138,147,Benign-only
ATN1,1822,9,92,243,344,Multiclass
ATN1;LOC109461484,-1,0,0,2,2,VUS/Other-only
ATOH1,474,3,4,61,68,Multiclass
ATOH1;GRID2;LOC123477788;LOC126807112;LOC129992839;LOC129992840;LOC129992841;LOC129992842,-1,0,0,1,1,VUS/Other-only
ATOH7,220202,1,30,106,137,Multiclass
ATOH8,84913,0,2,58,60,Benign-only
ATOSA,56204,0,7,138,145,Benign-only
ATOSB,80256,0,4,77,81,Benign-only
ATOX1,475,0,0,8,8,VUS/Other-only
ATP10A,57194,0,78,237,315,Benign-only
ATP10B,23120,0,23,220,243,Benign-only
ATP10B;GABRB2;LINC02159;LOC126807574;LOC126807575;LOC129995193;LOC129995194;LOC129995195,-1,0,0,1,1,VUS/Other-only
ATP10D,57205,0,13,159,172,Benign-only
ATP11A,23250,3,64,211,278,Multiclass
ATP11B,23200,0,2,118,120,Benign-only
ATP11C,286410,2,13,121,136,Multiclass
ATP12A,479,0,8,153,161,Benign-only
ATP13A1,57130,0,24,169,193,Benign-only
ATP13A2,23400,86,541,484,1111,Multiclass
ATP13A3,79572,8,114,149,271,Multiclass
ATP13A4,84239,0,21,174,195,Benign-only
ATP13A5,344905,0,11,155,166,Benign-only
ATP1A1,476,19,533,362,914,Multiclass
ATP1A1;ATP1A1-AS1,-1,0,1,0,1,Benign-only
ATP1A2,477,129,658,665,1452,Multiclass
ATP1A3,478,165,624,505,1294,Multiclass
ATP1A4,480,0,13,149,162,Benign-only
ATP1B1,481,0,10,25,35,Benign-only
ATP1B2,482,0,0,41,41,VUS/Other-only
ATP1B3,483,0,2,19,21,Benign-only
ATP1B4,23439,0,7,47,54,Benign-only
ATP23,91419,0,2,0,2,Benign-only
ATP2A1,487,66,406,424,896,Multiclass
ATP2A2,488,71,111,165,347,Multiclass
ATP2A3,489,0,18,132,150,Benign-only
ATP2B1,490,46,16,193,255,Multiclass
ATP2B2,491,50,267,285,602,Multiclass
ATP2B3,492,7,86,133,226,Multiclass
ATP2B4,493,0,101,179,280,Benign-only
ATP2C1,27032,43,89,135,267,Multiclass
ATP2C2,9914,0,60,284,344,Benign-only
ATP4A,495,0,93,171,264,Benign-only
ATP4B,496,0,6,50,56,Benign-only
ATP5F1A,498,5,151,130,286,Multiclass
ATP5F1B,506,1,2,42,45,Multiclass
ATP5F1C,509,0,2,36,38,Benign-only
ATP5F1D,513,0,67,93,160,Benign-only
ATP5F1E,514,0,22,15,37,Benign-only
ATP5IF1,93974,0,0,14,14,VUS/Other-only
ATP5MC1,516,0,0,18,18,VUS/Other-only
ATP5MC2,517,0,2,23,25,Benign-only
ATP5MC3,518,1,6,17,24,Multiclass
ATP5ME,521,0,0,18,18,VUS/Other-only
ATP5ME;PDE6B,-1,2,0,0,2,Pathogenic-only
ATP5MF,9551,0,0,11,11,VUS/Other-only
ATP5MF-PTCD1,100526740,0,10,64,74,Benign-only
ATP5MF-PTCD1;PTCD1,-1,0,0,1,1,VUS/Other-only
ATP5MG,10632,0,1,17,18,Benign-only
ATP5MGL,267020,0,6,15,21,Benign-only
ATP5MJ,9556,0,0,1,1,VUS/Other-only
ATP5MK,84833,2,2,8,12,Multiclass
ATP5PB,515,0,0,45,45,VUS/Other-only
ATP5PD,10476,0,0,23,23,VUS/Other-only
ATP5PF,522,0,1,13,14,Benign-only
ATP5PO,539,3,5,32,40,Multiclass
ATP6AP1,537,8,161,137,306,Multiclass
ATP6AP1;FAM50A;GDI1,-1,1,0,0,1,Pathogenic-only
ATP6AP1L,92270,0,6,25,31,Benign-only
ATP6AP2,10159,3,122,129,254,Multiclass
ATP6V0A1,535,6,7,119,132,Multiclass
ATP6V0A2,23545,69,402,322,793,Multiclass
ATP6V0A2;EIF2B1;GTF2H3;LOC126861665;LOC130009115;LOC130009116;LOC130009117;TCTN2,-1,0,0,1,1,VUS/Other-only
ATP6V0A4,50617,80,254,261,595,Multiclass
ATP6V0B,533,0,1,14,15,Benign-only
ATP6V0C,527,15,3,30,48,Multiclass
ATP6V0D1,9114,0,0,33,33,VUS/Other-only
ATP6V0D2,245972,0,31,68,99,Benign-only
ATP6V0E1,8992,0,0,10,10,VUS/Other-only
ATP6V0E2,155066,0,0,20,20,VUS/Other-only
ATP6V1A,523,20,184,219,423,Multiclass
ATP6V1B1,525,126,436,225,787,Multiclass
ATP6V1B2,526,16,43,114,173,Multiclass
ATP6V1C1,528,1,1,37,39,Multiclass
ATP6V1C2,245973,0,4,62,66,Benign-only
ATP6V1D,51382,0,0,17,17,VUS/Other-only
ATP6V1E1,529,1,144,52,197,Multiclass
ATP6V1E2,90423,0,1,26,27,Benign-only
ATP6V1F,9296,0,0,17,17,VUS/Other-only
ATP6V1G1,9550,0,0,17,17,VUS/Other-only
ATP6V1G2,534,0,1,13,14,Benign-only
ATP6V1G3,127124,0,3,17,20,Benign-only
ATP6V1H,51606,0,1,58,59,Benign-only
ATP7A,538,254,957,643,1854,Multiclass
ATP7A;COX7B,-1,0,2,0,2,Benign-only
ATP7A;PGAM4,-1,1,0,0,1,Pathogenic-only
ATP7A;PGAM4;PGK1,-1,0,1,0,1,Benign-only
ATP7A;PGK1,-1,0,3,0,3,Benign-only
ATP7B,540,819,1229,1174,3222,Multiclass
ATP8A1,10396,0,2,102,104,Benign-only
ATP8A2,51761,48,248,244,540,Multiclass
ATP8B1,5205,172,649,386,1207,Multiclass
ATP8B2,57198,0,4,88,92,Benign-only
ATP8B3,148229,1,39,258,298,Multiclass
ATP8B4,79895,0,10,159,169,Benign-only
ATP9A,10079,9,23,111,143,Multiclass
ATP9B,374868,0,16,171,187,Benign-only
ATPAF1,64756,0,2,14,16,Benign-only
ATPAF2,91647,3,89,132,224,Multiclass
ATPSCKMT,134145,0,2,37,39,Benign-only
ATR,545,135,1663,2204,4002,Multiclass
ATRAID,51374,0,4,40,44,Benign-only
ATRIP,84126,2,442,840,1284,Multiclass
ATRIP-TREX1;ATRIP;TREX1,-1,1,0,0,1,Pathogenic-only
ATRIP-TREX1;TREX1;ATRIP,-1,0,0,1,1,VUS/Other-only
ATRIP;ATRIP-TREX1;TREX1,-1,0,0,1,1,VUS/Other-only
ATRN,8455,0,173,287,460,Benign-only
ATRNL1,26033,0,6,171,177,Benign-only
ATRX,546,130,1442,816,2388,Multiclass
ATRX;FGF16,-1,2,0,0,2,Pathogenic-only
ATXN1,6310,0,33,114,147,Benign-only
ATXN10,25814,0,23,17,40,Benign-only
ATXN1L,342371,0,2,109,111,Benign-only
ATXN2,6311,4,34,160,198,Multiclass
ATXN2L,11273,0,7,141,148,Benign-only
ATXN3,4287,1,22,47,70,Multiclass
ATXN3;CPSF2;LOC108663987;LOC129390662;LOC129390663;LOC130056332;LOC130056333;NDUFB1;TRIP11,-1,0,0,1,1,VUS/Other-only
ATXN3;LOC108663987,-1,0,0,1,1,VUS/Other-only
ATXN3L,92552,0,4,34,38,Benign-only
ATXN7,6314,1,21,186,208,Multiclass
ATXN7;LOC108660406;LOC129936979,-1,0,0,1,1,VUS/Other-only
ATXN7L1,222255,0,5,122,127,Benign-only
ATXN7L2,127002,0,4,102,106,Benign-only
ATXN7L3,56970,1,6,32,39,Multiclass
ATXN7L3-AS1;UBTF,-1,0,1,1,2,Benign-only
ATXN7L3B,552889,0,0,15,15,VUS/Other-only
ATXN8OS,6315,0,6,0,6,Benign-only
ATXN8OS;KLHL1;LOC109461478;LOC126861795,-1,0,0,2,2,VUS/Other-only
ATXN8OS;KLHL1;LOC109461478;LOC126861795;LOC129390601,-1,0,0,1,1,VUS/Other-only
AUH,549,28,97,132,257,Multiclass
AUNIP,79000,0,2,47,49,Benign-only
AUP1,550,0,0,64,64,VUS/Other-only
AUP1;HTRA2,-1,0,0,1,1,VUS/Other-only
AURKA,6790,0,5,26,31,Benign-only
AURKAIP1,54998,0,1,29,30,Benign-only
AURKB,9212,0,2,28,30,Benign-only
AURKC,6795,4,23,51,78,Multiclass
AUTS2,26053,100,545,556,1201,Multiclass
AUTS2;CT66,-1,1,0,0,1,Pathogenic-only
AUTS2;LOC110121297;LOC129998555;LOC129998556,-1,1,0,0,1,Pathogenic-only
AUTS2;LOC110121299;LOC110121300;LOC126860068;LOC129998558;LOC129998559,-1,0,0,1,1,VUS/Other-only
AUTS2;LOC129998570;LOC129998571,-1,1,0,0,1,Pathogenic-only
AVEN,57099,0,2,73,75,Benign-only
AVEN;LOC126862094;RYR3,-1,0,0,1,1,VUS/Other-only
AVEN;RYR3;RYR3-DT,-1,0,0,1,1,VUS/Other-only
AVIL,10677,5,23,149,177,Multiclass
AVIL;TSFM,-1,0,1,0,1,Benign-only
AVL9,23080,0,4,78,82,Benign-only
AVP,551,21,32,74,127,Multiclass
AVPI1,60370,0,0,22,22,VUS/Other-only
AVPR1A,552,0,4,50,54,Benign-only
AVPR1B,553,0,9,83,92,Benign-only
AVPR2,554,99,162,97,358,Multiclass
AWAT1,158833,0,5,32,37,Benign-only
AWAT2,158835,0,3,23,26,Benign-only
AXDND1,126859,1,10,133,144,Multiclass
AXDND1;NPHS2,-1,1,1,0,2,Multiclass
AXIN1,8312,1,28,106,135,Multiclass
AXIN2,8313,202,1490,2315,4007,Multiclass
AXL,558,0,139,135,274,Benign-only
AZGP1,563,0,10,38,48,Benign-only
AZI2,64343,0,0,43,43,VUS/Other-only
AZIN1,51582,0,2,33,35,Benign-only
AZIN2,113451,0,6,51,57,Benign-only
AZU1,566,0,1,62,63,Benign-only
B2M,567,5,35,36,76,Multiclass
B3GALNT1,8706,0,0,31,31,VUS/Other-only
B3GALNT2,148789,57,237,233,527,Multiclass
B3GALNT2;TBCE,-1,0,0,2,2,VUS/Other-only
B3GALT1,8708,0,1,30,31,Benign-only
B3GALT1;B3GALT1-AS1,-1,0,0,1,1,VUS/Other-only
B3GALT2,8707,0,3,41,44,Benign-only
B3GALT2;CDC73,-1,0,1,0,1,Benign-only
B3GALT2;CDC73;LOC129932147,-1,0,0,1,1,VUS/Other-only
B3GALT4,8705,0,15,29,44,Benign-only
B3GALT6,126792,29,120,226,375,Multiclass
B3GAT1,27087,0,1,33,34,Benign-only
B3GAT1-DT,283177,0,1,0,1,Benign-only
B3GAT2,135152,0,0,46,46,VUS/Other-only
B3GAT3,26229,30,127,135,292,Multiclass
B3GLCT,145173,19,143,170,332,Multiclass
B3GNT2,10678,0,15,31,46,Benign-only
B3GNT3,10331,0,11,48,59,Benign-only
B3GNT4,79369,0,9,83,92,Benign-only
B3GNT5,84002,0,2,41,43,Benign-only
B3GNT6,192134,1,0,61,62,Pathogenic-only
B3GNT7,93010,0,4,52,56,Benign-only
B3GNT8,374907,0,19,78,97,Benign-only
B3GNT9,84752,0,1,64,65,Benign-only
B3GNTL1,146712,0,4,44,48,Benign-only
B3GNTL1;LOC121852957;LOC126862673;LOC126862674;LOC130062067;METRNL;TBCD,-1,0,0,1,1,VUS/Other-only
B3GNTL1;LOC121852957;LOC126862674;METRNL,-1,0,0,1,1,VUS/Other-only
B4GALNT1,2583,39,167,179,385,Multiclass
B4GALNT2,124872,0,12,86,98,Benign-only
B4GALNT3,283358,1,23,145,169,Multiclass
B4GALNT4,338707,0,16,193,209,Benign-only
B4GALT1,2683,0,60,74,134,Benign-only
B4GALT2,8704,0,2,51,53,Benign-only
B4GALT3,8703,0,1,36,37,Benign-only
B4GALT3;PPOX;USP21,-1,1,0,0,1,Pathogenic-only
B4GALT4,8702,0,3,37,40,Benign-only
B4GALT5,9334,0,6,25,31,Benign-only
B4GALT6,9331,0,1,37,38,Benign-only
B4GALT7,11285,23,204,201,428,Multiclass
B4GAT1,11041,5,121,111,237,Multiclass
B9D1,27077,13,125,107,245,Multiclass
B9D2,80776,10,45,47,102,Multiclass
B9D2;TGFB1,-1,0,1,0,1,Benign-only
BAALC,79870,0,2,20,22,Benign-only
BAAT,570,0,49,131,180,Benign-only
BABAM1,29086,0,2,35,37,Benign-only
BABAM2,9577,0,1,42,43,Benign-only
BACE1,23621,0,1,54,55,Benign-only
BACE2,25825,0,14,63,77,Benign-only
BACH1,571,0,3,96,99,Benign-only
BACH2,60468,0,233,338,571,Benign-only
BAD,572,0,2,25,27,Benign-only
BAG1,573,0,4,47,51,Benign-only
BAG2,9532,0,1,12,13,Benign-only
BAG2;RAB23,-1,0,1,1,2,Benign-only
BAG3,9531,153,381,743,1277,Multiclass
BAG4,9530,0,2,65,67,Benign-only
BAG5,9529,2,6,72,80,Multiclass
BAG6,7917,0,12,72,84,Benign-only
BAHCC1,57597,0,13,2,15,Benign-only
BAHD1,22893,0,3,131,134,Benign-only
BAIAP2,10458,0,18,74,92,Benign-only
BAIAP2L1,55971,0,8,86,94,Benign-only
BAIAP2L2,80115,0,6,114,120,Benign-only
BAIAP3,8938,0,25,261,286,Benign-only
BAK1,578,0,2,22,24,Benign-only
BAMBI,25805,0,3,39,42,Benign-only
BANF1,8815,0,16,16,32,Benign-only
BANF2,140836,0,0,8,8,VUS/Other-only
BANK1,55024,0,9,126,135,Benign-only
BANP,54971,0,2,64,66,Benign-only
BAP1,8314,427,1366,1369,3162,Multiclass
BAP1;PHF7,-1,1,0,0,1,Pathogenic-only
BARD1,580,634,1366,2132,4132,Multiclass
BARHL1,56751,0,0,40,40,VUS/Other-only
BARHL2,343472,0,1,57,58,Benign-only
BARX1,56033,0,0,35,35,VUS/Other-only
BARX2,8538,0,4,36,40,Benign-only
BASP1,10409,0,4,47,51,Benign-only
BATF,10538,0,0,7,7,VUS/Other-only
BATF2,116071,0,2,45,47,Benign-only
BATF3,55509,0,1,10,11,Benign-only
BAX,581,1,7,30,38,Multiclass
BAZ1A,11177,0,8,149,157,Benign-only
BAZ1B,9031,0,43,141,184,Benign-only
BAZ2A,11176,0,12,252,264,Benign-only
BAZ2B,29994,15,82,367,464,Multiclass
BAZ2B;BAZ2B-AS1,-1,0,1,0,1,Benign-only
BBC3,27113,0,19,38,57,Benign-only
BBIP1,92482,0,20,61,81,Benign-only
BBOF1,80127,0,3,57,60,Benign-only
BBOX1,8424,0,3,56,59,Benign-only
BBS1,582,206,523,331,1060,Multiclass
BBS10,79738,237,314,365,916,Multiclass
BBS10;OSBPL8,-1,1,0,0,1,Pathogenic-only
BBS12,166379,176,309,301,786,Multiclass
BBS12;LOC129993043,-1,1,0,0,1,Pathogenic-only
BBS1;ZDHHC24,-1,2,0,0,2,Pathogenic-only
BBS2,583,257,534,362,1153,Multiclass
BBS2;OGFOD1,-1,0,2,0,2,Benign-only
BBS4,585,151,348,284,783,Multiclass
BBS5,129880,64,200,148,412,Multiclass
BBS7,55212,132,332,307,771,Multiclass
BBS9,27241,137,565,417,1119,Multiclass
BBX,56987,0,8,125,133,Benign-only
BCAM,4059,1,17,104,122,Multiclass
BCAN,63827,0,12,132,144,Benign-only
BCAN;BCAN-AS1;BCAN-AS2;GPATCH4;HAPLN2;LOC101928177;LOC129931636;NAXE,-1,0,0,1,1,VUS/Other-only
BCAP29,55973,0,1,1,2,Benign-only
BCAP31,10134,13,112,81,206,Multiclass
BCAR1,9564,1,26,212,239,Multiclass
BCAR3,8412,0,10,143,153,Benign-only
BCAS1,8537,0,15,67,82,Benign-only
BCAS2,10286,0,1,18,19,Benign-only
BCAS3,54828,5,10,118,133,Multiclass
BCAS3-AS1;BCAS3,-1,0,1,0,1,Benign-only
BCAS3;BCAS3-AS1,-1,0,0,1,1,VUS/Other-only
BCAS4,55653,0,11,35,46,Benign-only
BCAT1,586,0,3,55,58,Benign-only
BCAT2,587,5,63,91,159,Multiclass
BCCIP,56647,0,4,34,38,Benign-only
BCCIP;DHX32,-1,0,1,0,1,Benign-only
BCDIN3D,144233,0,4,39,43,Benign-only
BCHE,590,28,14,117,159,Multiclass
BCKDHA,593,180,409,149,738,Multiclass
BCKDHB,594,217,384,173,774,Multiclass
BCKDHB;LOC123775377;LOC126859720;LOC126859721;LOC126859722,-1,0,0,1,1,VUS/Other-only
BCKDK,10295,12,67,92,171,Multiclass
BCL10,8915,5,60,52,117,Multiclass
BCL11A,53335,83,44,166,293,Multiclass
BCL11B,64919,63,417,421,901,Multiclass
BCL2,596,0,1,6,7,Benign-only
BCL2A1,597,0,2,20,22,Benign-only
BCL2L1,598,0,2,8,10,Benign-only
BCL2L10,10017,0,2,31,33,Benign-only
BCL2L11,10018,0,3,24,27,Benign-only
BCL2L12,83596,0,3,62,65,Benign-only
BCL2L13,23786,0,10,74,84,Benign-only
BCL2L14,79370,0,2,44,46,Benign-only
BCL2L15,440603,0,1,24,25,Benign-only
BCL2L2,599,0,0,9,9,VUS/Other-only
BCL2L2-PABPN1,100529063,0,0,6,6,VUS/Other-only
BCL2L2-PABPN1;PABPN1,-1,1,0,1,2,Pathogenic-only
BCL3,602,0,4,58,62,Benign-only
BCL6,604,0,10,56,66,Benign-only
BCL6B,255877,0,0,26,26,VUS/Other-only
BCL7A,605,0,1,21,22,Benign-only
BCL7B,9275,0,3,16,19,Benign-only
BCL7C,9274,0,1,29,30,Benign-only
BCL9,607,0,13,226,239,Benign-only
BCL9L,283149,0,22,275,297,Benign-only
BCLAF1,9774,0,18,112,130,Benign-only
BCLAF3,256643,0,0,9,9,VUS/Other-only
BCO1,53630,0,39,102,141,Benign-only
BCO1;PKD1L2,-1,0,1,0,1,Benign-only
BCO2,83875,0,9,70,79,Benign-only
BCOR,54880,101,267,360,728,Multiclass
BCORL1,63035,4,80,360,444,Multiclass
BCR,613,0,60,198,258,Benign-only
BCS1L,617,125,277,126,528,Multiclass
BDH1,622,0,8,55,63,Benign-only
BDH2,56898,0,2,35,37,Benign-only
BDKRB1,623,0,5,56,61,Benign-only
BDKRB2,624,0,8,44,52,Benign-only
BDNF,627,2,27,41,70,Multiclass
BDP1,55814,2,274,315,591,Multiclass
BEAN1,146227,0,23,61,84,Benign-only
BECN1,8678,0,4,38,42,Benign-only
BECN2,441925,0,4,0,4,Benign-only
BECN2;LOC126806071;LOC129388798;LOC129932891;MAP1LC3C;PLD5,-1,0,0,1,1,VUS/Other-only
BEGAIN,57596,0,4,73,77,Benign-only
BEND2,139105,0,22,70,92,Benign-only
BEND3,57673,0,7,102,109,Benign-only
BEND4,389206,0,6,105,111,Benign-only
BEND5,79656,0,3,49,52,Benign-only
BEND6,221336,0,1,30,31,Benign-only
BEND7,222389,0,3,60,63,Benign-only
BEST1,7439,303,241,306,850,Multiclass
BEST1;FTH1,-1,2,2,2,6,Multiclass
BEST2,54831,0,4,77,81,Benign-only
BEST3,144453,0,8,84,92,Benign-only
BEST4,266675,0,1,49,50,Benign-only
BET1,10282,1,0,13,14,Pathogenic-only
BET1L,51272,0,2,22,24,Benign-only
BETALINC1;LOC110121332;LOC112268271;LOC121627898;LOC130065517;LOC130065518;NKX2-2;NKX2-4;XRN2,-1,0,0,1,1,VUS/Other-only
BEX1,55859,0,0,20,20,VUS/Other-only
BEX2,84707,0,3,27,30,Benign-only
BEX3,27018,0,1,0,1,Benign-only
BEX4,56271,0,2,17,19,Benign-only
BEX5,340542,0,0,12,12,VUS/Other-only
BFAR,51283,0,2,60,62,Benign-only
BFSP1,631,3,112,137,252,Multiclass
BFSP2,8419,3,57,87,147,Multiclass
BGLAP,632,0,2,13,15,Benign-only
BGN,633,17,179,250,446,Multiclass
BHLHA15,168620,0,2,40,42,Benign-only
BHLHA9,727857,3,28,59,90,Multiclass
BHLHE22,27319,3,4,69,76,Multiclass
BHLHE23,128408,0,0,16,16,VUS/Other-only
BHLHE40,8553,0,3,60,63,Benign-only
BHLHE41,79365,0,12,84,96,Benign-only
BHMT,635,0,4,48,52,Benign-only
BHMT2,23743,0,3,59,62,Benign-only
BICC1,80114,5,164,260,429,Multiclass
BICD1,636,0,8,107,115,Benign-only
BICD2,23299,36,432,414,882,Multiclass
BICDL1,92558,0,0,3,3,VUS/Other-only
BICDL2,146439,0,1,5,6,Benign-only
BICRA,29998,42,135,421,598,Multiclass
BICRAL,23506,0,4,135,139,Benign-only
BID,637,0,5,45,50,Benign-only
BIK,638,0,7,21,28,Benign-only
BIN1,274,6,404,370,780,Multiclass
BIN2,51411,0,8,56,64,Benign-only
BIN3,55909,0,3,68,71,Benign-only
BIRC2,329,0,4,79,83,Benign-only
BIRC3,330,7,8,53,68,Multiclass
BIRC5,332,0,5,19,24,Benign-only
BIRC6,57448,0,54,516,570,Benign-only
BIRC6;BIRC6-AS2;MIR558,-1,1,0,0,1,Pathogenic-only
BIRC7,79444,0,10,39,49,Benign-only
BIVM,54841,0,5,9,14,Benign-only
BIVM-ERCC5,100533467,0,1,10,11,Benign-only
BIVM-ERCC5;ERCC5,-1,1,22,16,39,Multiclass
BIVM-ERCC5;ERCC5;LINC01309;LOC126861835;LOC130010080;LOC130010081;LOC130010082;LOC130010083;SLC10A2,-1,1,0,0,1,Pathogenic-only
BIVM-ERCC5;ERCC5;LOC126861834,-1,1,4,2,7,Multiclass
BIVM-ERCC5;LOC126861834;ERCC5,-1,0,0,1,1,VUS/Other-only
BLCAP,10904,0,0,6,6,VUS/Other-only
BLID,414899,0,0,21,21,VUS/Other-only
BLK,640,0,204,187,391,Benign-only
BLM,641,566,1640,2696,4902,Multiclass
BLMH,642,0,3,42,45,Benign-only
BLNK,29760,14,230,145,389,Multiclass
BLOC1S1,2647,0,0,28,28,VUS/Other-only
BLOC1S2,282991,0,0,8,8,VUS/Other-only
BLOC1S3,388552,0,102,87,189,Benign-only
BLOC1S4,55330,0,1,47,48,Benign-only
BLOC1S5,63915,5,8,39,52,Multiclass
BLOC1S6,26258,24,104,77,205,Multiclass
BLTP1,84162,51,153,540,744,Multiclass
BLTP2,9703,0,15,261,276,Benign-only
BLTP2;SPAG5-AS1,-1,0,0,1,1,VUS/Other-only
BLTP3A,54887,0,10,197,207,Benign-only
BLTP3B,23074,0,18,159,177,Benign-only
BLVRA,644,3,29,46,78,Multiclass
BLVRB,645,0,7,44,51,Benign-only
BLZF1,8548,0,3,44,47,Benign-only
BMAL1,406,0,5,45,50,Benign-only
BMAL2,56938,0,5,80,85,Benign-only
BMERB1,89927,0,0,2,2,VUS/Other-only
BMF,90427,0,2,28,30,Benign-only
BMI1,648,0,2,0,2,Benign-only
BMP1,649,47,691,293,1031,Multiclass
BMP10,27302,0,7,41,48,Benign-only
BMP15,9210,7,20,45,72,Multiclass
BMP15;LOC121627972;SHROOM4,-1,0,0,1,1,VUS/Other-only
BMP2,650,29,55,145,230,Multiclass
BMP2K,55589,0,4,96,100,Benign-only
BMP3,651,0,6,69,75,Benign-only
BMP4,652,12,73,171,256,Multiclass
BMP4;MIR5580,-1,1,0,0,1,Pathogenic-only
BMP5,653,2,7,66,75,Multiclass
BMP6,654,1,10,93,104,Multiclass
BMP7,655,0,53,70,123,Benign-only
BMP8A,353500,0,9,71,80,Benign-only
BMP8B,656,0,9,72,81,Benign-only
BMP8B;PPIE,-1,0,1,0,1,Benign-only
BMPER,168667,14,184,206,404,Multiclass
BMPR1A,657,305,1004,1225,2534,Multiclass
BMPR1A;LOC130004246;LOC130004247,-1,1,0,0,1,Pathogenic-only
BMPR1B,658,10,175,209,394,Multiclass
BMPR2,659,230,605,949,1784,Multiclass
BMS1,9790,0,44,177,221,Benign-only
BMX,660,0,9,51,60,Benign-only
BNC1,646,3,10,125,138,Multiclass
BNC2,54796,0,92,216,308,Benign-only
BNC2;BNC2-AS1;LOC110120657;LOC113839543;LOC126860585;LOC130001565;LOC130001566,-1,0,0,1,1,VUS/Other-only
BNIP1,662,0,0,49,49,VUS/Other-only
BNIP2,663,0,2,58,60,Benign-only
BNIP3,664,0,0,23,23,VUS/Other-only
BNIP3L,665,0,1,16,17,Benign-only
BNIP5,389384,0,5,3,8,Benign-only
BNIPL,149428,0,2,44,46,Benign-only
BOC,91653,0,19,186,205,Benign-only
BOD1,91272,2,0,25,27,Pathogenic-only
BOD1L1,259282,0,39,407,446,Benign-only
BOK,666,0,1,51,52,Benign-only
BOLA1,51027,0,0,24,24,VUS/Other-only
BOLA2;CORO1A,-1,0,1,0,1,Benign-only
BOLA3,388962,6,45,59,110,Multiclass
BOLL,66037,0,0,36,36,VUS/Other-only
BOP1,23246,0,3,26,29,Benign-only
BORA,79866,0,3,60,63,Benign-only
BORCS5,118426,1,1,26,28,Multiclass
BORCS6,54785,0,3,48,51,Benign-only
BORCS6;LOC105371520;LOC130060222;LOC130060223;LOC130060224;LOC130060225;MIR4521;SNORD118;TMEM107,-1,1,0,0,1,Pathogenic-only
BORCS7,119032,0,1,16,17,Benign-only
BORCS8,729991,2,1,28,31,Multiclass
BORCS8-MEF2B,4207,0,0,36,36,VUS/Other-only
BORCS8-MEF2B;MEF2B,-1,0,1,0,1,Benign-only
BPGM,669,1,14,34,49,Multiclass
BPHL,670,0,3,43,46,Benign-only
BPHL;TUBB2A,-1,1,0,0,1,Pathogenic-only
BPI,671,0,19,66,85,Benign-only
BPIFA1,51297,0,5,38,43,Benign-only
BPIFA2,140683,0,7,33,40,Benign-only
BPIFA3,128861,0,6,35,41,Benign-only
BPIFB1,92747,0,9,58,67,Benign-only
BPIFB2,80341,0,9,65,74,Benign-only
BPIFB3,359710,0,5,71,76,Benign-only
BPIFB4,149954,0,11,97,108,Benign-only
BPIFB6,128859,0,8,61,69,Benign-only
BPIFC,254240,0,6,64,70,Benign-only
BPNT1,10380,0,1,27,28,Benign-only
BPNT2,54928,8,99,193,300,Multiclass
BPTF,2186,69,332,692,1093,Multiclass
BPY2;CDY1B;DAZ1;DAZ2;LOC106144557;TTTY17A;TTTY3B;TTTY4,-1,0,0,1,1,VUS/Other-only
BPY2C;CDY1;DAZ3;DAZ4;LOC106144558;LOC108868753;TTTY17C;TTTY3;TTTY4C,-1,1,0,0,1,Pathogenic-only
BRAF,673,114,664,526,1304,Multiclass
BRAP,8315,0,7,62,69,Benign-only
BRAT1,221927,109,630,526,1265,Multiclass
BRCA1,672,4117,3642,2386,10146,Multiclass
BRCA1;LOC110485084;LOC111589215;LOC111589216;LOC126862571;NBR2,-1,1,0,0,1,Pathogenic-only
BRCA1;LOC111589215,-1,0,0,1,1,VUS/Other-only
BRCA1;LOC126862571,-1,5,0,0,5,Pathogenic-only
BRCA2,675,5593,5816,4186,15595,Multiclass
BRCC3,79184,0,5,6,11,Benign-only
BRD1,23774,0,33,96,129,Benign-only
BRD10,158358,0,17,402,419,Benign-only
BRD2,6046,0,31,96,127,Benign-only
BRD3,8019,0,10,70,80,Benign-only
BRD4,23476,29,476,409,914,Multiclass
BRD7,29117,0,4,79,83,Benign-only
BRD8,10902,0,7,118,125,Benign-only
BRD9,65980,0,11,88,99,Benign-only
BRDT,676,2,8,106,116,Multiclass
BRF1,2972,9,88,130,227,Multiclass
BRF1;BTBD6,-1,0,1,0,1,Benign-only
BRF1;PACS2,-1,0,1,0,1,Benign-only
BRF2,55290,0,1,67,68,Benign-only
BRI3,25798,0,2,17,19,Benign-only
BRI3BP,140707,0,2,33,35,Benign-only
BRICD5,283870,0,11,55,66,Benign-only
BRINP1,1620,0,5,2,7,Benign-only
BRINP2,57795,0,2,105,107,Benign-only
BRINP3,339479,0,1,97,98,Benign-only
BRIP1,83990,883,1821,3200,5904,Multiclass
BRIX1,55299,0,2,53,55,Benign-only
BRK1,55845,0,97,8,105,Benign-only
BRME1,79173,0,5,5,10,Benign-only
BRMS1,25855,0,6,45,51,Benign-only
BRMS1L,84312,0,0,25,25,VUS/Other-only
BRMS1L;LOC126861917;LOC130055499;LOC130055500;LOC130055501;RALGAPA1;SNORA101B,-1,1,0,0,1,Pathogenic-only
BROX,148362,0,3,39,42,Benign-only
BRPF1,7862,89,88,287,464,Multiclass
BRPF3,27154,0,2,161,163,Benign-only
BRS3,680,0,4,34,38,Benign-only
BRS3;HTATSF1;LOC130068749,-1,0,0,1,1,VUS/Other-only
BRSK1,84446,1,1,67,69,Multiclass
BRSK2,9024,32,89,169,290,Multiclass
BRWD1,54014,2,22,244,268,Multiclass
BRWD3,254065,62,346,464,872,Multiclass
BRWD3;HMGN5;LOC130068471;LOC130068472;LOC130068473;LOC130068474;SH3BGRL,-1,0,0,1,1,VUS/Other-only
BSCL2,26580,51,218,321,590,Multiclass
BSCL2;GNG3;HNRNPUL2-BSCL2;LOC126861228,-1,0,0,1,1,VUS/Other-only
BSCL2;HNRNPUL2-BSCL2,-1,1,0,0,1,Pathogenic-only
BSDC1,55108,0,2,60,62,Benign-only
BSG,682,0,11,39,50,Benign-only
BSN,8927,6,51,689,746,Multiclass
BSND,7809,37,218,104,359,Multiclass
BSPH1,100131137,0,1,27,28,Benign-only
BSPRY,54836,0,5,83,88,Benign-only
BST1,683,0,9,51,60,Benign-only
BST2,684,0,3,17,20,Benign-only
BSX,390259,0,4,24,28,Benign-only
BTAF1,9044,0,81,159,240,Benign-only
BTBD1,53339,0,1,45,46,Benign-only
BTBD10,84280,0,0,38,38,VUS/Other-only
BTBD16,118663,0,12,79,91,Benign-only
BTBD17,388419,0,81,62,143,Benign-only
BTBD18,643376,0,6,94,100,Benign-only
BTBD19,149478,0,3,48,51,Benign-only
BTBD2,55643,0,8,89,97,Benign-only
BTBD3,22903,0,1,44,45,Benign-only
BTBD6,90135,0,10,85,95,Benign-only
BTBD7,55727,0,4,152,156,Benign-only
BTBD8,284697,0,5,29,34,Benign-only
BTBD9,114781,0,3,72,75,Benign-only
BTC,685,0,5,39,44,Benign-only
BTD,686,231,241,195,667,Multiclass
BTD;COLQ;EAF1;HACL1;MIR4270,-1,1,0,0,1,Pathogenic-only
BTF3,689,0,0,14,14,VUS/Other-only
BTF3L4,91408,0,0,11,11,VUS/Other-only
BTG1,694,0,0,15,15,VUS/Other-only
BTG2,7832,0,0,14,14,VUS/Other-only
BTG3,10950,0,3,30,33,Benign-only
BTG4,54766,2,1,31,34,Multiclass
BTK,695,306,273,194,773,Multiclass
BTK;TIMM8A,-1,2,0,0,2,Pathogenic-only
BTLA,151888,0,1,19,20,Benign-only
BTN1A1,696,0,6,66,72,Benign-only
BTN2A1,11120,0,15,84,99,Benign-only
BTN2A2,10385,0,12,77,89,Benign-only
BTN3A1,11119,0,8,57,65,Benign-only
BTN3A2,11118,0,5,49,54,Benign-only
BTN3A3,10384,0,13,97,110,Benign-only
BTNL2,56244,0,9,38,47,Benign-only
BTNL2;TSBP1-AS1,-1,0,1,1,2,Benign-only
BTNL3,10917,0,11,63,74,Benign-only
BTNL8,79908,0,12,67,79,Benign-only
BTNL9,153579,0,11,107,118,Benign-only
BTNL9;MIR8089;OR2V1;TRL-AAG1-1;TRL-AAG1-2;TRV-CAC1-2;TRV-CAC1-3,-1,0,1,0,1,Benign-only
BTRC,8945,0,33,76,109,Benign-only
BTRC;LINC02681;LINC03191;LOC126861018;LOC129390224;LOC130004554;LOC130004555;LOC130004556,-1,1,0,0,1,Pathogenic-only
BUB1,699,1,523,966,1490,Multiclass
BUB1B,701,78,843,1482,2403,Multiclass
BUB1B;BUB1B-PAK6;PAK6,-1,1,0,0,1,Pathogenic-only
BUB3,9184,0,179,271,450,Benign-only
BUD13,84811,1,13,107,121,Multiclass
BUD23,114049,0,4,48,52,Benign-only
BUD31,8896,0,0,14,14,VUS/Other-only
BVES,11149,2,8,9,19,Multiclass
BYSL,705,0,7,65,72,Benign-only
BZW1,9689,0,1,26,27,Benign-only
BZW2,28969,0,1,39,40,Benign-only
C10orf105,414152,0,4,0,4,Benign-only
C10orf105;CDH23,-1,1,0,1,2,Pathogenic-only
C10orf113;NEBL,-1,0,1,0,1,Benign-only
C10orf120,399814,0,0,5,5,VUS/Other-only
C10orf53,282966,0,0,2,2,VUS/Other-only
C10orf62,414157,0,0,2,2,VUS/Other-only
C10orf67,256815,0,0,1,1,VUS/Other-only
C10orf67;PTF1A,-1,1,0,0,1,Pathogenic-only
C10orf71,118461,2,9,18,29,Multiclass
C10orf88,80007,0,0,5,5,VUS/Other-only
C10orf90,118611,0,11,8,19,Benign-only
C10orf95,79946,0,0,3,3,VUS/Other-only
C11orf16,56673,0,1,4,5,Benign-only
C11orf21,29125,0,2,2,4,Benign-only
C11orf24,53838,0,3,1,4,Benign-only
C11orf40,143501,0,0,3,3,VUS/Other-only
C11orf42,160298,0,2,4,6,Benign-only
C11orf52,91894,0,0,2,2,VUS/Other-only
C11orf54,28970,0,0,1,1,VUS/Other-only
C11orf65,160140,0,0,2,2,VUS/Other-only
C11orf65;ATM,-1,1,3,1,5,Multiclass
C11orf68,83638,0,0,2,2,VUS/Other-only
C11orf71,54494,0,0,1,1,VUS/Other-only
C11orf86,254439,0,0,4,4,VUS/Other-only
C11orf87,399947,0,0,1,1,VUS/Other-only
C11orf91,100131378,0,0,3,3,VUS/Other-only
C11orf97,643037,0,0,4,4,VUS/Other-only
C12orf4,57102,3,0,1,4,Pathogenic-only
C12orf42,374470,0,1,3,4,Benign-only
C12orf43,64897,1,1,3,5,Multiclass
C12orf50,160419,0,0,4,4,VUS/Other-only
C12orf54,121273,0,0,1,1,VUS/Other-only
C12orf56,115749,0,1,7,8,Benign-only
C12orf57,113246,21,129,98,248,Multiclass
C12orf57;RNU7-1,-1,3,7,1,11,Multiclass
C12orf60,144608,0,1,1,2,Benign-only
C12orf71,728858,0,0,4,4,VUS/Other-only
C12orf75,387882,0,0,2,2,VUS/Other-only
C14orf180,400258,0,0,1,1,VUS/Other-only
C14orf39,317761,3,8,8,19,Multiclass
C14orf93,60686,0,3,6,9,Benign-only
C15orf39,56905,0,1,17,18,Benign-only
C15orf40,123207,0,0,2,2,VUS/Other-only
C15orf48,84419,0,0,1,1,VUS/Other-only
C15orf61,145853,0,0,3,3,VUS/Other-only
C15orf62,643338,0,0,1,1,VUS/Other-only
C16orf46,123775,0,0,5,5,VUS/Other-only
C16orf47;ZFHX3,-1,0,1,0,1,Benign-only
C16orf54,283897,0,0,1,1,VUS/Other-only
C16orf74,404550,0,0,2,2,VUS/Other-only
C16orf78,123970,0,0,5,5,VUS/Other-only
C16orf82,162083,0,0,1,1,VUS/Other-only
C16orf86,388284,0,0,1,1,VUS/Other-only
C16orf89,146556,0,2,5,7,Benign-only
C16orf92,146378,0,0,1,1,VUS/Other-only
C16orf96,342346,0,10,20,30,Benign-only
C17orf107,100130311,0,2,2,4,Benign-only
C17orf107;CHRNE,-1,0,0,2,2,VUS/Other-only
C17orf67,339210,0,0,1,1,VUS/Other-only
C17orf75,64149,0,0,3,3,VUS/Other-only
C17orf78,284099,0,1,2,3,Benign-only
C18orf32,497661,0,0,3,3,VUS/Other-only
C18orf54,162681,0,1,0,1,Benign-only
C18orf63,644041,0,0,4,4,VUS/Other-only
C19orf12,83636,29,116,168,313,Multiclass
C19orf25,148223,0,0,2,2,VUS/Other-only
C19orf33,64073,0,0,1,1,VUS/Other-only
C19orf38,255809,0,1,0,1,Benign-only
C19orf44,84167,0,1,11,12,Benign-only
C19orf47,126526,0,1,0,1,Benign-only
C19orf81,342918,0,0,3,3,VUS/Other-only
C19orf84,147646,0,1,1,2,Benign-only
C1D,10438,0,1,17,18,Benign-only
C1GALT1,56913,0,5,44,49,Benign-only
C1GALT1C1,29071,4,16,34,54,Multiclass
C1GALT1C1L,728819,0,0,49,49,VUS/Other-only
C1QA,712,11,64,82,157,Multiclass
C1QB,713,7,64,78,149,Multiclass
C1QBP,708,10,115,72,197,Multiclass
C1QC,714,2,92,76,170,Multiclass
C1QL1,10882,0,0,40,40,VUS/Other-only
C1QL2,165257,0,1,36,37,Benign-only
C1QL3,389941,0,1,29,30,Benign-only
C1QL4,338761,0,1,41,42,Benign-only
C1QTNF1,114897,0,3,42,45,Benign-only
C1QTNF12,388581,0,8,88,96,Benign-only
C1QTNF2,114898,0,1,62,63,Benign-only
C1QTNF3,114899,0,1,34,35,Benign-only
C1QTNF3-AMACR,100534612,0,0,1,1,VUS/Other-only
C1QTNF3-AMACR;AMACR,-1,0,2,0,2,Benign-only
C1QTNF4,114900,0,1,80,81,Benign-only
C1QTNF5,114902,4,78,116,198,Multiclass
C1QTNF5;MFRP,-1,0,13,47,60,Benign-only
C1QTNF6,114904,0,5,52,57,Benign-only
C1QTNF7,114905,0,2,47,49,Benign-only
C1QTNF8,390664,0,1,69,70,Benign-only
C1QTNF9,338872,0,3,51,54,Benign-only
C1QTNF9B,387911,0,8,60,68,Benign-only
C1R,715,18,91,42,151,Multiclass
C1R;C1RL,-1,1,0,0,1,Pathogenic-only
C1RL,51279,0,12,66,78,Benign-only
C1S,716,34,254,383,671,Multiclass
C1orf105,92346,0,0,2,2,VUS/Other-only
C1orf105;PIGC,-1,0,2,0,2,Benign-only
C1orf115,79762,0,2,3,5,Benign-only
C1orf116,79098,0,2,8,10,Benign-only
C1orf122,127687,0,0,2,2,VUS/Other-only
C1orf122;YRDC,-1,1,0,0,1,Pathogenic-only
C1orf141,400757,0,1,0,1,Benign-only
C1orf146,388649,1,0,1,2,Pathogenic-only
C1orf159,54991,0,0,5,5,VUS/Other-only
C1orf162,128346,0,0,2,2,VUS/Other-only
C1orf167,284498,0,3,0,3,Benign-only
C1orf167;MTHFR,-1,0,0,1,1,VUS/Other-only
C1orf174,339448,0,0,4,4,VUS/Other-only
C1orf185,284546,0,0,3,3,VUS/Other-only
C1orf198,84886,0,0,7,7,VUS/Other-only
C1orf21,81563,0,0,3,3,VUS/Other-only
C1orf210,149466,0,1,0,1,Benign-only
C1orf216,127703,0,0,2,2,VUS/Other-only
C1orf226,400793,0,0,3,3,VUS/Other-only
C1orf35,79169,0,0,2,2,VUS/Other-only
C1orf43,25912,0,0,1,1,VUS/Other-only
C1orf50,79078,0,0,1,1,VUS/Other-only
C1orf53,388722,0,0,3,3,VUS/Other-only
C1orf56,54964,0,1,3,4,Benign-only
C1orf74,148304,0,0,2,2,VUS/Other-only
C1orf87,127795,0,1,4,5,Benign-only
C1orf94,84970,0,2,6,8,Benign-only
C2,717,29,190,209,428,Multiclass
C2-AS1;C2;CFB,-1,0,0,1,1,VUS/Other-only
C20orf141,128653,0,1,0,1,Benign-only
C20orf144,128864,0,1,3,4,Benign-only
C20orf173,140873,0,0,1,1,VUS/Other-only
C20orf202,400831,0,0,1,1,VUS/Other-only
C20orf203,284805,0,0,3,3,VUS/Other-only
C20orf96,140680,0,2,3,5,Benign-only
C21orf58,54058,0,1,2,3,Benign-only
C21orf91,54149,0,1,1,2,Benign-only
C22orf15,150248,0,0,4,4,VUS/Other-only
C22orf23,84645,0,0,1,1,VUS/Other-only
C22orf31,25770,0,0,5,5,VUS/Other-only
C22orf42,150297,0,0,2,2,VUS/Other-only
C2;CFB,-1,0,1,0,1,Benign-only
C2;ZBTB12,-1,0,1,0,1,Benign-only
C2CD2,25966,0,14,72,86,Benign-only
C2CD2L,9854,0,8,102,110,Benign-only
C2CD3,26005,81,529,516,1126,Multiclass
C2CD4A,145741,0,5,85,90,Benign-only
C2CD4B,388125,0,7,98,105,Benign-only
C2CD4C,126567,0,5,93,98,Benign-only
C2CD4D,100191040,0,1,75,76,Benign-only
C2CD5,9847,0,2,103,105,Benign-only
C2CD6,151254,0,12,127,139,Benign-only
C2orf15,150590,0,1,2,3,Benign-only
C2orf42,54980,0,0,6,6,VUS/Other-only
C2orf68,388969,0,0,3,3,VUS/Other-only
C2orf69,205327,2,18,8,28,Multiclass
C2orf72,257407,0,0,3,3,VUS/Other-only
C2orf76,130355,0,0,1,1,VUS/Other-only
C2orf78,388960,0,0,6,6,VUS/Other-only
C2orf80,389073,0,0,4,4,VUS/Other-only
C2orf81,388963,0,1,3,4,Benign-only
C2orf88,84281,0,0,1,1,VUS/Other-only
C3,718,76,740,911,1727,Multiclass
C3AR1,719,0,7,68,75,Benign-only
C3orf18,51161,0,0,3,3,VUS/Other-only
C3orf33,285315,0,0,1,1,VUS/Other-only
C3orf38,285237,0,0,2,2,VUS/Other-only
C3orf52,79669,2,1,8,11,Multiclass
C3orf62,375341,0,1,2,3,Benign-only
C3orf70,285382,0,0,4,4,VUS/Other-only
C3orf80,401097,0,1,1,2,Benign-only
C3orf85;GUCA1C;LINC00488;LOC129937216;MORC1;MORC1-AS1;TRAT1,-1,0,0,1,1,VUS/Other-only
C4A,720,0,15,53,68,Benign-only
C4B,721,3,8,73,84,Multiclass
C4BPA,722,0,28,65,93,Benign-only
C4BPB,725,0,28,24,52,Benign-only
C4orf17,84103,0,1,1,2,Benign-only
C4orf33,132321,0,0,4,4,VUS/Other-only
C4orf46,201725,0,0,2,2,VUS/Other-only
C4orf46;ETFDH;LOC123493226;PPID;RXFP1,-1,0,0,1,1,VUS/Other-only
C4orf50,389197,0,5,0,5,Benign-only
C4orf51,646603,0,0,1,1,VUS/Other-only
C4orf54,285556,0,19,1,20,Benign-only
C5,727,53,441,377,871,Multiclass
C5AR1,728,0,10,57,67,Benign-only
C5AR2,27202,0,14,74,88,Benign-only
C5orf15,56951,0,0,6,6,VUS/Other-only
C5orf22,55322,0,0,2,2,VUS/Other-only
C5orf34,375444,0,1,8,9,Benign-only
C5orf47,133491,0,0,1,1,VUS/Other-only
C5orf52,100190949,0,0,2,2,VUS/Other-only
C5orf58,133874,0,1,1,2,Benign-only
C6,729,62,249,299,610,Multiclass
C6orf118,168090,0,0,8,8,VUS/Other-only
C6orf132,647024,0,3,20,23,Benign-only
C6orf136,221545,0,1,1,2,Benign-only
C6orf15,29113,0,2,6,8,Benign-only
C6orf15;CDSN;PSORS1C1,-1,1,0,0,1,Pathogenic-only
C6orf163,206412,0,0,4,4,VUS/Other-only
C6orf201,404220,0,0,2,2,VUS/Other-only
C6orf47,57827,1,0,2,3,Pathogenic-only
C6orf52,347744,0,0,2,2,VUS/Other-only
C6orf58,352999,0,0,4,4,VUS/Other-only
C6orf62,81688,0,0,1,1,VUS/Other-only
C6orf89,221477,0,0,2,2,VUS/Other-only
C7,730,58,293,297,648,Multiclass
C7;LOC126807373,-1,0,0,2,2,VUS/Other-only
C7orf25,79020,0,0,3,3,VUS/Other-only
C7orf57,136288,0,1,4,5,Benign-only
C8A,731,27,219,195,441,Multiclass
C8B,732,40,179,210,429,Multiclass
C8G,733,0,5,44,49,Benign-only
C8orf17;TRAPPC9,-1,0,7,0,7,Benign-only
C8orf33,65265,0,4,1,5,Benign-only
C8orf33;LOC130001428;LOC130001429;LOC130001430;LOC130001431;LOC130001432;ZNF16;ZNF252P-AS1,-1,0,0,1,1,VUS/Other-only
C8orf33;LOC130001430;LOC130001431;LOC130001432;ZNF252P-AS1,-1,0,0,1,1,VUS/Other-only
C8orf34,116328,0,1,2,3,Benign-only
C8orf48,157773,0,4,4,8,Benign-only
C8orf58,541565,0,2,6,8,Benign-only
C8orf74,203076,0,1,5,6,Benign-only
C8orf74;LOC129389955;LOC129999851;MIR4286;PRSS51;PRSS55;RP1L1,-1,1,0,0,1,Pathogenic-only
C8orf76,84933,0,0,2,2,VUS/Other-only
C8orf82,414919,0,1,4,5,Benign-only
C9,735,46,176,194,416,Multiclass
C9orf152,401546,0,1,0,1,Benign-only
C9orf163,158055,0,1,0,1,Benign-only
C9orf43,257169,0,1,3,4,Benign-only
C9orf50,375759,0,3,1,4,Benign-only
C9orf57,138240,0,0,2,2,VUS/Other-only
C9orf72,203228,1,27,50,78,Multiclass
C9orf85,138241,0,0,2,2,VUS/Other-only
CA1,759,0,5,30,35,Benign-only
CA10,56934,0,0,36,36,VUS/Other-only
CA11,770,0,0,31,31,VUS/Other-only
CA12,771,6,40,60,106,Multiclass
CA13,377677,0,3,31,34,Benign-only
CA14,23632,0,6,58,64,Benign-only
CA2,760,16,93,95,204,Multiclass
CA3,761,0,0,19,19,VUS/Other-only
CA4,762,14,132,181,327,Multiclass
CA5A,763,8,95,110,213,Multiclass
CA5B,11238,0,3,45,48,Benign-only
CA6,765,0,7,47,54,Benign-only
CA7,766,0,3,22,25,Benign-only
CA8,767,4,46,33,83,Multiclass
CA9,768,0,12,71,83,Benign-only
CAAP1,79886,0,3,50,53,Benign-only
CAB39,51719,0,0,13,13,VUS/Other-only
CAB39L,81617,0,2,40,42,Benign-only
CABCOCO1,219621,0,0,2,2,VUS/Other-only
CABIN1,23523,0,77,296,373,Benign-only
CABLES1,91768,0,6,111,117,Benign-only
CABLES2,81928,0,3,99,102,Benign-only
CABP1,9478,0,1,14,15,Benign-only
CABP2,51475,9,57,68,134,Multiclass
CABP4,57010,28,132,201,361,Multiclass
CABP5,56344,0,2,33,35,Benign-only
CABP7,164633,0,0,30,30,VUS/Other-only
CABP7-DT;NF2,-1,0,0,1,1,VUS/Other-only
CABS1,85438,0,6,51,57,Benign-only
CABYR,26256,0,1,78,79,Benign-only
CACFD1,11094,0,3,47,50,Benign-only
CACHD1,57685,0,4,156,160,Benign-only
CACNA1A,773,533,1627,1820,3980,Multiclass
CACNA1A;LOC126862864,-1,2,0,0,2,Pathogenic-only
CACNA1A;LOC126862866,-1,0,0,1,1,VUS/Other-only
CACNA1B,774,51,1119,674,1844,Multiclass
CACNA1B;LOC101928786,-1,0,1,1,2,Benign-only
CACNA1C,775,89,1903,1416,3408,Multiclass
CACNA1C;CACNA1C-AS1,-1,0,2,4,6,Benign-only
CACNA1C;CACNA1C-AS1;LINC02371;LOC130007181,-1,1,0,0,1,Pathogenic-only
CACNA1C;CACNA1C-AS1;LOC130007181,-1,1,0,0,1,Pathogenic-only
CACNA1D,776,18,1255,1280,2553,Multiclass
CACNA1E,777,35,1558,812,2405,Multiclass
CACNA1F,778,153,527,730,1410,Multiclass
CACNA1F;LOC126863257,-1,0,0,1,1,VUS/Other-only
CACNA1G,8913,27,559,802,1388,Multiclass
CACNA1H,8912,8,2065,1570,3643,Multiclass
CACNA1I,8911,2,66,481,549,Multiclass
CACNA1S,779,125,1418,1549,3094,Multiclass
CACNA2D1,781,1,681,404,1086,Multiclass
CACNA2D2,9254,74,718,473,1265,Multiclass
CACNA2D3,55799,0,9,141,150,Benign-only
CACNA2D3;LRTM1,-1,0,1,0,1,Benign-only
CACNA2D4,93589,4,522,754,1280,Multiclass
CACNB1,782,1,8,68,77,Multiclass
CACNB2,783,0,527,541,1068,Benign-only
CACNB3,784,0,1,67,68,Benign-only
CACNB4,785,2,110,186,298,Multiclass
CACNG1,786,0,2,40,42,Benign-only
CACNG2,10369,0,11,53,64,Benign-only
CACNG3,10368,0,0,19,19,VUS/Other-only
CACNG4,27092,0,0,42,42,VUS/Other-only
CACNG5,27091,0,1,50,51,Benign-only
CACNG6,59285,0,1,59,60,Benign-only
CACNG7,59284,0,0,32,32,VUS/Other-only
CACNG8,59283,0,1,68,69,Benign-only
CACTIN,58509,0,6,77,83,Benign-only
CACUL1,143384,0,2,42,44,Benign-only
CACYBP,27101,0,2,19,21,Benign-only
CAD,790,96,1470,723,2289,Multiclass
CADM1,23705,0,17,35,52,Benign-only
CADM2,253559,0,5,34,39,Benign-only
CADM3,57863,1,13,67,81,Multiclass
CADM4,199731,0,0,42,42,VUS/Other-only
CADPS,8618,0,11,141,152,Benign-only
CADPS2,93664,0,27,148,175,Benign-only
CAGE1,285782,0,8,92,100,Benign-only
CALB1,793,0,2,16,18,Benign-only
CALB2,794,0,2,39,41,Benign-only
CALCA,796,0,3,29,32,Benign-only
CALCA;CALCB;INSC;LOC124421499;LOC130005374;LOC130005375;LOC130005376;LOC130005377;LOC130005378,-1,0,0,1,1,VUS/Other-only
CALCB,797,0,3,29,32,Benign-only
CALCOCO1,57658,0,6,92,98,Benign-only
CALCOCO2,10241,0,4,47,51,Benign-only
CALCR,799,0,61,55,116,Benign-only
CALCRL,10203,0,6,29,35,Benign-only
CALD1,800,0,16,103,119,Benign-only
CALHM1,255022,1,1,70,72,Multiclass
CALHM2,51063,0,0,62,62,VUS/Other-only
CALHM3,119395,0,4,64,68,Benign-only
CALHM4,221301,0,0,23,23,VUS/Other-only
CALHM5,254228,0,1,51,52,Benign-only
CALHM6,441168,0,2,47,49,Benign-only
CALM1,801,20,126,38,184,Multiclass
CALM2,805,18,135,66,219,Multiclass
CALM3,808,7,144,52,203,Multiclass
CALML3,810,0,1,25,26,Benign-only
CALML4,91860,0,4,26,30,Benign-only
CALML5,51806,0,2,17,19,Benign-only
CALML6,163688,0,3,23,26,Benign-only
CALN1,83698,0,2,26,28,Benign-only
CALN1;LOC126860070;LOC129389812;LOC129998579,-1,0,0,1,1,VUS/Other-only
CALN1;LOC132089555,-1,0,0,1,1,VUS/Other-only
CALR,811,2,22,39,63,Multiclass
CALR3,125972,0,168,211,379,Benign-only
CALU,813,1,1,31,33,Multiclass
CALY,50632,0,1,31,32,Benign-only
CAMK1,8536,0,3,53,56,Benign-only
CAMK1;OGG1,-1,0,0,1,1,VUS/Other-only
CAMK1D,57118,1,4,29,34,Multiclass
CAMK1G,57172,0,3,67,70,Benign-only
CAMK2A,815,20,48,94,162,Multiclass
CAMK2B,816,18,545,334,897,Multiclass
CAMK2D,817,6,8,48,62,Multiclass
CAMK2G,818,4,17,88,109,Multiclass
CAMK2N1,55450,0,0,2,2,VUS/Other-only
CAMK2N2,94032,0,0,5,5,VUS/Other-only
CAMK4,814,2,11,81,94,Multiclass
CAMKK1,84254,0,3,74,77,Benign-only
CAMKK2,10645,0,16,64,80,Benign-only
CAMKMT,79823,0,6,57,63,Benign-only
CAMKMT;LOC126806204;LOC129388859;PREPL;SLC3A1,-1,1,0,0,1,Pathogenic-only
CAMKMT;LOC126806204;PREPL;SLC3A1,-1,0,0,1,1,VUS/Other-only
CAMKV,79012,0,6,28,34,Benign-only
CAMLG,819,0,0,33,33,VUS/Other-only
CAMP,820,0,4,4,8,Benign-only
CAMSAP1,157922,6,41,228,275,Multiclass
CAMSAP2,23271,0,4,147,151,Benign-only
CAMSAP3,57662,0,12,168,180,Benign-only
CAMTA1,23261,90,306,477,873,Multiclass
CAMTA1;LOC126805603,-1,0,0,2,2,VUS/Other-only
CAMTA2,23125,0,13,186,199,Benign-only
CAND1,55832,0,0,72,72,VUS/Other-only
CAND2,23066,0,19,226,245,Benign-only
CANT1,124583,44,221,159,424,Multiclass
CANX,821,0,4,50,54,Benign-only
CAP1,10487,0,3,68,71,Benign-only
CAP2,10486,1,4,71,76,Multiclass
CAPG,822,0,7,38,45,Benign-only
CAPN1,823,49,146,162,357,Multiclass
CAPN10,11132,4,36,121,161,Multiclass
CAPN11,11131,0,9,98,107,Benign-only
CAPN12,147968,0,74,174,248,Benign-only
CAPN13,92291,0,12,117,129,Benign-only
CAPN14,440854,0,12,122,134,Benign-only
CAPN15,6650,3,80,259,342,Multiclass
CAPN2,824,0,8,121,129,Benign-only
CAPN3,825,511,748,641,1900,Multiclass
CAPN3;GANC;LOC126862114;LOC126862115;LOC130056918;LOC130056919;TMEM87A,-1,0,0,1,1,VUS/Other-only
CAPN5,726,3,280,396,679,Multiclass
CAPN6,827,1,13,41,55,Multiclass
CAPN7,23473,0,7,87,94,Benign-only
CAPN8,388743,0,7,71,78,Benign-only
CAPN9,10753,0,7,100,107,Benign-only
CAPNS1,826,2,3,34,39,Multiclass
CAPNS2,84290,0,0,33,33,VUS/Other-only
CAPRIN1,4076,25,12,114,151,Multiclass
CAPRIN2,65981,0,12,135,147,Benign-only
CAPS,828,0,5,49,54,Benign-only
CAPS2,84698,0,9,86,95,Benign-only
CAPSL,133690,0,1,38,39,Benign-only
CAPZA1,829,0,2,36,38,Benign-only
CAPZA2,830,2,0,46,48,Pathogenic-only
CAPZA3,93661,0,0,45,45,VUS/Other-only
CAPZB,832,0,3,12,15,Benign-only
CARD10,29775,1,15,153,169,Multiclass
CARD11,84433,37,682,511,1230,Multiclass
CARD11;CARD11-AS1,-1,1,0,0,1,Pathogenic-only
CARD14,79092,9,588,715,1312,Multiclass
CARD14;SGSH,-1,1,0,0,1,Pathogenic-only
CARD16,114769,0,2,21,23,Benign-only
CARD17,440068,0,2,20,22,Benign-only
CARD18,59082,0,0,13,13,VUS/Other-only
CARD19,84270,0,1,35,36,Benign-only
CARD6,84674,0,20,139,159,Benign-only
CARD8,22900,1,185,290,476,Multiclass
CARD9,64170,24,288,281,593,Multiclass
CARF,79800,0,17,84,101,Benign-only
CARHSP1,23589,0,1,50,51,Benign-only
CARM1,10498,0,5,43,48,Benign-only
CARMIL1,55604,0,0,9,9,VUS/Other-only
CARMIL2,146206,79,661,477,1217,Multiclass
CARMIL3,90668,0,0,15,15,VUS/Other-only
CARNMT1,138199,0,2,48,50,Benign-only
CARNS1,57571,0,6,175,181,Benign-only
CARS1,833,3,39,146,188,Multiclass
CARS2,79587,6,427,373,806,Multiclass
CARTPT,9607,0,12,13,25,Benign-only
CARTPT;MCCC2,-1,0,0,1,1,VUS/Other-only
CASC15;LOC129995974;LOC129995975,-1,0,0,1,1,VUS/Other-only
CASC3,22794,0,4,82,86,Benign-only
CASD1,64921,0,1,84,85,Benign-only
CASD1;COL1A2;COL1A2-AS1;LOC129998822,-1,0,0,1,1,VUS/Other-only
CASD1;SGCE,-1,3,0,1,4,Pathogenic-only
CASK,8573,188,384,321,893,Multiclass
CASK;GPR34;GPR82;LOC130068169;LOC130068170;LOC130068171,-1,1,0,0,1,Pathogenic-only
CASK;GPR34;GPR82;LOC130068171,-1,1,0,0,1,Pathogenic-only
CASK;GPR82,-1,1,3,0,4,Multiclass
CASKIN1,57524,0,14,288,302,Benign-only
CASKIN2,57513,0,5,250,255,Benign-only
CASP1,834,0,13,49,62,Benign-only
CASP10,843,2,224,383,609,Multiclass
CASP12,100506742,0,6,42,48,Benign-only
CASP14,23581,0,24,59,83,Benign-only
CASP2,835,5,11,45,61,Multiclass
CASP3,836,0,5,15,20,Benign-only
CASP4,837,0,7,46,53,Benign-only
CASP5,838,0,10,63,73,Benign-only
CASP6,839,0,1,31,32,Benign-only
CASP7,840,0,11,44,55,Benign-only
CASP8,841,22,164,181,367,Multiclass
CASP8AP2,9994,0,18,253,271,Benign-only
CASP9,842,0,16,71,87,Benign-only
CASQ1,844,6,155,227,388,Multiclass
CASQ2,845,77,410,335,822,Multiclass
CASR,846,293,1024,1563,2880,Multiclass
CASS4,57091,0,19,89,108,Benign-only
CAST,831,11,136,99,246,Multiclass
CAST;ERAP1,-1,0,1,0,1,Benign-only
CAST;LOC101929710;PCSK1,-1,0,1,2,3,Benign-only
CASTOR1,652968,0,1,43,44,Benign-only
CASZ1,54897,7,268,361,636,Multiclass
CAT,847,2,29,27,58,Multiclass
CATIP,375307,1,5,49,55,Multiclass
CATIP-AS2,103689911,0,1,0,1,Benign-only
CATSPER1,117144,0,41,160,201,Benign-only
CATSPER2,117155,2,35,87,124,Multiclass
CATSPER2;CKMT1A;CKMT1B;LOC130056948;LOC130056949;PPIP5K1;STRC,-1,0,0,7,7,VUS/Other-only
CATSPER2;CKMT1A;CKMT1B;LOC130056948;LOC130056949;STRC,-1,0,0,3,3,VUS/Other-only
CATSPER2;CKMT1A;LOC130056948;LOC130056949;STRC,-1,0,0,2,2,VUS/Other-only
CATSPER2;CKMT1B;LOC130056948;LOC130056949;PPIP5K1;STRC,-1,0,0,5,5,VUS/Other-only
CATSPER3,347732,0,9,52,61,Benign-only
CATSPER4,378807,0,11,61,72,Benign-only
CATSPERB,79820,0,14,123,137,Benign-only
CATSPERD,257062,0,16,122,138,Benign-only
CATSPERE,257044,0,1,6,7,Benign-only
CATSPERG,57828,0,12,158,170,Benign-only
CATSPERQ,340393,0,2,0,2,Benign-only
CATSPERT,151254,0,5,1,6,Benign-only
CATSPERZ,25858,0,4,32,36,Benign-only
CAV1,857,7,98,73,178,Multiclass
CAV2,858,0,5,26,31,Benign-only
CAV3,859,20,160,175,355,Multiclass
CAV3;SSUH2,-1,1,0,0,1,Pathogenic-only
CAVIN1,284119,9,59,94,162,Multiclass
CAVIN2,8436,0,6,73,79,Benign-only
CAVIN3,112464,0,1,61,62,Benign-only
CAVIN4,347273,0,39,76,115,Benign-only
CBARP,255057,0,5,31,36,Benign-only
CBFA2T2,9139,0,5,63,68,Benign-only
CBFA2T3,863,0,10,132,142,Benign-only
CBFB,865,0,5,9,14,Benign-only
CBL,867,34,874,1471,2379,Multiclass
CBLB,868,1,6,96,103,Multiclass
CBLC,23624,0,8,64,72,Benign-only
CBLIF,2694,11,69,77,157,Multiclass
CBLL1,79872,0,1,37,38,Benign-only
CBLL2,158506,0,13,38,51,Benign-only
CBLN1,869,0,0,17,17,VUS/Other-only
CBLN2,147381,0,10,24,34,Benign-only
CBLN3,643866,0,0,44,44,VUS/Other-only
CBLN4,140689,0,0,12,12,VUS/Other-only
CBR1,873,0,4,45,49,Benign-only
CBR3,874,0,2,46,48,Benign-only
CBR4,84869,0,3,35,38,Benign-only
CBR4;PALLD,-1,0,0,2,2,VUS/Other-only
CBS,875,270,699,307,1276,Multiclass
CBX1,10951,0,0,12,12,VUS/Other-only
CBX2,84733,0,58,125,183,Benign-only
CBX3,11335,0,0,8,8,VUS/Other-only
CBX4,8535,0,2,78,80,Benign-only
CBX6,23466,0,4,54,58,Benign-only
CBX7,23492,0,3,29,32,Benign-only
CBX8,57332,0,1,48,49,Benign-only
CBY1,25776,0,0,4,4,VUS/Other-only
CBY2,220082,0,3,82,85,Benign-only
CBY3,646019,0,2,35,37,Benign-only
CC2D1A,54862,60,394,222,676,Multiclass
CC2D1A;BRME1,-1,1,0,0,1,Pathogenic-only
CC2D1B,200014,0,14,166,180,Benign-only
CC2D2A,57545,321,1030,773,2124,Multiclass
CC2D2B,387707,0,4,47,51,Benign-only
CCAR1,55749,0,1,83,84,Benign-only
CCAR2,57805,0,15,136,151,Benign-only
CCBE1,147372,15,255,256,526,Multiclass
CCDC102A,92922,0,2,108,110,Benign-only
CCDC102B,79839,0,13,81,94,Benign-only
CCDC102B;DOK6;LOC105372179;LOC132090506;LOC132090507,-1,1,0,0,1,Pathogenic-only
CCDC102B;LINC01912;LOC126862783;LOC130062690;LOC130062691;LOC130062692;LOC130062693;TMX3,-1,0,0,1,1,VUS/Other-only
CCDC106,29903,0,0,38,38,VUS/Other-only
CCDC107,203260,0,8,55,63,Benign-only
CCDC107;RMRP,-1,1,0,0,1,Pathogenic-only
CCDC110,256309,0,6,103,109,Benign-only
CCDC112,153733,0,9,67,76,Benign-only
CCDC115,84317,0,3,10,13,Benign-only
CCDC116,164592,0,26,102,128,Benign-only
CCDC117,150275,0,5,54,59,Benign-only
CCDC12,151903,0,1,28,29,Benign-only
CCDC120,90060,0,7,100,107,Benign-only
CCDC121,79635,0,6,52,58,Benign-only
CCDC122,160857,0,0,29,29,VUS/Other-only
CCDC122;LACC1,-1,0,1,0,1,Benign-only
CCDC124,115098,0,0,43,43,VUS/Other-only
CCDC125,202243,0,3,55,58,Benign-only
CCDC126,90693,0,0,28,28,VUS/Other-only
CCDC127,133957,0,3,42,45,Benign-only
CCDC13,152206,0,14,108,122,Benign-only
CCDC134,79879,1,2,35,38,Multiclass
CCDC136,64753,0,22,156,178,Benign-only
CCDC137,339230,0,8,49,57,Benign-only
CCDC138,165055,0,5,95,100,Benign-only
CCDC14,64770,0,8,125,133,Benign-only
CCDC141,285025,0,180,315,495,Benign-only
CCDC142,84865,0,7,111,118,Benign-only
CCDC144A,9720,0,24,136,160,Benign-only
CCDC144NL-AS1,440416,0,11,0,11,Benign-only
CCDC146,57639,4,5,116,125,Multiclass
CCDC148,130940,0,17,71,88,Benign-only
CCDC149,91050,0,5,73,78,Benign-only
CCDC15,80071,0,10,126,136,Benign-only
CCDC150,284992,0,10,161,171,Benign-only
CCDC152,100129792,0,1,24,25,Benign-only
CCDC154,645811,0,29,123,152,Benign-only
CCDC157,550631,0,11,138,149,Benign-only
CCDC158,339965,0,4,169,173,Benign-only
CCDC159,126075,0,2,46,48,Benign-only
CCDC160,347475,0,5,29,34,Benign-only
CCDC166,100130274,0,4,81,85,Benign-only
CCDC167,154467,0,2,19,21,Benign-only
CCDC168,643677,0,86,566,652,Benign-only
CCDC169,728591,0,1,20,21,Benign-only
CCDC169-SOHLH2,100526761,0,2,21,23,Benign-only
CCDC169-SOHLH2;SOHLH2,-1,0,0,1,1,VUS/Other-only
CCDC17,149483,0,5,111,116,Benign-only
CCDC170,80129,0,7,93,100,Benign-only
CCDC171,203238,0,13,252,265,Benign-only
CCDC172,374355,0,3,37,40,Benign-only
CCDC174,51244,0,42,80,122,Benign-only
CCDC175,729665,0,7,88,95,Benign-only
CCDC178,374864,0,16,111,127,Benign-only
CCDC179,100500938,0,0,10,10,VUS/Other-only
CCDC18,343099,0,11,160,171,Benign-only
CCDC180,100499483,0,33,235,268,Benign-only
CCDC180;SUGT1P4-STRA6LP-CCDC180,-1,0,1,0,1,Benign-only
CCDC181,57821,0,5,72,77,Benign-only
CCDC183,84960,1,10,100,111,Multiclass
CCDC184,387856,0,1,34,35,Benign-only
CCDC185,164127,0,6,131,137,Benign-only
CCDC186,55088,1,6,110,117,Multiclass
CCDC187,399693,0,3,0,3,Benign-only
CCDC190,339512,0,6,39,45,Benign-only
CCDC191,57577,0,5,113,118,Benign-only
CCDC198,55195,0,1,5,6,Benign-only
CCDC22,28952,1,45,144,190,Multiclass
CCDC24,149473,0,5,37,42,Benign-only
CCDC25,55246,0,0,30,30,VUS/Other-only
CCDC27,148870,0,16,118,134,Benign-only
CCDC28A,25901,0,1,32,33,Benign-only
CCDC28B,79140,0,8,37,45,Benign-only
CCDC3,83643,0,4,59,64,Benign-only
CCDC30,728621,0,7,89,96,Benign-only
CCDC32,90416,1,5,4,10,Multiclass
CCDC33,80125,0,14,129,143,Benign-only
CCDC34,91057,1,2,36,39,Multiclass
CCDC38,120935,0,10,84,94,Benign-only
CCDC39,339829,176,459,276,911,Multiclass
CCDC40,55036,104,520,455,1079,Multiclass
CCDC40;GAA,-1,1,1,1,3,Multiclass
CCDC40;GAA;LOC130061897,-1,0,0,1,1,VUS/Other-only
CCDC40;GAA;MIR1268B,-1,2,0,0,2,Pathogenic-only
CCDC42,146849,0,3,45,48,Benign-only
CCDC43,124808,0,1,28,29,Benign-only
CCDC47,57003,7,7,50,64,Multiclass
CCDC50,152137,2,152,153,307,Multiclass
CCDC51,79714,0,5,62,67,Benign-only
CCDC54,84692,0,1,49,50,Benign-only
CCDC57,284001,0,21,132,153,Benign-only
CCDC59,29080,0,1,38,39,Benign-only
CCDC6,8030,0,3,35,38,Benign-only
CCDC60,160777,0,5,104,109,Benign-only
CCDC61,729440,0,1,0,1,Benign-only
CCDC62,84660,1,9,92,102,Multiclass
CCDC63,160762,0,8,77,85,Benign-only
CCDC65,85478,1,15,18,34,Multiclass
CCDC66,285331,0,13,142,155,Benign-only
CCDC68,80323,0,1,42,43,Benign-only
CCDC69,26112,0,7,47,54,Benign-only
CCDC7,79741,0,6,55,61,Benign-only
CCDC70,83446,0,3,54,57,Benign-only
CCDC71,64925,0,9,75,84,Benign-only
CCDC71L,168455,0,0,60,60,VUS/Other-only
CCDC73,493860,0,16,117,133,Benign-only
CCDC74A,90557,0,10,84,94,Benign-only
CCDC74B,91409,0,8,82,90,Benign-only
CCDC77,84318,0,6,68,74,Benign-only
CCDC78,124093,0,305,331,636,Benign-only
CCDC8,83987,11,67,163,241,Multiclass
CCDC80,151887,0,17,125,142,Benign-only
CCDC81,60494,0,7,97,104,Benign-only
CCDC82,79780,2,9,82,93,Multiclass
CCDC83,220047,0,5,61,66,Benign-only
CCDC85A,114800,0,4,97,101,Benign-only
CCDC85B,11007,0,0,17,17,VUS/Other-only
CCDC85C,317762,0,6,69,75,Benign-only
CCDC86,79080,0,3,64,67,Benign-only
CCDC87,55231,0,10,131,141,Benign-only
CCDC88A,55704,33,579,517,1129,Multiclass
CCDC88B,283234,0,10,276,286,Benign-only
CCDC88C,440193,115,1165,508,1788,Multiclass
CCDC89,220388,0,0,52,52,VUS/Other-only
CCDC9,26093,0,6,124,130,Benign-only
CCDC90B,60492,0,0,45,45,VUS/Other-only
CCDC91,55297,0,5,51,56,Benign-only
CCDC92,80212,0,1,62,63,Benign-only
CCDC93,54520,0,1,89,90,Benign-only
CCDC97,90324,0,1,68,69,Benign-only
CCDC9B,388115,0,1,5,6,Benign-only
CCDST;FLG,-1,1,1,3,5,Multiclass
CCER1,196477,0,2,62,64,Benign-only
CCER2,643669,0,26,13,39,Benign-only
CCHCR1,54535,0,13,100,113,Benign-only
CCIN,881,0,4,73,77,Benign-only
CCK,885,0,2,11,13,Benign-only
CCKAR,886,0,4,57,61,Benign-only
CCKBR,887,0,3,67,70,Benign-only
CCL1,6346,0,1,5,6,Benign-only
CCL11,6356,0,1,17,18,Benign-only
CCL13,6357,0,1,11,12,Benign-only
CCL14,6358,0,2,12,14,Benign-only
CCL15,6359,0,1,12,13,Benign-only
CCL16,6360,0,6,16,22,Benign-only
CCL17,6361,0,1,16,17,Benign-only
CCL18,6362,0,2,10,12,Benign-only
CCL19,6363,0,0,12,12,VUS/Other-only
CCL2,6347,0,0,7,7,VUS/Other-only
CCL20,6364,0,5,6,11,Benign-only
CCL21,6366,0,3,14,17,Benign-only
CCL22,6367,0,3,12,15,Benign-only
CCL23,6368,0,0,27,27,VUS/Other-only
CCL24,6369,0,2,13,15,Benign-only
CCL25,6370,0,4,9,13,Benign-only
CCL26,10344,0,4,10,14,Benign-only
CCL27,10850,0,1,14,15,Benign-only
CCL28,56477,0,1,17,18,Benign-only
CCL3,6348,0,2,11,13,Benign-only
CCL3L1,6349,0,0,8,8,VUS/Other-only
CCL3L3,414062,0,1,5,6,Benign-only
CCL4,6351,0,2,15,17,Benign-only
CCL4L2,9560,0,4,0,4,Benign-only
CCL5,6352,0,2,9,11,Benign-only
CCL7,6354,0,0,11,11,VUS/Other-only
CCL8,6355,0,7,15,22,Benign-only
CCM2,83605,105,140,148,393,Multiclass
CCM2;LOC129998395,-1,0,0,1,1,VUS/Other-only
CCM2L,140706,0,0,63,63,VUS/Other-only
CCN1,3491,0,17,52,69,Benign-only
CCN2,1490,0,8,49,57,Benign-only
CCN3,4856,0,3,40,43,Benign-only
CCN4,8840,0,12,77,89,Benign-only
CCN5,8839,0,4,62,66,Benign-only
CCN6,8838,64,108,67,239,Multiclass
CCNA1,8900,0,8,49,57,Benign-only
CCNA2,890,0,7,24,31,Benign-only
CCNA2;EXOSC9,-1,0,2,0,2,Benign-only
CCNB1,891,0,2,50,52,Benign-only
CCNB1IP1,57820,0,1,0,1,Benign-only
CCNB2,9133,0,8,54,62,Benign-only
CCNB3,85417,0,30,114,144,Benign-only
CCNC,892,0,2,17,19,Benign-only
CCND1,595,0,11,18,29,Benign-only
CCND2,894,17,67,69,153,Multiclass
CCND3,896,0,3,28,31,Benign-only
CCNDBP1,23582,0,3,44,47,Benign-only
CCNE1,898,0,5,35,40,Benign-only
CCNE2,9134,0,2,35,37,Benign-only
CCNF,899,1,82,114,197,Multiclass
CCNG1,900,0,0,24,24,VUS/Other-only
CCNG2,901,0,5,26,31,Benign-only
CCNH,902,0,4,43,47,Benign-only
CCNH;RASA1,-1,8,1,2,11,Multiclass
CCNI,10983,0,0,31,31,VUS/Other-only
CCNI2,645121,0,3,58,61,Benign-only
CCNJ,54619,0,2,37,39,Benign-only
CCNJL,79616,0,7,64,71,Benign-only
CCNK,8812,1,12,67,80,Multiclass
CCNL1,57018,0,2,50,52,Benign-only
CCNL2,81669,0,2,97,99,Benign-only
CCNO,10309,38,111,118,267,Multiclass
CCNP,79935,0,3,48,51,Benign-only
CCNQ,92002,3,44,22,69,Multiclass
CCNT1,904,0,5,66,71,Benign-only
CCNT2,905,0,5,59,64,Benign-only
CCNY,219771,0,1,29,30,Benign-only
CCNYL1,151195,0,4,32,36,Benign-only
CCP110,9738,0,17,121,138,Benign-only
CCPG1,9236,0,7,94,101,Benign-only
CCR1,1230,0,16,35,51,Benign-only
CCR10,2826,0,4,40,44,Benign-only
CCR2,729230,1,5,39,45,Multiclass
CCR3,1232,0,6,53,59,Benign-only
CCR4,1233,0,2,33,35,Benign-only
CCR5,1234,0,4,28,32,Benign-only
CCR6,1235,0,9,27,36,Benign-only
CCR7,1236,0,3,31,34,Benign-only
CCR8,1237,0,2,42,44,Benign-only
CCR9,10803,0,2,50,52,Benign-only
CCR9;LZTFL1,-1,0,1,0,1,Benign-only
CCRL2,9034,0,8,49,57,Benign-only
CCS,9973,0,1,38,39,Benign-only
CCSAP,126731,0,1,32,33,Benign-only
CCSER1,401145,0,7,125,132,Benign-only
CCSER1;LOC121725178;LOC126807110,-1,0,0,1,1,VUS/Other-only
CCSER2,54462,0,7,125,132,Benign-only
CCT2,10576,0,175,226,401,Benign-only
CCT3,7203,1,4,67,72,Multiclass
CCT4,10575,0,2,75,77,Benign-only
CCT5,22948,1,172,192,365,Multiclass
CCT6A,908,0,2,50,52,Benign-only
CCT6B,10693,0,4,76,80,Benign-only
CCT7,10574,0,0,55,55,VUS/Other-only
CCT8,10694,0,4,71,75,Benign-only
CCT8L2,150160,0,8,86,94,Benign-only
CCZ1,51622,0,6,71,77,Benign-only
CCZ1B,221960,0,5,60,65,Benign-only
CD101,9398,0,23,118,141,Benign-only
CD109,135228,0,27,212,239,Benign-only
CD14,929,0,5,49,54,Benign-only
CD151,977,5,102,115,222,Multiclass
CD160,11126,0,2,16,18,Benign-only
CD160;GPR89A;LOC126805849;LOC129388601;LOC129931326;LOC129931327;PDZK1;RNF115,-1,0,0,3,3,VUS/Other-only
CD160;LOC126805849;LOC129388601;PDZK1;RNF115,-1,0,0,2,2,VUS/Other-only
CD160;LOC126805849;PDZK1;RNF115,-1,0,0,1,1,VUS/Other-only
CD163,9332,0,19,107,126,Benign-only
CD163L1,283316,0,30,160,190,Benign-only
CD164,8763,0,75,55,130,Benign-only
CD164L2,388611,0,0,32,32,VUS/Other-only
CD177,57126,0,15,76,91,Benign-only
CD180,4064,0,10,86,96,Benign-only
CD19,930,10,200,182,392,Multiclass
CD1A,909,0,11,50,61,Benign-only
CD1B,910,0,7,43,50,Benign-only
CD1C,911,0,14,40,54,Benign-only
CD1D,912,0,6,53,59,Benign-only
CD1E,913,0,7,48,55,Benign-only
CD2,914,0,9,55,64,Benign-only
CD200,4345,0,3,23,26,Benign-only
CD200R1,131450,0,7,44,51,Benign-only
CD200R1L,344807,0,2,43,45,Benign-only
CD207,50489,0,6,50,56,Benign-only
CD209,30835,0,12,32,44,Benign-only
CD22,933,0,22,106,128,Benign-only
CD226,10666,0,7,47,54,Benign-only
CD244,51744,0,13,37,50,Benign-only
CD247,919,3,124,66,193,Multiclass
CD248,57124,0,21,102,123,Benign-only
CD27,939,16,103,116,235,Multiclass
CD274,29126,0,7,10,17,Benign-only
CD276,80381,0,5,101,106,Benign-only
CD28,940,0,3,15,18,Benign-only
CD2AP,23607,19,165,245,429,Multiclass
CD2BP2,10421,0,2,58,60,Benign-only
CD300A,11314,0,8,43,51,Benign-only
CD300C,10871,0,4,42,46,Benign-only
CD300E,342510,0,3,21,24,Benign-only
CD300LB,124599,0,8,26,34,Benign-only
CD300LD,100131439,0,3,29,32,Benign-only
CD300LD-AS1,146723,0,0,1,1,VUS/Other-only
CD300LF,146722,0,8,33,41,Benign-only
CD300LG,146894,0,4,65,69,Benign-only
CD302,9936,0,0,6,6,VUS/Other-only
CD320,51293,0,106,121,227,Benign-only
CD33,945,0,29,37,66,Benign-only
CD34,947,0,5,46,51,Benign-only
CD36,948,46,36,175,257,Multiclass
CD37,951,0,5,35,40,Benign-only
CD38,952,0,5,34,39,Benign-only
CD3D,915,17,120,83,220,Multiclass
CD3E,916,19,179,83,281,Multiclass
CD3G,917,21,74,67,162,Multiclass
CD4,920,0,24,18,42,Benign-only
CD40,958,11,180,82,273,Multiclass
CD40LG,959,98,116,81,295,Multiclass
CD44,960,0,25,85,110,Benign-only
CD46,4179,70,150,319,539,Multiclass
CD47,961,0,0,24,24,VUS/Other-only
CD48,962,0,12,38,50,Benign-only
CD5,921,0,6,57,63,Benign-only
CD52,1043,0,1,9,10,Benign-only
CD53,963,0,1,19,20,Benign-only
CD55,1604,24,141,107,273,Multiclass
CD58,965,0,7,24,31,Benign-only
CD59,966,9,66,34,109,Multiclass
CD5L,922,0,2,44,46,Benign-only
CD6,923,0,6,85,91,Benign-only
CD63,967,0,4,19,23,Benign-only
CD68,968,0,9,60,69,Benign-only
CD69,969,0,4,12,16,Benign-only
CD7,924,0,10,42,52,Benign-only
CD70,970,0,8,29,37,Benign-only
CD72,971,0,2,38,40,Benign-only
CD74,972,0,5,31,36,Benign-only
CD79A,973,7,91,74,172,Multiclass
CD79B,974,1,122,62,185,Multiclass
CD80,941,0,7,26,33,Benign-only
CD81,975,1,179,125,305,Multiclass
CD82,3732,0,5,41,46,Benign-only
CD83,9308,0,2,30,32,Benign-only
CD84,8832,0,4,51,55,Benign-only
CD86,942,0,13,42,55,Benign-only
CD8A,925,2,118,89,209,Multiclass
CD8B,926,0,5,26,31,Benign-only
CD9,928,0,3,8,11,Benign-only
CD93,22918,0,14,111,125,Benign-only
CD96,10225,2,56,123,181,Multiclass
CD99,4267,0,2,2,4,Benign-only
CD99;GYG2;LOC126863189;XG,-1,0,0,1,1,VUS/Other-only
CD99L2,83692,0,6,46,52,Benign-only
CDA,978,0,2,9,11,Benign-only
CDADC1,81602,0,4,42,46,Benign-only
CDAN1,146059,61,359,430,850,Multiclass
CDC123,8872,0,4,35,39,Benign-only
CDC14A,8556,19,144,120,283,Multiclass
CDC14B,8555,0,2,61,63,Benign-only
CDC14C,168448,0,1,0,1,Benign-only
CDC16,8881,0,4,72,76,Benign-only
CDC20,991,2,3,55,60,Multiclass
CDC20B,166979,0,6,64,70,Benign-only
CDC23,8697,0,4,40,44,Benign-only
CDC25A,993,0,5,41,46,Benign-only
CDC25B,994,0,9,83,92,Benign-only
CDC25C,995,0,3,70,73,Benign-only
CDC26,246184,0,0,11,11,VUS/Other-only
CDC27,996,0,11,1,12,Benign-only
CDC34,997,0,1,33,34,Benign-only
CDC37,11140,0,3,40,43,Benign-only
CDC37L1,55664,0,3,42,45,Benign-only
CDC40,51362,0,2,47,49,Benign-only
CDC42,998,21,74,42,137,Multiclass
CDC42BPA,8476,0,15,169,184,Benign-only
CDC42BPB,9578,39,105,311,455,Multiclass
CDC42BPG,55561,0,25,271,296,Benign-only
CDC42EP1,11135,0,10,83,93,Benign-only
CDC42EP2,10435,0,1,31,32,Benign-only
CDC42EP3,10602,0,1,41,42,Benign-only
CDC42EP4,23580,0,7,76,83,Benign-only
CDC42EP5,148170,0,2,47,49,Benign-only
CDC42SE1,56882,0,0,12,12,VUS/Other-only
CDC42SE2,56990,0,0,9,9,VUS/Other-only
CDC45,8318,21,191,145,357,Multiclass
CDC50B,161291,0,1,0,1,Benign-only
CDC5L,988,0,31,64,95,Benign-only
CDC6,990,0,84,157,241,Benign-only
CDC7,8317,0,4,77,81,Benign-only
CDC73,79577,148,858,879,1885,Multiclass
CDCA2,157313,0,19,132,151,Benign-only
CDCA3,83461,0,1,33,34,Benign-only
CDCA4,55038,0,2,40,42,Benign-only
CDCA5,113130,0,7,23,30,Benign-only
CDCA7,83879,3,154,118,275,Multiclass
CDCA7L,55536,0,6,67,73,Benign-only
CDCA7L;DNAH11,-1,0,3,1,4,Benign-only
CDCA8,55143,0,5,26,31,Benign-only
CDCP1,64866,0,9,109,118,Benign-only
CDCP2,200008,0,6,81,87,Benign-only
CDH1,999,634,1799,2097,4530,Multiclass
CDH10,1008,0,7,70,77,Benign-only
CDH11,1009,6,34,108,148,Multiclass
CDH12,1010,0,23,107,130,Benign-only
CDH12;LOC123493277;LOC126807332;LOC129389260;SNORA105A,-1,0,0,1,1,VUS/Other-only
CDH12;SNORA105A,-1,0,0,1,1,VUS/Other-only
CDH13,1012,0,77,122,199,Benign-only
CDH15,1013,0,102,253,355,Benign-only
CDH16,1014,0,21,137,158,Benign-only
CDH17,1015,0,14,125,139,Benign-only
CDH18,1016,0,8,102,110,Benign-only
CDH19,28513,0,6,109,115,Benign-only
CDH2,1000,17,473,608,1098,Multiclass
CDH20,28316,0,4,109,113,Benign-only
CDH22,64405,0,3,112,115,Benign-only
CDH23,64072,702,3034,1866,5602,Multiclass
CDH23;CDH23-AS1,-1,1,0,0,1,Pathogenic-only
CDH23;PSAP,-1,1,0,2,3,Pathogenic-only
CDH24,64403,0,5,144,149,Benign-only
CDH26,60437,0,10,150,160,Benign-only
CDH3,1001,45,341,382,768,Multiclass
CDH3-AS1,123706523,0,1,1,2,Benign-only
CDH4,1002,1,17,149,167,Multiclass
CDH5,1003,0,12,136,148,Benign-only
CDH6,1004,0,2,67,69,Benign-only
CDH7,1005,0,39,94,133,Benign-only
CDH8,1006,0,10,75,85,Benign-only
CDH9,1007,0,5,85,90,Benign-only
CDHR1,92211,89,352,478,919,Multiclass
CDHR2,54825,0,25,226,251,Benign-only
CDHR3,222256,0,28,121,149,Benign-only
CDHR4,389118,0,18,116,134,Benign-only
CDHR5,53841,0,18,184,202,Benign-only
CDIN1,84529,3,88,39,130,Multiclass
CDIP1,29965,0,3,30,33,Benign-only
CDIPT,10423,0,0,21,21,VUS/Other-only
CDK1,983,0,1,10,11,Benign-only
CDK10,8558,31,18,88,137,Multiclass
CDK11A,728642,0,9,121,130,Benign-only
CDK11B,984,0,10,4,14,Benign-only
CDK12,51755,0,731,1136,1867,Benign-only
CDK13,8621,80,448,561,1089,Multiclass
CDK13;LOC129998294,-1,0,0,1,1,VUS/Other-only
CDK14,5218,0,2,50,52,Benign-only
CDK14;LOC129998778;LOC129998779;LOC129998780;LOC129998781;LOC129998782,-1,0,0,1,1,VUS/Other-only
CDK15,65061,0,0,56,56,VUS/Other-only
CDK16,5127,1,9,55,65,Multiclass
CDK17,5128,0,1,47,48,Benign-only
CDK18,5129,0,2,75,77,Benign-only
CDK19,23097,8,12,66,86,Multiclass
CDK2,1017,0,1,12,13,Benign-only
CDK20,23552,0,22,89,111,Benign-only
CDK2AP1,8099,0,3,11,14,Benign-only
CDK2AP2,10263,0,3,12,15,Benign-only
CDK3,1018,0,0,35,35,VUS/Other-only
CDK4,1019,3,543,683,1229,Multiclass
CDK4;TSPAN31,-1,0,1,2,3,Benign-only
CDK5,1020,1,57,14,72,Multiclass
CDK5R1,8851,0,3,17,20,Benign-only
CDK5R2,8941,0,2,39,41,Benign-only
CDK5RAP1,51654,0,3,68,71,Benign-only
CDK5RAP2,55755,68,443,451,962,Multiclass
CDK5RAP3,80279,0,3,78,81,Benign-only
CDK6,1021,0,27,12,39,Benign-only
CDK7,1022,0,1,23,24,Benign-only
CDK8,1024,16,10,67,93,Multiclass
CDK9,1025,1,3,32,36,Multiclass
CDKAL1,54901,0,9,64,73,Benign-only
CDKL1,8814,0,1,39,40,Benign-only
CDKL2,8999,1,5,70,76,Multiclass
CDKL3,51265,0,5,77,82,Benign-only
CDKL4,344387,0,0,38,38,VUS/Other-only
CDKL5,6792,562,511,419,1492,Multiclass
CDKL5;PPEF1;PPEF1-AS1;RS1;TRV-TAC1-2,-1,1,0,0,1,Pathogenic-only
CDKL5;RS1,-1,10,15,4,29,Multiclass
CDKN1A,1026,0,13,18,31,Benign-only
CDKN1B,1027,122,292,610,1024,Multiclass
CDKN1C,1028,114,500,583,1197,Multiclass
CDKN2A,1029,168,495,718,1381,Multiclass
CDKN2A-AS1,51198,0,1,0,1,Benign-only
CDKN2AIP,55602,0,1,87,88,Benign-only
CDKN2AIPNL,91368,0,1,15,16,Benign-only
CDKN2B,1030,0,16,28,44,Benign-only
CDKN2B-AS1,100048912,0,2,0,2,Benign-only
CDKN2B;CDKN2B-AS1,-1,0,1,0,1,Benign-only
CDKN2C,1031,0,5,14,19,Benign-only
CDKN2D,1032,0,0,14,14,VUS/Other-only
CDKN3,1033,0,0,11,11,VUS/Other-only
CDNF,441549,0,2,1,3,Benign-only
CDO1,1036,0,1,26,27,Benign-only
CDON,50937,2,320,440,762,Multiclass
CDPF1,150383,0,2,17,19,Benign-only
CDR1,1038,0,3,12,15,Benign-only
CDR1;LINC00632,-1,0,1,0,1,Benign-only
CDR2,1039,0,5,67,72,Benign-only
CDR2L,30850,0,0,67,67,VUS/Other-only
CDRT15,146822,0,1,31,32,Benign-only
CDRT15L2,256223,0,3,56,59,Benign-only
CDRT4,284040,0,5,17,22,Benign-only
CDS1,1040,0,1,42,43,Benign-only
CDS2,8760,0,2,29,31,Benign-only
CDSN,1041,6,77,72,155,Multiclass
CDSN;PSORS1C1,-1,0,1,0,1,Benign-only
CDT1,81620,24,246,245,515,Multiclass
CDV3,55573,0,0,33,33,VUS/Other-only
CDX1,1044,0,1,54,55,Benign-only
CDX2,1045,1,2,46,49,Multiclass
CDX4,1046,0,4,32,36,Benign-only
CDY2B;FAM224B;FAM41AY1;LOC106144556;LOC126057108;NLGN4Y;NLGN4Y-AS1,-1,0,0,1,1,VUS/Other-only
CDYL,9425,0,2,62,64,Benign-only
CDYL2,124359,0,3,70,73,Benign-only
CEACAM1,634,0,7,31,38,Benign-only
CEACAM16,388551,13,107,164,284,Multiclass
CEACAM16;CEACAM16-AS1,-1,1,0,0,1,Pathogenic-only
CEACAM19,56971,0,2,27,29,Benign-only
CEACAM20,125931,0,4,74,78,Benign-only
CEACAM21,90273,0,2,49,51,Benign-only
CEACAM3,1084,0,16,37,53,Benign-only
CEACAM4,1089,0,3,38,41,Benign-only
CEACAM5,1048,0,23,90,113,Benign-only
CEACAM6,4680,0,8,41,49,Benign-only
CEACAM7,1087,0,3,41,44,Benign-only
CEACAM8,1088,0,5,56,61,Benign-only
CEBPA,1050,54,394,717,1165,Multiclass
CEBPB,1051,0,2,48,50,Benign-only
CEBPD,1052,0,1,59,60,Benign-only
CEBPE,1053,6,111,123,240,Multiclass
CEBPG,1054,0,2,21,23,Benign-only
CEBPZ,10153,0,11,162,173,Benign-only
CECR2,27443,3,15,3,21,Multiclass
CEL,1056,7,168,219,394,Multiclass
CELA1,1990,0,5,34,39,Benign-only
CELA2A,63036,3,5,38,46,Multiclass
CELA2B,51032,0,9,49,58,Benign-only
CELA3A,10136,0,8,55,63,Benign-only
CELA3B,23436,0,12,47,59,Benign-only
CELF1,10658,0,1,34,35,Benign-only
CELF2,10659,14,10,66,90,Multiclass
CELF3,11189,0,1,39,40,Benign-only
CELF4,56853,0,16,79,95,Benign-only
CELF5,60680,0,2,29,31,Benign-only
CELF6,60677,0,7,58,65,Benign-only
CELSR1,9620,11,159,647,817,Multiclass
CELSR2,1952,1,218,534,753,Multiclass
CELSR3,1951,0,46,412,458,Benign-only
CEMIP,57214,0,76,177,253,Benign-only
CEMIP2,23670,2,15,211,228,Multiclass
CEMP1,752014,0,5,36,41,Benign-only
CENATAC,338657,0,4,69,73,Benign-only
CEND1,51286,0,3,38,41,Benign-only
CENPA,1058,0,1,11,12,Benign-only
CENPB,1059,0,1,54,55,Benign-only
CENPBD1,92806,0,2,26,28,Benign-only
CENPC,1060,0,11,119,130,Benign-only
CENPE,1062,5,238,302,545,Multiclass
CENPF,1063,59,284,522,865,Multiclass
CENPH,64946,0,3,34,37,Benign-only
CENPI,2491,0,10,60,70,Benign-only
CENPK,64105,0,2,31,33,Benign-only
CENPL,91687,0,6,40,46,Benign-only
CENPM,79019,0,0,27,27,VUS/Other-only
CENPN,55839,0,4,54,58,Benign-only
CENPO,79172,0,7,31,38,Benign-only
CENPP,401541,1,6,43,50,Multiclass
CENPP;LOC132089711;LOC132089712;NOL8;OGN;OMD,-1,0,0,1,1,VUS/Other-only
CENPQ,55166,0,3,29,32,Benign-only
CENPS-CORT,100526739,0,0,15,15,VUS/Other-only
CENPT,80152,0,17,100,117,Benign-only
CENPT;THAP11,-1,0,1,0,1,Benign-only
CENPU,79682,0,6,55,61,Benign-only
CENPV,201161,0,2,36,38,Benign-only
CENPVL1,389857,0,3,0,3,Benign-only
CENPVL3,347549,0,6,0,6,Benign-only
CENPW,387103,0,0,11,11,VUS/Other-only
CENPX,201254,0,0,1,1,VUS/Other-only
CEP104,9731,44,350,210,604,Multiclass
CEP112,201134,2,8,94,104,Multiclass
CEP120,153241,36,322,256,614,Multiclass
CEP126,57562,0,27,121,148,Benign-only
CEP128,145508,0,15,148,163,Benign-only
CEP131,22994,0,23,214,237,Benign-only
CEP135,9662,54,254,247,555,Multiclass
CEP15,57415,0,0,1,1,VUS/Other-only
CEP152,22995,140,666,366,1172,Multiclass
CEP162,22832,0,16,186,202,Benign-only
CEP164,22897,131,666,709,1506,Multiclass
CEP170,9859,0,9,203,212,Benign-only
CEP170B,283638,0,25,349,374,Benign-only
CEP19,84984,0,34,78,112,Benign-only
CEP192,55125,0,42,316,358,Benign-only
CEP20,123811,0,2,27,29,Benign-only
CEP250,11190,100,710,836,1646,Multiclass
CEP290,80184,945,1766,1297,4008,Multiclass
CEP290;LOC129390514;LOC130008346;RLIG1,-1,1,0,0,1,Pathogenic-only
CEP295,85459,2,51,376,429,Multiclass
CEP295NL,100653515,0,1,0,1,Benign-only
CEP350,9857,0,25,401,426,Benign-only
CEP41,95681,19,174,246,439,Multiclass
CEP43,11116,0,3,63,66,Benign-only
CEP44,80817,0,6,38,44,Benign-only
CEP55,55165,11,37,70,118,Multiclass
CEP57,9702,17,304,623,944,Multiclass
CEP57L1,285753,0,6,59,65,Benign-only
CEP63,80254,35,136,159,330,Multiclass
CEP68,23177,0,27,132,159,Benign-only
CEP70,80321,0,6,77,83,Benign-only
CEP72,55722,0,13,123,136,Benign-only
CEP76,79959,12,4,73,89,Multiclass
CEP78,84131,67,228,323,618,Multiclass
CEP83,51134,43,253,232,528,Multiclass
CEP85,64793,0,11,103,114,Benign-only
CEP85L,387119,10,40,123,173,Multiclass
CEP85L;LOC129997071,-1,1,0,0,1,Pathogenic-only
CEP85L;PLN,-1,0,3,0,3,Benign-only
CEP89,84902,0,139,207,346,Benign-only
CEP89;SLC7A9,-1,1,0,0,1,Pathogenic-only
CEP95,90799,0,9,122,131,Benign-only
CEP97,79598,1,110,235,346,Multiclass
CEPT1,10390,0,1,27,28,Benign-only
CER1,9350,0,5,40,45,Benign-only
CERCAM,51148,0,4,117,121,Benign-only
CERK,64781,0,10,100,110,Benign-only
CERKL,375298,196,494,277,967,Multiclass
CERKL;ITGA4,-1,0,1,0,1,Benign-only
CERS1,10715,2,160,155,317,Multiclass
CERS1;GDF1,-1,0,6,0,6,Benign-only
CERS1;GDF1;UPF1,-1,1,0,0,1,Pathogenic-only
CERS2,29956,0,7,44,51,Benign-only
CERS3,204219,17,81,48,146,Multiclass
CERS3;CERS3-AS1,-1,2,0,0,2,Pathogenic-only
CERS4,79603,0,6,78,84,Benign-only
CERS5,91012,0,2,55,57,Benign-only
CERS6,253782,0,7,37,44,Benign-only
CERT1,10087,12,73,152,237,Multiclass
CERT1;HMGCR;LOC126807423;LOC129994073,-1,0,0,1,1,VUS/Other-only
CERT1;POLK,-1,0,0,1,1,VUS/Other-only
CES1,1066,0,7,93,101,Benign-only
CES2,8824,0,8,66,74,Benign-only
CES3,23491,0,10,82,92,Benign-only
CES3;CES4A;LOC112469016;LOC125177333;LOC126862377,-1,0,0,1,1,VUS/Other-only
CES4A,283848,0,15,69,84,Benign-only
CES5A,221223,0,8,70,78,Benign-only
CETN1,1068,0,0,22,22,VUS/Other-only
CETN2,1069,0,1,9,10,Benign-only
CETN2;LOC126863347;LOC130068811;LOC130068812;NSDHL;ZNF185,-1,0,0,1,1,VUS/Other-only
CETN3,1070,0,0,15,15,VUS/Other-only
CETP,1071,9,177,169,355,Multiclass
CFAP100,348807,0,12,95,107,Benign-only
CFAP107,93190,0,0,3,3,VUS/Other-only
CFAP119,90835,0,14,54,68,Benign-only
CFAP119;PHKG2,-1,0,1,0,1,Benign-only
CFAP126,257177,0,2,25,27,Benign-only
CFAP126;MPZ;PCP4L1;SDHC,-1,0,0,1,1,VUS/Other-only
CFAP144,440585,0,3,11,14,Benign-only
CFAP157,286207,0,5,85,90,Benign-only
CFAP161,161502,0,4,48,52,Benign-only
CFAP184,257236,0,3,93,96,Benign-only
CFAP20,29105,0,0,16,16,VUS/Other-only
CFAP206,154313,0,2,76,78,Benign-only
CFAP20DC,200844,0,5,10,15,Benign-only
CFAP210,129881,0,2,74,76,Benign-only
CFAP221,200373,4,7,4,15,Multiclass
CFAP251,144406,9,23,148,180,Multiclass
CFAP263,29070,0,2,72,74,Benign-only
CFAP276,127003,0,1,4,5,Benign-only
CFAP298,56683,10,98,61,169,Multiclass
CFAP298;CFAP298-TCP10L,-1,0,2,0,2,Benign-only
CFAP298;CFAP298-TCP10L;LOC125418061;LOC130066544;LOC130066545;SYNJ1,-1,0,0,1,1,VUS/Other-only
CFAP299,255119,0,3,3,6,Benign-only
CFAP300,85016,18,69,28,115,Multiclass
CFAP36,112942,0,1,43,44,Benign-only
CFAP410,755,41,194,169,404,Multiclass
CFAP410;LOC130066823,-1,1,0,0,1,Pathogenic-only
CFAP418,157657,20,74,126,220,Multiclass
CFAP43,80217,13,34,222,269,Multiclass
CFAP44,55779,10,61,114,185,Multiclass
CFAP45,25790,2,10,107,119,Multiclass
CFAP46,54777,0,41,174,215,Benign-only
CFAP47,286464,0,20,24,44,Benign-only
CFAP52,146845,4,42,105,151,Multiclass
CFAP53,220136,8,47,97,152,Multiclass
CFAP54,144535,4,6,2,12,Multiclass
CFAP57,149465,3,15,97,115,Multiclass
CFAP58,159686,2,12,132,146,Multiclass
CFAP61,26074,4,16,194,214,Multiclass
CFAP61;CRNKL1;LOC130065491,-1,0,1,0,1,Benign-only
CFAP65,255101,7,32,32,71,Multiclass
CFAP68,64776,0,0,1,1,VUS/Other-only
CFAP69,79846,2,25,118,145,Multiclass
CFAP70,118491,0,2,70,72,Benign-only
CFAP73,387885,0,4,46,50,Benign-only
CFAP74,85452,6,21,114,141,Multiclass
CFAP77,389799,0,4,64,68,Benign-only
CFAP91,89876,3,13,131,147,Multiclass
CFAP92,57501,0,8,56,64,Benign-only
CFAP95,138255,0,3,3,6,Benign-only
CFAP96,441054,0,1,5,6,Benign-only
CFAP97,57587,0,13,94,107,Benign-only
CFAP99,402160,0,7,159,166,Benign-only
CFB,629,13,240,349,602,Multiclass
CFC1,55997,1,19,23,43,Multiclass
CFD,1675,12,138,161,311,Multiclass
CFD;ELANE,-1,2,0,0,2,Pathogenic-only
CFDP1,10428,0,1,43,44,Benign-only
CFH,3075,216,415,844,1475,Multiclass
CFH;CFHR1;CFHR3;CFHR4;LOC122149335;LOC126805964,-1,0,1,0,1,Benign-only
CFH;CFHR1;CFHR3;LOC126805964;LOC129388721;LOC129932153,-1,1,0,0,1,Pathogenic-only
CFHR1,3078,1,67,59,127,Multiclass
CFHR1;CFHR3,-1,1,0,0,1,Pathogenic-only
CFHR2,3080,0,34,35,69,Benign-only
CFHR3,10878,1,49,69,119,Multiclass
CFHR4,10877,0,74,112,186,Benign-only
CFHR5,81494,2,84,229,315,Multiclass
CFI,3426,132,245,366,743,Multiclass
CFL1,1072,0,1,8,9,Benign-only
CFL2,1073,8,69,81,158,Multiclass
CFLAR,8837,0,5,32,37,Benign-only
CFP,5199,5,100,141,246,Multiclass
CFTR,1080,1431,1614,2262,5319,Multiclass
CFTR-AS1;CFTR,-1,0,0,1,1,VUS/Other-only
CFTR;CFTR-AS1,-1,2,0,0,2,Pathogenic-only
CFTR;CFTR-AS2,-1,0,1,1,2,Benign-only
CFTR;CFTR-AS2;LOC111674467;LOC113633877;LOC126860160,-1,1,0,0,1,Pathogenic-only
CFTR;LOC111674463,-1,0,1,0,1,Benign-only
CFTR;LOC111674477,-1,0,0,1,1,VUS/Other-only
CFTR;LOC113664106,-1,1,0,0,1,Pathogenic-only
CGA,1081,0,3,0,3,Benign-only
CGAS,115004,0,3,83,86,Benign-only
CGB1,114335,0,6,41,47,Benign-only
CGB2,114336,0,7,31,38,Benign-only
CGB3,1082,0,3,2,5,Benign-only
CGB5,93659,0,5,29,34,Benign-only
CGB7,94027,0,6,37,43,Benign-only
CGB8,94115,0,7,48,55,Benign-only
CGGBP1,8545,0,0,8,8,VUS/Other-only
CGN,57530,0,16,193,209,Benign-only
CGNL1,84952,0,17,234,251,Benign-only
CGREF1,10669,0,4,43,47,Benign-only
CGREF1;KHK,-1,0,1,0,1,Benign-only
CGRRF1,10668,0,2,35,37,Benign-only
CH25H,9023,0,1,41,42,Benign-only
CHAC1,79094,0,1,51,52,Benign-only
CHAC2,494143,0,0,47,47,VUS/Other-only
CHAD,1101,0,6,51,57,Benign-only
CHADL,150356,0,10,144,154,Benign-only
CHAF1A,10036,1,12,134,147,Multiclass
CHAF1B,8208,0,10,59,69,Benign-only
CHAMP1,283489,49,93,168,310,Multiclass
CHAMP1;LINC01054,-1,1,0,0,1,Pathogenic-only
CHAT,1103,108,596,322,1026,Multiclass
CHAT;SLC18A3,-1,0,3,1,4,Benign-only
CHCHD1,118487,0,1,14,15,Benign-only
CHCHD10,400916,4,116,140,260,Multiclass
CHCHD2,51142,1,40,60,101,Multiclass
CHCHD3,54927,0,0,33,33,VUS/Other-only
CHCHD4,131474,0,1,20,21,Benign-only
CHCHD5,84269,0,3,20,23,Benign-only
CHCHD6,84303,0,7,37,44,Benign-only
CHCHD7,79145,0,6,15,21,Benign-only
CHD1,1105,11,60,347,418,Multiclass
CHD1L,9557,0,95,147,242,Benign-only
CHD2,1106,364,1092,920,2376,Multiclass
CHD3,1107,113,123,507,743,Multiclass
CHD3;NAA38,-1,0,0,1,1,VUS/Other-only
CHD4,1108,59,258,388,705,Multiclass
CHD5,26038,40,71,421,532,Multiclass
CHD6,84181,0,44,262,306,Benign-only
CHD7,55636,808,1511,1579,3898,Multiclass
CHD7;LOC126860403,-1,1,0,0,1,Pathogenic-only
CHD8,57680,216,648,851,1715,Multiclass
CHD8;LOC126861887;LOC126861888;RPGRIP1;SNORD8;SNORD9;SUPT16H,-1,1,0,0,1,Pathogenic-only
CHD9,80205,0,13,327,340,Benign-only
CHDH,55349,0,13,97,110,Benign-only
CHEK1,1111,1,32,44,77,Multiclass
CHEK2,11200,1076,1141,2077,4294,Multiclass
CHERP,10523,0,7,96,103,Benign-only
CHFR,55743,1,6,88,95,Multiclass
CHGA,1113,0,6,52,58,Benign-only
CHGB,1114,0,6,97,103,Benign-only
CHI3L1,1116,0,6,83,89,Benign-only
CHI3L2,1117,0,6,56,62,Benign-only
CHIA,27159,0,14,89,103,Benign-only
CHIC1,53344,0,0,24,24,VUS/Other-only
CHIC2,26511,0,1,9,10,Benign-only
CHID1,66005,0,4,54,58,Benign-only
CHIT1,1118,0,96,86,182,Benign-only
CHKA,1119,5,5,50,60,Multiclass
CHKB,1120,37,194,178,409,Multiclass
CHKB;CHKB-CPT1B,-1,0,1,0,1,Benign-only
CHL1,10752,0,59,215,274,Benign-only
CHL1;CHL1-AS1;CHL1-AS2;CNTN6;LINC01266;LOC111429626;LOC126806585;LOC126806586;LOC129936035,-1,0,0,1,1,VUS/Other-only
CHL1;CHL1-AS1;CHL1-AS2;LINC01266;LOC111429626;LOC129936035,-1,0,0,1,1,VUS/Other-only
CHL1;CHL1-AS1;CNTN6;LINC01266;LOC111429626;LOC129936035,-1,0,0,2,2,VUS/Other-only
CHL1;CHL1-AS2;LOC111429626;LOC126806585;LOC126806586,-1,0,0,1,1,VUS/Other-only
CHL1;CHL1-AS2;LOC126806585;LOC126806586,-1,0,0,1,1,VUS/Other-only
CHLSN,84310,0,1,2,3,Benign-only
CHLSN;GPR146,-1,0,1,0,1,Benign-only
CHM,1121,300,402,211,913,Multiclass
CHML,1122,0,12,98,110,Benign-only
CHML;FH;KMO;LOC129932888;LOC129932889;OPN3;WDR64,-1,0,0,1,1,VUS/Other-only
CHMP1A,5119,5,147,86,238,Multiclass
CHMP1B,57132,0,2,32,34,Benign-only
CHMP2A,27243,0,0,22,22,VUS/Other-only
CHMP2B,25978,2,64,107,173,Multiclass
CHMP3,51652,0,0,12,12,VUS/Other-only
CHMP4A,29082,0,2,34,36,Benign-only
CHMP4B,128866,1,21,15,37,Multiclass
CHMP4C,92421,0,1,38,39,Benign-only
CHMP5,51510,0,1,24,25,Benign-only
CHMP6,79643,0,5,30,35,Benign-only
CHMP7,91782,0,2,58,60,Benign-only
CHN1,1123,4,19,96,119,Multiclass
CHN2,1124,0,3,36,39,Benign-only
CHODL,140578,0,1,28,29,Benign-only
CHODL;TMPRSS15,-1,0,0,1,1,VUS/Other-only
CHORDC1,26973,0,0,35,35,VUS/Other-only
CHP1,11261,0,1,0,1,Benign-only
CHP2,63928,0,1,40,41,Benign-only
CHPF,79586,0,5,123,128,Benign-only
CHPF2,54480,0,9,141,150,Benign-only
CHPT1,56994,0,3,46,49,Benign-only
CHRAC1,54108,0,1,16,17,Benign-only
CHRD,8646,0,17,154,171,Benign-only
CHRDL1,91851,15,24,53,92,Multiclass
CHRDL2,25884,0,2,54,56,Benign-only
CHRFAM7A,89832,0,4,41,45,Benign-only
CHRM1,1128,1,5,42,48,Multiclass
CHRM2,1129,0,115,128,243,Benign-only
CHRM3,1131,1,52,90,143,Multiclass
CHRM3;CHRM3-AS1;FMN2,-1,0,0,4,4,VUS/Other-only
CHRM4,1132,0,1,50,51,Benign-only
CHRM5,1133,0,5,54,59,Benign-only
CHRNA1,1134,38,222,274,534,Multiclass
CHRNA10,57053,0,6,88,94,Benign-only
CHRNA2,1135,2,322,441,765,Multiclass
CHRNA3,1136,12,64,115,191,Multiclass
CHRNA4,1137,8,548,464,1020,Multiclass
CHRNA5,1138,0,16,46,63,Benign-only
CHRNA6,8973,0,7,45,52,Benign-only
CHRNA7,1139,0,51,76,127,Benign-only
CHRNA7;LOC106736477;LOC125078053;LOC129390681;LOC130056727;OTUD7A,-1,0,0,1,1,VUS/Other-only
CHRNA7;LOC125078053;LOC129390681;LOC130056727;OTUD7A,-1,2,3,2,7,Multiclass
CHRNA9,55584,0,6,72,78,Benign-only
CHRNB1,1140,35,217,299,551,Multiclass
CHRNB2,1141,7,277,378,662,Multiclass
CHRNB3,1142,0,4,67,71,Benign-only
CHRNB4,1143,0,16,43,59,Benign-only
CHRND,1144,41,211,324,576,Multiclass
CHRNE,1145,257,684,414,1355,Multiclass
CHRNE;C17orf107,-1,1,0,0,1,Pathogenic-only
CHRNE;MINK1;C17orf107,-1,1,0,0,1,Pathogenic-only
CHRNG,1146,82,320,122,524,Multiclass
CHRNG;TIGD1,-1,0,0,2,2,VUS/Other-only
CHST1,8534,0,1,36,37,Benign-only
CHST10,9486,0,1,46,47,Benign-only
CHST11,50515,0,1,38,39,Benign-only
CHST12,55501,0,6,76,82,Benign-only
CHST13,166012,0,0,62,62,VUS/Other-only
CHST14,113189,32,172,211,415,Multiclass
CHST15,51363,0,6,80,86,Benign-only
CHST2,9435,0,2,66,68,Benign-only
CHST3,9469,48,184,215,447,Multiclass
CHST4,10164,0,10,67,77,Benign-only
CHST5,23563,0,12,66,78,Benign-only
CHST6,4166,52,90,224,366,Multiclass
CHST7,56548,0,5,37,42,Benign-only
CHST8,64377,0,12,68,80,Benign-only
CHST9,83539,0,5,59,64,Benign-only
CHSY1,22856,3,122,183,308,Multiclass
CHSY3,337876,0,5,127,132,Benign-only
CHTF18,63922,0,35,294,329,Benign-only
CHTF8,54921,0,0,17,17,VUS/Other-only
CHTF8;DERPC,-1,0,1,0,1,Benign-only
CHTOP,26097,0,3,33,36,Benign-only
CHUK,1147,4,168,97,269,Multiclass
CHURC1,91612,0,2,14,16,Benign-only
CHURC1-FNTB,100529261,0,2,0,2,Benign-only
CHURC1-FNTB;FNTB;MAX,-1,0,3,0,3,Benign-only
CHURC1;CHURC1-FNTB,-1,0,1,0,1,Benign-only
CIAO1,9391,1,3,44,48,Multiclass
CIAO1;LOC129934333;TMEM127,-1,0,1,0,1,Benign-only
CIAO2A,84191,0,0,25,25,VUS/Other-only
CIAO2B,51647,0,1,27,28,Benign-only
CIAO3,64428,0,14,85,99,Benign-only
CIAPIN1,57019,0,3,31,34,Benign-only
CIART,148523,0,5,52,57,Benign-only
CIB1,10519,15,105,79,199,Multiclass
CIB2,10518,22,124,82,228,Multiclass
CIB2;SH2D7,-1,1,0,0,1,Pathogenic-only
CIB3,117286,0,2,38,40,Benign-only
CIB4,130106,0,0,27,27,VUS/Other-only
CIBAR1,137392,3,2,34,39,Multiclass
CIBAR2,339145,0,3,75,78,Benign-only
CIC,23152,75,274,499,848,Multiclass
CIC;PAFAH1B3,-1,1,0,1,2,Pathogenic-only
CIDEA,1149,0,2,43,45,Benign-only
CIDEB,27141,0,2,37,39,Benign-only
CIDEC,63924,2,27,41,70,Multiclass
CIITA,4261,101,1032,577,1710,Multiclass
CILK1,22858,3,117,135,255,Multiclass
CILP,8483,0,11,215,226,Benign-only
CILP2,148113,0,9,223,232,Benign-only
CIMAP1A,113746,0,4,43,47,Benign-only
CIMAP1B,440836,0,0,37,37,VUS/Other-only
CIMAP1C,161753,0,2,51,53,Benign-only
CIMAP1D,284451,0,3,68,71,Benign-only
CIMAP2,163747,0,2,60,62,Benign-only
CIMAP3,128344,0,0,20,20,VUS/Other-only
CIMIP1,128602,0,1,3,4,Benign-only
CIMIP2A,401565,0,9,96,105,Benign-only
CIMIP2B,730112,0,5,49,54,Benign-only
CIMIP2B;RUSC2,-1,0,0,1,1,VUS/Other-only
CIMIP2C,339778,0,0,5,5,VUS/Other-only
CIMIP3;GUCA1A;GUCA1ANB-GUCA1A,-1,0,1,1,2,Benign-only
CIMIP3;GUCA1ANB-GUCA1A;GUCA1A,-1,0,1,2,3,Benign-only
CIMIP4,339669,0,9,50,59,Benign-only
CIMIP6,129852,0,0,3,3,VUS/Other-only
CIMIP7,646498,0,0,2,2,VUS/Other-only
CINP,51550,1,1,0,2,Multiclass
CIP2A,57650,0,9,122,131,Benign-only
CIPC,85457,0,2,59,61,Benign-only
CIR1,9541,0,0,10,10,VUS/Other-only
CIRBP,1153,0,3,22,25,Benign-only
CIROP,100128908,5,6,3,14,Multiclass
CIROZ,148345,3,3,9,15,Multiclass
CIRSR,9541,0,0,23,23,VUS/Other-only
CISD1,55847,0,0,15,15,VUS/Other-only
CISD2,493856,1,45,32,78,Multiclass
CISD2;SLC9B1,-1,0,1,2,3,Benign-only
CISD3,284106,0,0,20,20,VUS/Other-only
CISD3;PCGF2,-1,0,0,1,1,VUS/Other-only
CISH,1154,0,5,28,33,Benign-only
CIT,11113,19,376,300,695,Multiclass
CITED1,4435,0,3,18,21,Benign-only
CITED2,10370,1,19,70,90,Multiclass
CITED4,163732,0,1,44,45,Benign-only
CIZ1,25792,0,190,229,419,Benign-only
CKAP2,26586,0,14,85,99,Benign-only
CKAP2L,150468,17,90,143,250,Multiclass
CKAP4,10970,0,11,75,86,Benign-only
CKAP5,9793,0,9,189,198,Benign-only
CKB,1152,0,0,33,33,VUS/Other-only
CKLF,51192,0,2,10,12,Benign-only
CKLF-CMTM1,100529251,0,1,3,4,Benign-only
CKM,1158,0,4,63,67,Benign-only
CKMT1A,548596,0,2,25,27,Benign-only
CKMT1B,1159,0,2,23,25,Benign-only
CKMT2,1160,0,1,66,67,Benign-only
CKS1B,1163,0,0,3,3,VUS/Other-only
CKS2,1164,0,0,4,4,VUS/Other-only
CLASP1,23332,1,4,131,136,Multiclass
CLASP1;CLASP1-AS1;RNU4ATAC,-1,7,9,3,19,Multiclass
CLASP2,23122,0,10,112,122,Benign-only
CLASRP,11129,0,5,122,127,Benign-only
CLBA1,122616,0,1,5,6,Benign-only
CLC,1178,0,1,10,11,Benign-only
CLCA1,1179,0,16,100,116,Benign-only
CLCA2,9635,0,14,143,157,Benign-only
CLCA4,22802,0,18,120,138,Benign-only
CLCC1,23155,1,137,182,320,Multiclass
CLCF1,23529,0,17,43,60,Benign-only
CLCN1,1180,336,651,617,1604,Multiclass
CLCN1;FAM131B,-1,1,0,0,1,Pathogenic-only
CLCN2,1181,39,223,378,640,Multiclass
CLCN3,1182,15,17,149,181,Multiclass
CLCN4,1183,60,326,302,688,Multiclass
CLCN5,1184,119,135,246,500,Multiclass
CLCN6,1185,1,472,541,1014,Multiclass
CLCN6;MTHFR,-1,0,0,1,1,VUS/Other-only
CLCN7,1186,89,728,528,1345,Multiclass
CLCNKA,1187,2,136,114,252,Multiclass
CLCNKB,1188,82,345,232,659,Multiclass
CLDN1,9076,5,39,51,95,Multiclass
CLDN10,9071,3,9,27,39,Multiclass
CLDN11,5010,1,5,14,20,Multiclass
CLDN12,9069,0,0,18,18,VUS/Other-only
CLDN14,23562,17,41,110,168,Multiclass
CLDN14-AS1;CLDN14,-1,0,0,1,1,VUS/Other-only
CLDN15,24146,0,0,31,31,VUS/Other-only
CLDN16,10686,33,78,123,234,Multiclass
CLDN17,26285,0,3,32,35,Benign-only
CLDN18,51208,0,2,36,38,Benign-only
CLDN19,149461,22,65,109,196,Multiclass
CLDN1;CLDN16;LOC112935919;LOC123464485;LOC129938153;TMEM207,-1,0,0,1,1,VUS/Other-only
CLDN2,9075,0,4,8,12,Benign-only
CLDN20,49861,0,1,28,29,Benign-only
CLDN22,53842,0,4,31,35,Benign-only
CLDN23,137075,0,3,66,69,Benign-only
CLDN24,100132463,0,3,26,29,Benign-only
CLDN25,644672,0,2,43,45,Benign-only
CLDN3,1365,0,0,34,34,VUS/Other-only
CLDN34,100288814,0,4,23,27,Benign-only
CLDN4,1364,0,2,25,27,Benign-only
CLDN5,7122,5,9,32,46,Multiclass
CLDN6,9074,0,5,37,42,Benign-only
CLDN7,1366,0,6,28,34,Benign-only
CLDN8,9073,0,5,33,38,Benign-only
CLDN9,9080,2,10,55,67,Multiclass
CLDND1,56650,0,0,41,41,VUS/Other-only
CLDND2,125875,0,2,27,29,Benign-only
CLEC10A,10462,0,6,29,35,Benign-only
CLEC11A,6320,0,1,56,57,Benign-only
CLEC12A,160364,0,6,33,39,Benign-only
CLEC12A;CLEC12A-AS1;CLEC2A;KLRF2;LINC02470;LOC126861446;LOC129390396,-1,0,0,1,1,VUS/Other-only
CLEC12B,387837,0,1,29,30,Benign-only
CLEC14A,161198,0,3,77,80,Benign-only
CLEC16A,23274,0,17,150,167,Benign-only
CLEC17A,388512,0,6,40,46,Benign-only
CLEC18A,348174,0,4,64,68,Benign-only
CLEC18B,497190,0,11,59,70,Benign-only
CLEC18C,283971,0,6,36,42,Benign-only
CLEC19A,728276,0,2,0,2,Benign-only
CLEC1A,51267,0,10,32,42,Benign-only
CLEC1B,51266,0,5,48,53,Benign-only
CLEC2A,387836,0,2,20,22,Benign-only
CLEC2B,9976,0,3,19,22,Benign-only
CLEC2D,29121,0,0,12,12,VUS/Other-only
CLEC2L,154790,0,0,42,42,VUS/Other-only
CLEC3A,10143,0,0,8,8,VUS/Other-only
CLEC3B,7123,0,0,26,26,VUS/Other-only
CLEC4A,50856,0,7,29,36,Benign-only
CLEC4C,170482,0,3,22,25,Benign-only
CLEC4D,338339,0,4,35,39,Benign-only
CLEC4E,26253,0,4,23,27,Benign-only
CLEC4F,165530,0,15,76,91,Benign-only
CLEC4G,339390,0,1,23,24,Benign-only
CLEC4M,10332,0,7,29,36,Benign-only
CLEC5A,23601,0,0,25,25,VUS/Other-only
CLEC6A,93978,0,4,22,26,Benign-only
CLEC7A,64581,0,9,32,41,Benign-only
CLEC9A,283420,0,7,27,34,Benign-only
CLECL1,160365,0,2,15,17,Benign-only
CLGN,1047,0,5,81,86,Benign-only
CLHC1,130162,0,6,94,100,Benign-only
CLIC1,1192,0,4,22,26,Benign-only
CLIC2,1193,0,12,28,40,Benign-only
CLIC3,9022,0,0,37,37,VUS/Other-only
CLIC4,25932,0,0,19,19,VUS/Other-only
CLIC5,53405,1,94,87,182,Multiclass
CLIC5;ENPP4;LOC129996583;LOC129996584;LOC129996585,-1,0,0,1,1,VUS/Other-only
CLIC6,54102,0,31,135,166,Benign-only
CLINT1,9685,0,2,83,85,Benign-only
CLIP1,6249,0,35,168,203,Benign-only
CLIP2,7461,0,38,135,173,Benign-only
CLIP3,25999,0,3,65,68,Benign-only
CLIP4,79745,0,2,86,88,Benign-only
CLK1,1195,0,3,67,70,Benign-only
CLK2,1196,0,4,78,82,Benign-only
CLK3,1198,0,1,101,102,Benign-only
CLK4,57396,0,2,46,48,Benign-only
CLLU1-AS1,574016,0,1,10,11,Benign-only
CLMB,404550,0,1,0,1,Benign-only
CLMN,79789,0,31,151,182,Benign-only
CLMP,79827,7,8,44,59,Multiclass
CLN3,1201,198,575,342,1115,Multiclass
CLN5,1203,141,310,260,711,Multiclass
CLN6,54982,108,389,236,733,Multiclass
CLN8,2055,73,235,222,530,Multiclass
CLNK,116449,0,14,68,82,Benign-only
CLNS1A,1207,0,1,26,27,Benign-only
CLOCK,9575,0,10,74,84,Benign-only
CLP1,10978,4,54,68,126,Multiclass
CLPB,81570,40,354,439,833,Multiclass
CLPP,8192,16,136,72,224,Multiclass
CLPS,1208,0,4,11,15,Benign-only
CLPSL1,340204,0,1,24,25,Benign-only
CLPSL2,389383,0,0,16,16,VUS/Other-only
CLPTM1,1209,0,11,85,96,Benign-only
CLPTM1L,81037,0,6,81,87,Benign-only
CLPX,10845,1,60,88,149,Multiclass
CLRN1,7401,84,163,145,392,Multiclass
CLRN1-AS1;CLRN1,-1,1,0,0,1,Pathogenic-only
CLRN1;CLRN1-AS1,-1,1,0,0,1,Pathogenic-only
CLRN2,645104,0,4,37,41,Benign-only
CLRN3,119467,0,6,36,42,Benign-only
CLSPN,63967,0,9,173,182,Benign-only
CLSTN1,22883,0,11,145,156,Benign-only
CLSTN2,64084,0,13,150,163,Benign-only
CLSTN3,9746,0,8,136,144,Benign-only
CLTA,1211,0,2,28,30,Benign-only
CLTB,1212,0,0,29,29,VUS/Other-only
CLTC,1213,119,533,516,1168,Multiclass
CLTC;PTRH2,-1,1,0,0,1,Pathogenic-only
CLTCL1,8218,0,70,270,340,Benign-only
CLTRN,57393,0,2,22,24,Benign-only
CLU,1191,0,17,0,17,Benign-only
CLUAP1,23059,1,171,276,448,Multiclass
CLUH,23277,0,18,199,217,Benign-only
CLUL1,27098,0,1,61,62,Benign-only
CLVS1,157807,0,1,28,29,Benign-only
CLVS2,134829,0,1,23,24,Benign-only
CLXN,79645,3,1,24,28,Multiclass
CLYBL,171425,0,2,59,61,Benign-only
CMA1,1215,0,2,40,42,Benign-only
CMAS,55907,0,5,33,38,Benign-only
CMBL,134147,0,6,43,49,Benign-only
CMC1,152100,0,0,19,19,VUS/Other-only
CMC2,56942,0,2,9,11,Benign-only
CMC4,100272147,0,0,8,8,VUS/Other-only
CMC4;FUNDC2;LOC121627986;LOC130068895;MTCP1,-1,0,0,1,1,VUS/Other-only
CMIP,80790,0,34,80,114,Benign-only
CMKLR1,1240,0,2,57,59,Benign-only
CMKLR2,2825,0,2,54,56,Benign-only
CMPK1,51727,0,0,11,11,VUS/Other-only
CMPK2,129607,1,10,93,104,Multiclass
CMSS1,84319,0,1,35,36,Benign-only
CMTM1,113540,0,4,33,37,Benign-only
CMTM2,146225,0,3,37,40,Benign-only
CMTM3,123920,0,0,23,23,VUS/Other-only
CMTM4,146223,0,0,25,25,VUS/Other-only
CMTM5,116173,0,5,40,45,Benign-only
CMTM6,54918,0,0,17,17,VUS/Other-only
CMTM7,112616,0,1,22,23,Benign-only
CMTM8,152189,0,0,27,27,VUS/Other-only
CMTR1,23070,0,2,71,73,Benign-only
CMTR2,55783,0,7,95,102,Benign-only
CMYA5,202333,0,122,547,669,Benign-only
CNBD1,168975,0,7,62,69,Benign-only
CNBD2,140894,0,8,92,100,Benign-only
CNBP,7555,0,1,10,11,Benign-only
CNDP1,84735,0,19,72,91,Benign-only
CNDP2,55748,0,7,78,85,Benign-only
CNE-2;CNE-3;CNE-5;GTPBP6;LINC00685;LOC107652445;PLCXD1;PPP2R3B;SHOX,-1,0,0,2,2,VUS/Other-only
CNE-2;LOC107652445;SHOX,-1,0,0,1,1,VUS/Other-only
CNE4;CNE5;CNE6;CNE7;LOC107652445;LOC108251802;SHOX,-1,0,0,1,1,VUS/Other-only
CNE6;CNE7;CNE8;CNE9;LOC108251802;LOC108251803,-1,0,0,1,1,VUS/Other-only
CNE7;CNE-2;CNE4;CNE5;CNE6;LOC107652445;LOC108251802;SHOX,-1,0,0,1,1,VUS/Other-only
CNE7;CNE8;CNE9;CRLF2;LOC108251802;LOC108251803,-1,0,0,1,1,VUS/Other-only
CNEP1R1,255919,0,0,9,9,VUS/Other-only
CNFN,84518,0,0,13,13,VUS/Other-only
CNGA1,1259,73,158,256,487,Multiclass
CNGA1;LOC101927157,-1,0,0,1,1,VUS/Other-only
CNGA2,1260,0,18,70,88,Benign-only
CNGA3,1261,193,218,292,703,Multiclass
CNGA4,1262,0,8,90,98,Benign-only
CNGB1,1258,166,530,623,1319,Multiclass
CNGB3,54714,231,612,369,1212,Multiclass
CNIH1,10175,0,0,11,11,VUS/Other-only
CNIH2,254263,0,1,9,10,Benign-only
CNIH3,149111,0,0,19,19,VUS/Other-only
CNIH4,29097,0,0,16,16,VUS/Other-only
CNKSR1,10256,2,26,83,111,Multiclass
CNKSR2,22866,53,37,167,257,Multiclass
CNKSR3,154043,0,4,75,79,Benign-only
CNMD,11061,0,3,55,58,Benign-only
CNN1,1264,0,2,54,56,Benign-only
CNN2,1265,0,1,49,50,Benign-only
CNN3,1266,0,0,25,25,VUS/Other-only
CNNM1,26507,0,15,110,125,Benign-only
CNNM2,54805,46,2419,357,2822,Multiclass
CNNM2;NT5C2,-1,0,2,0,2,Benign-only
CNNM3,26505,0,3,137,140,Benign-only
CNNM4,26504,36,213,286,535,Multiclass
CNOT1,23019,42,373,460,875,Multiclass
CNOT10,25904,0,2,78,80,Benign-only
CNOT11,55571,0,1,28,29,Benign-only
CNOT12,85456,0,4,0,4,Benign-only
CNOT2,4848,7,11,52,70,Multiclass
CNOT3,4849,64,128,211,403,Multiclass
CNOT3;LENG1;MBOAT7;PRPF31;TMC4,-1,1,0,0,1,Pathogenic-only
CNOT4,4850,0,0,54,54,VUS/Other-only
CNOT6,57472,0,0,29,29,VUS/Other-only
CNOT6L,246175,0,4,35,39,Benign-only
CNOT7,29883,0,1,15,16,Benign-only
CNOT8,9337,0,1,15,16,Benign-only
CNOT9,9125,4,1,23,28,Multiclass
CNP,1267,0,10,53,63,Benign-only
CNPPD1,27013,0,6,69,75,Benign-only
CNPY1,285888,0,0,11,11,VUS/Other-only
CNPY2,10330,1,1,29,31,Multiclass
CNPY3,10695,5,6,56,67,Multiclass
CNPY3-GNMT;GNMT;PEX6,-1,0,0,1,1,VUS/Other-only
CNPY4,245812,0,3,36,39,Benign-only
CNR1,1268,0,7,36,43,Benign-only
CNR2,1269,0,3,50,53,Benign-only
CNRIP1,25927,0,0,20,20,VUS/Other-only
CNST,163882,0,3,103,106,Benign-only
CNTD1,124817,0,4,33,37,Benign-only
CNTF,1270,0,5,42,47,Benign-only
CNTFR,1271,0,2,44,46,Benign-only
CNTLN,54875,0,20,238,258,Benign-only
CNTN1,1272,22,402,282,706,Multiclass
CNTN2,6900,39,454,362,855,Multiclass
CNTN3,5067,0,19,120,139,Benign-only
CNTN4,152330,0,131,148,280,Benign-only
CNTN4;CNTN4-AS2;CNTN6;LINC01266;LOC107522035;LOC122889017;LOC126806587;LOC129936035,-1,0,0,1,1,VUS/Other-only
CNTN4;CNTN4-AS2;LOC107522028;LOC129936036;LOC132088944;LOC132088949,-1,0,0,1,1,VUS/Other-only
CNTN4;CNTN4-AS2;LOC107522028;LOC132088944;LOC132088949,-1,0,0,2,2,VUS/Other-only
CNTN4;LOC107522028;LOC129936036;LOC129936037;LOC129936038;LOC132088944;LOC132088949,-1,0,0,1,1,VUS/Other-only
CNTN4;LOC107522028;LOC129936036;LOC129936037;LOC129936038;LOC132088949,-1,0,0,2,2,VUS/Other-only
CNTN4;LOC107522028;LOC132088949,-1,0,0,1,1,VUS/Other-only
CNTN4;LOC129936038,-1,0,0,1,1,VUS/Other-only
CNTN5,53942,0,16,167,183,Benign-only
CNTN6,27255,5,25,185,215,Multiclass
CNTN6;LOC107522035;LOC122889017;LOC126806587,-1,0,0,1,1,VUS/Other-only
CNTN6;LOC126806587,-1,2,0,2,4,Pathogenic-only
CNTNAP1,8506,34,274,292,600,Multiclass
CNTNAP2,26047,103,804,902,1809,Multiclass
CNTNAP2;LOC105375553;LOC126860215;LOC129389915;LOC129389916;LOC129389917;LOC129389918;LOC129389919,-1,1,0,0,1,Pathogenic-only
CNTNAP2;LOC123956262;LOC129389920,-1,1,0,1,2,Pathogenic-only
CNTNAP2;LOC129999529;LOC132089517,-1,1,0,0,1,Pathogenic-only
CNTNAP3,79937,0,17,195,212,Benign-only
CNTNAP3B,728577,0,28,302,330,Benign-only
CNTNAP4,85445,0,20,62,82,Benign-only
CNTNAP4;LINC02125;LOC126862404;LOC132090402;LOC132090403,-1,0,0,1,1,VUS/Other-only
CNTNAP5,129684,0,22,182,204,Benign-only
CNTNAP5;CNTNAP5-DT,-1,0,0,1,1,VUS/Other-only
CNTRL,11064,0,40,276,316,Benign-only
CNTROB,116840,0,11,142,153,Benign-only
COA1,55744,0,1,20,21,Benign-only
COA3,28958,0,9,33,42,Benign-only
COA4,51287,0,0,11,11,VUS/Other-only
COA5,493753,0,22,12,34,Benign-only
COA6,388753,3,43,23,69,Multiclass
COA7,65260,4,36,34,74,Multiclass
COA8,84334,13,92,68,173,Multiclass
COASY,80347,30,158,199,387,Multiclass
COBL,23242,0,29,208,237,Benign-only
COBLL1,22837,0,20,179,199,Benign-only
COCH,1690,33,115,165,313,Multiclass
COG1,9382,23,216,284,523,Multiclass
COG2,22796,7,146,123,276,Multiclass
COG3,83548,0,2,87,89,Benign-only
COG4,25839,31,150,252,433,Multiclass
COG5,10466,61,432,427,920,Multiclass
COG6,57511,32,172,197,401,Multiclass
COG7,91949,28,312,244,584,Multiclass
COG8,84342,15,102,145,262,Multiclass
COG8;NIP7,-1,0,1,0,1,Benign-only
COIL,8161,0,7,88,95,Benign-only
COL10A1,1300,67,120,324,511,Multiclass
COL10A1;NT5DC1,-1,1,0,0,1,Pathogenic-only
COL11A1,1301,222,1581,1243,3046,Multiclass
COL11A2,1302,188,1636,1002,2826,Multiclass
COL12A1,1303,129,1598,1998,3725,Multiclass
COL13A1,1305,42,492,262,796,Multiclass
COL14A1,7373,0,133,197,330,Benign-only
COL15A1,1306,0,23,215,238,Benign-only
COL16A1,1307,0,19,236,255,Benign-only
COL17A1,1308,157,1072,386,1615,Multiclass
COL18A1,80781,198,1630,1212,3040,Multiclass
COL18A1;SLC19A1,-1,2,2,0,4,Multiclass
COL19A1,1310,0,107,178,285,Benign-only
COL1A1,1277,1389,1171,793,3353,Multiclass
COL1A2,1278,683,983,880,2546,Multiclass
COL1A2;COL1A2-AS1,-1,1,0,0,1,Pathogenic-only
COL20A1,57642,0,30,258,288,Benign-only
COL21A1,81578,0,11,123,134,Benign-only
COL22A1,169044,0,20,295,315,Benign-only
COL23A1,91522,0,3,93,96,Benign-only
COL24A1,255631,0,20,228,248,Benign-only
COL25A1,84570,8,31,91,130,Multiclass
COL25A1;ETNPPL;LOC132088989;OSTC,-1,0,0,1,1,VUS/Other-only
COL26A1,136227,0,2,66,68,Benign-only
COL27A1,85301,156,1738,529,2423,Multiclass
COL28A1,340267,0,14,179,193,Benign-only
COL2A1,1280,1073,1277,835,3185,Multiclass
COL3A1,1281,697,1385,1366,3448,Multiclass
COL3A1;LOC126806446;MIR3606,-1,0,0,1,1,VUS/Other-only
COL4A1,1282,376,1218,1073,2667,Multiclass
COL4A1;COL4A2,-1,0,6,1,7,Benign-only
COL4A2,1284,83,862,717,1662,Multiclass
COL4A2-AS1;COL4A2,-1,0,1,0,1,Benign-only
COL4A2;COL4A2-AS1,-1,1,0,1,2,Pathogenic-only
COL4A2;COL4A2-AS2,-1,0,2,1,3,Benign-only
COL4A3,1285,856,1465,730,3051,Multiclass
COL4A3;COL4A4;LOC129935730,-1,1,0,0,1,Pathogenic-only
COL4A3;MFF-DT,-1,4,1,1,6,Multiclass
COL4A4,1286,856,1574,880,3310,Multiclass
COL4A4;COL4A3,-1,0,0,1,1,VUS/Other-only
COL4A5,1287,1320,1054,520,2894,Multiclass
COL4A5;COL4A6;IRS4;IRS4-AS1;LOC126863301,-1,0,0,2,2,VUS/Other-only
COL4A6,1288,4,344,322,670,Multiclass
COL5A1,1289,364,2292,1116,3772,Multiclass
COL5A1;LOC101448202,-1,0,9,0,9,Benign-only
COL5A2,1290,55,1222,858,2135,Multiclass
COL5A2;LOC129935237;LOC129935238;LOC129935239;LOC129935240;MIR3129;WDR75,-1,0,0,1,1,VUS/Other-only
COL5A3,50509,0,28,265,293,Benign-only
COL6A1,1291,187,945,539,1671,Multiclass
COL6A2,1292,252,853,821,1926,Multiclass
COL6A2-DT;LOC130066866,-1,0,0,1,1,VUS/Other-only
COL6A3,1293,197,1326,1715,3238,Multiclass
COL6A5,256076,0,61,319,380,Benign-only
COL6A6,131873,1,63,357,421,Multiclass
COL7A1,1294,1066,3190,1497,5753,Multiclass
COL8A1,1295,0,2,69,71,Benign-only
COL8A2,1296,0,56,130,186,Benign-only
COL9A1,1297,100,813,526,1439,Multiclass
COL9A2,1298,53,625,579,1257,Multiclass
COL9A2;LOC129930261,-1,3,0,0,3,Pathogenic-only
COL9A3,1299,48,857,770,1675,Multiclass
COLEC10,10584,4,10,44,58,Multiclass
COLEC11,78989,3,49,54,106,Multiclass
COLEC12,81035,0,12,87,99,Benign-only
COLGALT1,79709,2,101,191,294,Multiclass
COLGALT1;LOC112543463;LOC130063953;LOC130063954;UNC13A,-1,0,0,1,1,VUS/Other-only
COLGALT2,23127,0,3,93,96,Benign-only
COLQ,8292,115,281,239,635,Multiclass
COMMD1,150684,0,1,24,25,Benign-only
COMMD10,51397,0,3,32,35,Benign-only
COMMD10;LOC101927190;LOC126807485;LOC129994412;LOC129994413;MIR12130;SEMA6A;SEMA6A-AS1,-1,0,0,1,1,VUS/Other-only
COMMD10;LOC101927190;LOC129994412;LOC129994413;MIR12130;SEMA6A;SEMA6A-AS1,-1,0,0,1,1,VUS/Other-only
COMMD2,51122,0,2,29,31,Benign-only
COMMD3,23412,0,1,6,7,Benign-only
COMMD3-BMI1,100532731,0,0,7,7,VUS/Other-only
COMMD4,54939,0,0,33,33,VUS/Other-only
COMMD5,28991,0,4,35,39,Benign-only
COMMD6,170622,0,0,8,8,VUS/Other-only
COMMD7,149951,0,2,30,32,Benign-only
COMMD8,54951,0,5,28,33,Benign-only
COMMD9,29099,0,2,20,22,Benign-only
COMP,1311,162,261,402,825,Multiclass
COMT,1312,1,25,15,41,Multiclass
COMTD1,118881,0,1,43,44,Benign-only
COP1,64326,0,9,72,81,Benign-only
COPA,1314,7,503,417,927,Multiclass
COPB1,1315,1,14,91,106,Multiclass
COPB2,9276,7,72,116,195,Multiclass
COPB2;MRPS22,-1,0,1,0,1,Benign-only
COPE,11316,0,0,54,54,VUS/Other-only
COPG1,22820,0,26,119,145,Benign-only
COPG2,26958,0,0,25,25,VUS/Other-only
COPRS,55352,0,0,28,28,VUS/Other-only
COPS2,9318,0,3,20,23,Benign-only
COPS3,8533,0,3,23,26,Benign-only
COPS4,51138,0,0,18,18,VUS/Other-only
COPS5,10987,0,0,17,17,VUS/Other-only
COPS6,10980,0,0,31,31,VUS/Other-only
COPS7A,50813,0,0,29,29,VUS/Other-only
COPS7B,64708,0,0,26,26,VUS/Other-only
COPS8,10920,0,0,29,29,VUS/Other-only
COPS9,150678,0,0,1,1,VUS/Other-only
COPZ1,22818,1,2,19,22,Multiclass
COPZ2,51226,0,1,1,2,Benign-only
COQ10A,93058,0,0,42,42,VUS/Other-only
COQ10B,80219,0,3,22,25,Benign-only
COQ2,27235,39,195,198,432,Multiclass
COQ2;LOC112997540,-1,0,0,1,1,VUS/Other-only
COQ3,51805,0,4,48,52,Benign-only
COQ4,51117,36,166,120,322,Multiclass
COQ5,84274,1,13,48,62,Multiclass
COQ6,51004,27,168,170,365,Multiclass
COQ6;ENTPD5,-1,0,3,0,3,Benign-only
COQ7,10229,5,114,104,223,Multiclass
COQ7;COQ7-DT;LOC130058587,-1,1,0,0,1,Pathogenic-only
COQ8A,56997,100,328,288,716,Multiclass
COQ8B,79934,34,159,94,287,Multiclass
COQ9,57017,24,162,150,336,Multiclass
CORIN,10699,2,25,176,203,Multiclass
CORO1A,11151,17,221,136,374,Multiclass
CORO1B,57175,0,2,98,100,Benign-only
CORO1C,23603,0,0,41,41,VUS/Other-only
CORO2A,7464,0,5,88,93,Benign-only
CORO2B,10391,0,3,56,59,Benign-only
CORO6,84940,0,2,80,82,Benign-only
CORO7,79585,0,2,5,7,Benign-only
CORO7-PAM16,100529144,0,1,14,15,Benign-only
CORO7-PAM16;PAM16,-1,0,0,4,4,VUS/Other-only
CORO7;CORO7-PAM16,-1,0,1,0,1,Benign-only
CORT,1325,0,2,6,8,Benign-only
COTL1,23406,0,0,25,25,VUS/Other-only
COX10,1352,11,139,170,320,Multiclass
COX10;LOC105943586,-1,0,0,1,1,VUS/Other-only
COX11,1353,0,5,32,37,Benign-only
COX14,84987,1,19,24,44,Multiclass
COX15,1355,44,232,195,471,Multiclass
COX15;ENTPD7,-1,0,1,0,1,Benign-only
COX16,51241,1,3,14,18,Multiclass
COX17,10063,0,0,8,8,VUS/Other-only
COX18,285521,0,6,57,63,Benign-only
COX19,90639,0,2,14,16,Benign-only
COX20,116228,11,74,65,150,Multiclass
COX20;HNRNPU,-1,0,2,0,2,Benign-only
COX4I1,1327,0,5,30,35,Benign-only
COX4I2,84701,0,33,47,80,Benign-only
COX5A,9377,0,4,23,27,Benign-only
COX5B,1329,0,2,17,19,Benign-only
COX6A1,1337,1,59,54,114,Multiclass
COX6A2,1339,1,1,23,25,Multiclass
COX6B1,1340,2,33,24,59,Multiclass
COX6B2,125965,0,1,11,12,Benign-only
COX6C,1345,0,1,13,14,Benign-only
COX7A1,1346,0,0,15,15,VUS/Other-only
COX7A2,1347,0,3,22,25,Benign-only
COX7A2L,9167,0,0,15,15,VUS/Other-only
COX7B,1349,1,21,11,33,Multiclass
COX7B2,170712,0,0,12,12,VUS/Other-only
COX7B;LOC130068460;LOC130068461;MAGT1,-1,1,0,0,1,Pathogenic-only
COX7C,1350,0,1,3,4,Benign-only
COX8A,1351,0,19,14,33,Benign-only
COX8C,341947,0,2,15,17,Benign-only
COXFA4,4697,4,23,11,38,Multiclass
COXFA4L2,56901,0,0,5,5,VUS/Other-only
CP,1356,68,295,328,691,Multiclass
CP;HPS3,-1,1,3,6,10,Multiclass
CPA1,1357,3,423,641,1067,Multiclass
CPA2,1358,0,3,57,60,Benign-only
CPA3,1359,0,6,59,65,Benign-only
CPA4,51200,0,3,60,63,Benign-only
CPA5,93979,0,8,76,84,Benign-only
CPA6,57094,4,45,175,224,Multiclass
CPAMD8,27151,29,277,387,693,Multiclass
CPAP,55835,74,275,291,640,Multiclass
CPAP;RNF17,-1,1,0,1,2,Pathogenic-only
CPB1,1360,0,9,53,62,Benign-only
CPB2,1361,0,10,35,45,Benign-only
CPD,1362,0,13,145,158,Benign-only
CPE,1363,6,32,52,90,Multiclass
CPEB1,64506,0,2,58,60,Benign-only
CPEB2,132864,0,2,221,223,Benign-only
CPEB3,22849,0,2,92,94,Benign-only
CPEB4,80315,0,0,55,55,VUS/Other-only
CPED1,79974,0,17,138,155,Benign-only
CPHXL,105371346,0,8,0,8,Benign-only
CPLANE1,65250,343,947,1159,2449,Multiclass
CPLANE1-AS1;LOC129993816,-1,0,1,0,1,Benign-only
CPLANE2,79363,0,4,54,58,Benign-only
CPLX1,10815,3,36,41,80,Multiclass
CPLX2,10814,0,0,9,9,VUS/Other-only
CPLX3,594855,0,0,25,25,VUS/Other-only
CPLX4,339302,0,0,16,16,VUS/Other-only
CPM,1368,0,2,44,46,Benign-only
CPN1,1369,1,7,52,60,Multiclass
CPN2,1370,0,6,84,90,Benign-only
CPNE1,8904,0,6,83,89,Benign-only
CPNE2,221184,0,2,78,80,Benign-only
CPNE3,8895,0,2,65,67,Benign-only
CPNE4,131034,0,1,41,42,Benign-only
CPNE5,57699,0,7,58,65,Benign-only
CPNE6,9362,0,2,52,54,Benign-only
CPNE7,27132,0,8,155,163,Benign-only
CPNE8,144402,0,1,38,39,Benign-only
CPNE9,151835,0,0,65,65,VUS/Other-only
CPO,130749,0,4,53,57,Benign-only
CPOX,1371,31,101,175,307,Multiclass
CPPED1,55313,0,3,67,70,Benign-only
CPQ,10404,0,11,63,74,Benign-only
CPS1,1373,384,1210,423,2017,Multiclass
CPSF1,29894,5,15,228,248,Multiclass
CPSF2,53981,0,2,57,59,Benign-only
CPSF3,51692,0,10,47,57,Benign-only
CPSF4,10898,0,1,10,11,Benign-only
CPSF4L,642843,0,1,26,27,Benign-only
CPSF6,11052,0,0,34,34,VUS/Other-only
CPSF7,79869,0,0,53,53,VUS/Other-only
CPT1A,1374,168,641,246,1055,Multiclass
CPT1B,1375,0,13,129,142,Benign-only
CPT1C,126129,15,171,221,407,Multiclass
CPT2,1376,211,437,360,1008,Multiclass
CPTP,80772,0,9,47,56,Benign-only
CPVL,54504,0,3,60,63,Benign-only
CPXCR1,53336,0,6,30,36,Benign-only
CPXM1,56265,0,13,97,110,Benign-only
CPXM2,119587,0,7,142,149,Benign-only
CPZ,8532,0,23,227,250,Benign-only
CR1,1378,0,30,230,260,Benign-only
CR1L,1379,0,13,98,111,Benign-only
CR2,1380,62,360,412,834,Multiclass
CR2;LOC126805994,-1,0,0,1,1,VUS/Other-only
CRABP1,1381,0,0,14,14,VUS/Other-only
CRABP2,1382,0,2,21,23,Benign-only
CRACD,57482,0,7,226,233,Benign-only
CRACDL,343990,0,11,171,182,Benign-only
CRACR2A,84766,0,27,114,141,Benign-only
CRACR2B,283229,0,1,50,51,Benign-only
CRADD,8738,7,37,34,78,Multiclass
CRAMP1,57585,0,12,205,217,Benign-only
CRAT,1384,1,120,228,349,Multiclass
CRB1,23418,523,770,619,1912,Multiclass
CRB2,286204,41,369,370,780,Multiclass
CRB3,92359,0,1,22,23,Benign-only
CRBN,51185,10,26,73,109,Multiclass
CRCP,27297,0,0,23,23,VUS/Other-only
CRCT1,54544,0,1,20,21,Benign-only
CREB1,1385,0,5,22,27,Benign-only
CREB3,10488,0,5,45,50,Benign-only
CREB3;GBA2,-1,1,0,0,1,Pathogenic-only
CREB3L1,90993,13,187,149,349,Multiclass
CREB3L2,64764,0,2,63,65,Benign-only
CREB3L3,84699,18,137,156,311,Multiclass
CREB3L4,148327,0,6,49,55,Benign-only
CREB5,9586,0,0,60,60,VUS/Other-only
CREBBP,1387,448,1033,1078,2559,Multiclass
CREBBP;LOC125146381;LOC125146382;LOC130058356;LOC130058357;LOC130058358,-1,1,0,0,1,Pathogenic-only
CREBBP;LOC130058351;LOC130058352;TRAP1,-1,1,0,0,1,Pathogenic-only
CREBL2,1389,1,0,10,11,Pathogenic-only
CREBRF,153222,0,5,54,59,Benign-only
CREBZF,58487,0,1,51,52,Benign-only
CREG1,8804,0,0,39,39,VUS/Other-only
CREG2,200407,0,1,51,52,Benign-only
CRELD1,78987,11,79,114,204,Multiclass
CRELD1;IL17RC;LOC129936144,-1,0,1,0,1,Benign-only
CRELD2,79174,0,9,87,96,Benign-only
CREM,1390,0,4,25,29,Benign-only
CRH,1392,0,11,34,45,Benign-only
CRHBP,1393,0,4,24,28,Benign-only
CRHR1,1394,0,12,49,61,Benign-only
CRHR2,1395,0,8,68,76,Benign-only
CRIM1,51232,0,26,155,181,Benign-only
CRIM1;FEZ2;LOC126806190,-1,0,0,1,1,VUS/Other-only
CRIP1,1396,0,1,24,25,Benign-only
CRIP2,1397,0,5,38,43,Benign-only
CRIP3,401262,0,1,29,30,Benign-only
CRIPAK;LOC126806945;UVSSA,-1,0,44,126,170,Benign-only
CRIPT,9419,9,45,33,87,Multiclass
CRIPTO,6997,0,37,28,65,Benign-only
CRIPTO3,6998,0,1,0,1,Benign-only
CRISP1,167,0,8,43,51,Benign-only
CRISP2,7180,0,4,34,38,Benign-only
CRISP3,10321,0,3,35,38,Benign-only
CRISPLD1,83690,0,2,73,75,Benign-only
CRISPLD2,83716,0,13,122,135,Benign-only
CRK,1398,0,5,30,35,Benign-only
CRKL,1399,0,25,26,51,Benign-only
CRLF1,9244,25,109,93,227,Multiclass
CRLF3,51379,0,1,42,43,Benign-only
CRLS1,54675,0,6,38,44,Benign-only
CRMP1,1400,0,14,107,121,Benign-only
CRNKL1,51340,1,6,70,77,Multiclass
CRNN,49860,0,8,72,80,Benign-only
CROCC,9696,0,54,486,540,Benign-only
CROCC2,728763,0,4,0,4,Benign-only
CROT,54677,0,7,93,100,Benign-only
CRP,1401,0,6,19,25,Benign-only
CRPPA,729920,59,245,375,679,Multiclass
CRPPA;SOSTDC1,-1,0,1,0,1,Benign-only
CRTAC1,55118,0,4,99,103,Benign-only
CRTAM,56253,0,10,46,56,Benign-only
CRTAP,10491,65,317,303,685,Multiclass
CRTAP;LOC129936436,-1,0,0,1,1,VUS/Other-only
CRTC1,23373,0,8,73,81,Benign-only
CRTC2,200186,0,1,77,78,Benign-only
CRTC3,64784,0,7,79,86,Benign-only
CRX,1406,117,158,211,486,Multiclass
CRX;TPRX1,-1,0,0,1,1,VUS/Other-only
CRY1,1407,0,2,62,64,Benign-only
CRY2,1408,0,3,81,84,Benign-only
CRYAA,1409,10,43,55,108,Multiclass
CRYAB,1410,12,111,202,325,Multiclass
CRYBA1,1411,13,31,42,86,Multiclass
CRYBA2,1412,0,7,34,41,Benign-only
CRYBA4,1413,3,56,43,102,Multiclass
CRYBB1,1414,11,28,72,111,Multiclass
CRYBB2,1415,12,55,68,135,Multiclass
CRYBB3,1417,5,29,80,114,Multiclass
CRYBG1,202,0,25,274,299,Benign-only
CRYBG2,55057,0,39,266,305,Benign-only
CRYBG3,131544,0,12,0,12,Benign-only
CRYGA,1418,0,3,41,44,Benign-only
CRYGB,1419,0,27,38,65,Benign-only
CRYGC,1420,16,27,53,96,Multiclass
CRYGD,1421,15,33,42,90,Multiclass
CRYGN,155051,0,2,34,36,Benign-only
CRYGS,1427,5,14,42,61,Multiclass
CRYL1,51084,0,93,40,133,Benign-only
CRYM,1428,0,71,59,130,Benign-only
CRYZ,1429,0,4,39,43,Benign-only
CRYZL1,9946,0,0,35,35,VUS/Other-only
CRYZL2P-SEC16B;SEC16B,-1,0,4,0,4,Benign-only
CS,1431,0,3,33,36,Benign-only
CSAD,51380,0,7,73,80,Benign-only
CSAG1,158511,0,3,15,18,Benign-only
CSDC2,27254,0,1,20,21,Benign-only
CSDE1,7812,16,19,127,162,Multiclass
CSE1L,1434,0,2,71,73,Benign-only
CSF1,1435,0,10,79,89,Benign-only
CSF1R,1436,71,436,413,920,Multiclass
CSF2,1437,0,9,10,19,Benign-only
CSF2RA,1438,46,600,292,938,Multiclass
CSF2RB,1439,0,378,485,863,Benign-only
CSF3,1440,0,6,19,25,Benign-only
CSF3R,1441,45,286,402,733,Multiclass
CSGALNACT1,55790,15,159,187,361,Multiclass
CSGALNACT1;CSGALNACT1-AS1;LOC126860314;LOC126860315;LOC126860316;LOC126860317;LOC129999947,-1,0,0,1,1,VUS/Other-only
CSGALNACT2,55454,0,4,75,79,Benign-only
CSH1,1442,0,4,30,34,Benign-only
CSH2,1443,0,9,36,45,Benign-only
CSHL1,1444,0,12,49,61,Benign-only
CSK,1445,0,4,31,35,Benign-only
CSKMT,751071,0,1,44,45,Benign-only
CSMD1,64478,7,158,788,953,Multiclass
CSMD1;LINC03021;LOC105377785;LOC123987607;LOC123987608;LOC123987609;LOC126860283;LOC126860284;LOC132089596,-1,0,0,1,1,VUS/Other-only
CSMD1;LOC105377785,-1,0,0,1,1,VUS/Other-only
CSMD1;LOC105377785;LOC126860285;LOC126860286;LOC126860287;LOC132089598,-1,0,0,1,1,VUS/Other-only
CSMD1;LOC105377796;LOC107522030;LOC113788286;LOC123987610;LOC123987611;LOC126860288;LOC132089602,-1,0,0,1,1,VUS/Other-only
CSMD1;LOC107522030;LOC123987610,-1,0,0,1,1,VUS/Other-only
CSMD1;LOC132089598,-1,0,0,1,1,VUS/Other-only
CSMD2,114784,0,29,459,488,Benign-only
CSMD3,114788,0,43,423,466,Benign-only
CSMD3;LOC126860474;MIR2053,-1,0,0,1,1,VUS/Other-only
CSN1S1,1446,0,3,16,19,Benign-only
CSN2,1447,0,8,37,45,Benign-only
CSN3,1448,0,2,28,30,Benign-only
CSNK1A1,1452,0,0,4,4,VUS/Other-only
CSNK1A1L,122011,0,0,55,55,VUS/Other-only
CSNK1D,1453,0,6,29,35,Benign-only
CSNK1E,1454,0,3,34,37,Benign-only
CSNK1G1,53944,1,7,46,54,Multiclass
CSNK1G2,1455,0,4,37,41,Benign-only
CSNK1G3,1456,0,0,31,31,VUS/Other-only
CSNK2A1,1457,75,81,79,235,Multiclass
CSNK2A1;LOC130065264;LOC130065265;LOC130065266;RBCK1;TBC1D20,-1,1,0,0,1,Pathogenic-only
CSNK2A2,1459,0,18,23,41,Benign-only
CSNK2A2IP,111064647,0,2,0,2,Benign-only
CSNK2B,1460,97,13,58,168,Multiclass
CSPG4,1464,0,47,372,419,Benign-only
CSPG5,10675,0,4,84,88,Benign-only
CSPP1,79848,115,538,592,1245,Multiclass
CSRNP1,64651,0,6,95,101,Benign-only
CSRNP2,81566,0,1,68,69,Benign-only
CSRNP3,80034,0,4,71,75,Benign-only
CSRP1,1465,0,4,34,38,Benign-only
CSRP2,1466,0,0,17,17,VUS/Other-only
CSRP3,8048,29,159,269,457,Multiclass
CST1,1469,0,7,37,44,Benign-only
CST11,140880,0,3,21,24,Benign-only
CST2,1470,0,7,41,48,Benign-only
CST3,1471,1,27,38,66,Multiclass
CST4,1472,0,11,27,38,Benign-only
CST5,1473,0,0,32,32,VUS/Other-only
CST6,1474,1,3,22,26,Multiclass
CST7,8530,0,1,17,18,Benign-only
CST8,10047,0,2,29,31,Benign-only
CST9,128822,0,4,28,32,Benign-only
CST9L,128821,0,0,22,22,VUS/Other-only
CSTA,1475,5,9,13,27,Multiclass
CSTB,1476,14,73,69,156,Multiclass
CSTF1,1477,0,0,26,26,VUS/Other-only
CSTF2,1478,0,6,36,42,Benign-only
CSTF2T,23283,0,5,87,92,Benign-only
CSTF3,1479,0,0,27,27,VUS/Other-only
CSTL1,128817,0,1,24,25,Benign-only
CSTPP1,79096,0,1,6,7,Benign-only
CT45A1,541466,0,2,2,4,Benign-only
CT45A10;CT45A3;CT45A9,-1,0,1,0,1,Benign-only
CT45A3,441519,0,2,9,11,Benign-only
CT45A5,441521,0,0,3,3,VUS/Other-only
CT45A6,541465,0,0,4,4,VUS/Other-only
CT45A9,102723680,0,1,1,2,Benign-only
CT47A1,728096,0,0,1,1,VUS/Other-only
CT47A6,728062,0,0,5,5,VUS/Other-only
CT47B1,643311,0,8,101,109,Benign-only
CT55,54967,0,1,11,12,Benign-only
CT62;THSD4,-1,0,3,0,3,Benign-only
CT83,203413,0,1,10,11,Benign-only
CTAG2,30848,0,11,34,45,Benign-only
CTAGE1,64693,0,15,136,151,Benign-only
CTAGE15,441294,0,4,45,49,Benign-only
CTAGE4,100128553,0,5,66,71,Benign-only
CTAGE6,340307,0,13,63,76,Benign-only
CTAGE9,643854,0,0,118,118,VUS/Other-only
CTBP1,1487,2,203,143,348,Multiclass
CTBP2,1488,0,26,0,26,Benign-only
CTBS,1486,0,9,54,63,Benign-only
CTC1,80169,135,616,847,1598,Multiclass
CTCF,10664,91,87,171,349,Multiclass
CTCFL,140690,0,12,96,108,Benign-only
CTDNEP1,23399,0,0,16,16,VUS/Other-only
CTDP1,9150,1,390,291,682,Multiclass
CTDSP1,58190,0,2,36,38,Benign-only
CTDSP2,10106,0,1,20,21,Benign-only
CTDSPL,10217,0,0,28,28,VUS/Other-only
CTDSPL2,51496,0,2,48,50,Benign-only
CTF1,1489,0,79,141,220,Benign-only
CTH,1491,2,11,82,95,Multiclass
CTHRC1,115908,0,0,36,36,VUS/Other-only
CTIF,9811,0,6,95,101,Benign-only
CTLA4,1493,54,89,136,279,Multiclass
CTNNA1,1495,241,1400,1679,3320,Multiclass
CTNNA2,1496,5,53,79,137,Multiclass
CTNNA2;CTNNA2-AS1;LOC105374820;LOC132088855;MIR4264;REG1A;REG1B;REG3A;REG3G,-1,0,0,1,1,VUS/Other-only
CTNNA2;CTNNA2-AS1;LOC132088855;MIR4264;MIR8080;REG1A;REG3A,-1,0,0,1,1,VUS/Other-only
CTNNA3,29119,2,478,710,1190,Multiclass
CTNNA3;LOC126860948;LOC132089820;LOC132089821,-1,0,0,1,1,VUS/Other-only
CTNNA3;LOC132089819,-1,0,1,0,1,Benign-only
CTNNAL1,8727,0,5,79,84,Benign-only
CTNNB1,1499,214,327,322,863,Multiclass
CTNNB1;LOC126806658,-1,1,0,0,1,Pathogenic-only
CTNNB1;LOC126806659,-1,2,0,0,2,Pathogenic-only
CTNNBIP1,56998,0,0,10,10,VUS/Other-only
CTNNBL1,56259,0,15,60,75,Benign-only
CTNND1,1500,26,26,187,239,Multiclass
CTNND2,1501,15,170,160,345,Multiclass
CTNS,1497,180,403,223,806,Multiclass
CTNS;CTNS-AS1,-1,1,0,0,1,Pathogenic-only
CTNS;CTNS-AS1;LOC126862464;LOC130059979;LOC130059980;LOC130059981;SHPK;TRPV1,-1,0,0,1,1,VUS/Other-only
CTPS1,1503,1,194,138,333,Multiclass
CTPS2,56474,0,5,29,34,Benign-only
CTPS2;S100G,-1,0,1,0,1,Benign-only
CTR9,9646,16,360,376,752,Multiclass
CTRB1,1504,0,11,56,67,Benign-only
CTRB2,440387,0,2,44,46,Benign-only
CTRC,11330,18,286,422,726,Multiclass
CTRL,1506,0,7,44,51,Benign-only
CTSA,5476,74,331,177,582,Multiclass
CTSB,1508,0,70,93,163,Benign-only
CTSC,1075,81,249,188,518,Multiclass
CTSD,1509,48,433,279,760,Multiclass
CTSE,1510,0,9,75,84,Benign-only
CTSF,8722,34,126,132,292,Multiclass
CTSG,1511,0,9,26,35,Benign-only
CTSH,1512,0,12,42,54,Benign-only
CTSK,1513,123,194,88,405,Multiclass
CTSL,1514,0,5,45,50,Benign-only
CTSO,1519,0,2,44,46,Benign-only
CTSS,1520,0,4,17,21,Benign-only
CTSV,1515,0,4,42,46,Benign-only
CTSW,1521,0,3,65,68,Benign-only
CTSZ,1522,0,7,44,51,Benign-only
CTTN,2017,0,9,91,100,Benign-only
CTTN-DT;PPFIA1,-1,0,0,1,1,VUS/Other-only
CTTNBP2,83992,0,13,127,140,Benign-only
CTTNBP2NL,55917,0,5,80,85,Benign-only
CTU1,90353,0,4,66,70,Benign-only
CTU2,348180,7,131,206,344,Multiclass
CTU2;PIEZO1,-1,0,3,2,5,Benign-only
CTXN1,404217,0,0,11,11,VUS/Other-only
CTXN2,399697,0,0,6,6,VUS/Other-only
CTXN3,613212,0,0,9,9,VUS/Other-only
CTXND1,100996492,0,0,1,1,VUS/Other-only
CUBN,8029,179,944,1237,2360,Multiclass
CUEDC2,79004,0,1,39,40,Benign-only
CUL1,8454,0,0,23,23,VUS/Other-only
CUL2,8453,0,6,70,76,Benign-only
CUL3,8452,98,227,290,615,Multiclass
CUL4A,8451,0,3,66,69,Benign-only
CUL4B,8450,57,155,170,382,Multiclass
CUL4B;LOC113845788,-1,0,0,1,1,VUS/Other-only
CUL5,8065,0,2,35,37,Benign-only
CUL7,9820,115,364,458,937,Multiclass
CUL7;LOC129996487,-1,0,0,1,1,VUS/Other-only
CUL9,23113,0,32,336,368,Benign-only
CUTA,51596,0,1,29,30,Benign-only
CUTC,51076,0,1,40,41,Benign-only
CUX1,1523,54,136,354,544,Multiclass
CUX2,23316,2,137,297,436,Multiclass
CUZD1,50624,0,8,76,84,Benign-only
CWC15,51503,0,0,6,6,VUS/Other-only
CWC22,57703,0,11,120,131,Benign-only
CWC25,54883,0,4,64,68,Benign-only
CWC27,10283,43,188,171,402,Multiclass
CWF19L1,55280,27,27,81,135,Multiclass
CWF19L2,143884,0,5,144,149,Benign-only
CWH43,80157,0,8,91,99,Benign-only
CX3CL1,6376,0,17,67,84,Benign-only
CX3CR1,1524,0,10,37,47,Benign-only
CXADR,1525,0,10,46,56,Benign-only
CXCL1,2919,0,5,20,25,Benign-only
CXCL10,3627,0,4,13,17,Benign-only
CXCL11,6373,0,1,15,16,Benign-only
CXCL12,6387,0,26,21,47,Benign-only
CXCL13,10563,0,1,8,9,Benign-only
CXCL14,9547,0,1,17,18,Benign-only
CXCL16,58191,0,8,18,26,Benign-only
CXCL16;ZMYND15,-1,0,0,1,1,VUS/Other-only
CXCL17,284340,0,1,9,10,Benign-only
CXCL2,2920,0,4,15,19,Benign-only
CXCL3,2921,0,3,14,17,Benign-only
CXCL5,6374,0,2,24,26,Benign-only
CXCL6,6372,0,1,21,22,Benign-only
CXCL8,3576,0,2,3,5,Benign-only
CXCL9,4283,0,2,19,21,Benign-only
CXCR1,3577,0,9,64,73,Benign-only
CXCR2,3579,5,112,123,240,Multiclass
CXCR3,2833,0,8,34,42,Benign-only
CXCR4,7852,39,82,102,223,Multiclass
CXCR5,643,0,8,45,53,Benign-only
CXCR6,10663,0,4,28,32,Benign-only
CXXC1,30827,0,10,72,82,Benign-only
CXXC4,80319,0,9,13,22,Benign-only
CXXC5,51523,0,5,42,47,Benign-only
CXorf38,159013,0,0,2,2,VUS/Other-only
CXorf49C,101059915,0,2,0,2,Benign-only
CXorf49C;LOC126863278,-1,0,2,0,2,Benign-only
CXorf58,254158,0,1,3,4,Benign-only
CXorf65,158830,0,1,1,2,Benign-only
CXorf65;IL2RG,-1,1,0,0,1,Pathogenic-only
CXorf66,347487,0,1,3,4,Benign-only
CYB561,1534,0,2,33,35,Benign-only
CYB561A3,220002,0,3,29,32,Benign-only
CYB561D1,284613,0,7,36,43,Benign-only
CYB561D2,11068,0,2,19,21,Benign-only
CYB5A,1528,2,8,9,19,Multiclass
CYB5B,80777,0,0,29,29,VUS/Other-only
CYB5D1,124637,0,2,45,47,Benign-only
CYB5D2,124936,0,4,54,58,Benign-only
CYB5R1,51706,0,1,46,47,Benign-only
CYB5R2,51700,0,2,60,62,Benign-only
CYB5R3,1727,24,118,116,258,Multiclass
CYB5R4,51167,0,4,76,80,Benign-only
CYB5RL,606495,0,1,51,52,Benign-only
CYBA,1535,73,272,133,478,Multiclass
CYBB,1536,197,374,163,734,Multiclass
CYBC1,79415,4,116,59,179,Multiclass
CYBRD1,79901,0,7,30,37,Benign-only
CYC1,1537,1,75,100,176,Multiclass
CYCS,54205,3,19,20,42,Multiclass
CYFIP1,23191,0,43,157,200,Benign-only
CYFIP1;GOLGA6L1;MIR4509-1;TUBGCP5,-1,0,0,1,1,VUS/Other-only
CYFIP2,26999,20,649,398,1067,Multiclass
CYGB,114757,0,3,31,34,Benign-only
CYLC1,1538,0,8,69,77,Benign-only
CYLC2,1539,0,8,61,69,Benign-only
CYLD,1540,64,116,218,398,Multiclass
CYLD;CYLD-AS2,-1,6,0,2,8,Pathogenic-only
CYP11A1,1583,48,247,120,415,Multiclass
CYP11B1,1584,185,469,251,905,Multiclass
CYP11B1;LOC106799833,-1,1,0,0,1,Pathogenic-only
CYP11B2,1585,130,431,170,731,Multiclass
CYP17A1,1586,146,331,76,553,Multiclass
CYP19A1,1588,81,339,91,511,Multiclass
CYP19A1;MIR4713HG;PIRC66,-1,1,0,0,1,Pathogenic-only
CYP1A1,1543,0,11,56,67,Benign-only
CYP1A2,1544,0,8,46,54,Benign-only
CYP1B1,1545,120,239,202,561,Multiclass
CYP1B1;CYP1B1-AS1;LOC110599580;LOC128772254;LOC129933516;RMDN2;RMDN2-AS1,-1,0,0,2,2,VUS/Other-only
CYP20A1,57404,0,4,53,57,Benign-only
CYP21A2,1589,97,48,108,253,Multiclass
CYP21A2;LOC106780800,-1,1,0,0,1,Pathogenic-only
CYP21A2;LOC106780800;TNXB,-1,2,4,0,6,Multiclass
CYP21A2;LOC106780803;TNXB,-1,0,0,1,1,VUS/Other-only
CYP21A2;TNXB,-1,0,1,0,1,Benign-only
CYP24A1,1591,61,151,207,419,Multiclass
CYP26A1,1592,0,5,61,66,Benign-only
CYP26B1,56603,5,71,89,165,Multiclass
CYP26C1,340665,5,17,92,114,Multiclass
CYP27A1,1593,198,506,401,1105,Multiclass
CYP27B1,1594,101,274,177,552,Multiclass
CYP27C1,339761,0,4,59,63,Benign-only
CYP2A13,1553,0,5,84,89,Benign-only
CYP2A6,1548,0,14,61,75,Benign-only
CYP2A7,1549,0,18,108,126,Benign-only
CYP2A7;LOC110673974,-1,1,0,0,1,Pathogenic-only
CYP2B6,1555,0,11,74,87,Benign-only
CYP2C18,1562,0,15,65,80,Benign-only
CYP2C19,1557,0,8,40,78,Benign-only
CYP2C19;LOC110599570;LOC111982881,-1,0,1,0,1,Benign-only
CYP2C8,1558,0,12,49,61,Benign-only
CYP2C9,1559,0,11,33,48,Benign-only
CYP2D6,1565,0,36,55,93,Benign-only
CYP2D7,1564,0,1,0,1,Benign-only
CYP2E1,1571,0,18,47,65,Benign-only
CYP2E1;LOC110599585;LOC126861107;LOC130005034;LOC130005035;LOC130005036;SCART1;SYCE1,-1,0,0,3,3,VUS/Other-only
CYP2E1;LOC110599585;LOC126861107;LOC130005036;SYCE1,-1,0,1,0,1,Benign-only
CYP2E1;SYCE1,-1,0,1,0,1,Benign-only
CYP2F1,1572,0,12,84,96,Benign-only
CYP2J2,1573,0,5,63,68,Benign-only
CYP2R1,120227,30,88,143,261,Multiclass
CYP2S1,29785,0,10,77,87,Benign-only
CYP2U1,113612,40,113,168,321,Multiclass
CYP2U1;CYP2U1-AS1,-1,2,0,0,2,Pathogenic-only
CYP2W1,54905,0,12,117,129,Benign-only
CYP39A1,51302,0,10,52,62,Benign-only
CYP3A4,1576,1,8,20,31,Multiclass
CYP3A43,64816,0,12,52,64,Benign-only
CYP3A5,1577,0,7,34,41,Benign-only
CYP3A7,1551,0,9,63,72,Benign-only
CYP46A1,10858,0,3,32,35,Benign-only
CYP4A11,1579,0,7,86,93,Benign-only
CYP4A22,284541,0,4,73,77,Benign-only
CYP4B1,1580,0,14,76,90,Benign-only
CYP4F11,57834,0,8,104,112,Benign-only
CYP4F12,66002,0,7,85,92,Benign-only
CYP4F2,8529,0,10,71,82,Benign-only
CYP4F22,126410,36,116,111,263,Multiclass
CYP4F3,4051,0,14,98,112,Benign-only
CYP4F8,11283,0,6,51,57,Benign-only
CYP4V2,285440,69,183,300,552,Multiclass
CYP4V2;KLKB1,-1,0,0,3,3,VUS/Other-only
CYP4X1,260293,0,5,70,75,Benign-only
CYP4Z1,199974,0,9,69,78,Benign-only
CYP51A1,1595,1,40,74,115,Multiclass
CYP7A1,1581,1,62,162,225,Multiclass
CYP7B1,9420,77,243,231,551,Multiclass
CYP8B1,1582,0,13,52,65,Benign-only
CYREN,78996,0,2,1,3,Benign-only
CYRIA,81553,0,0,21,21,VUS/Other-only
CYRIB,51571,0,0,12,12,VUS/Other-only
CYS1,192668,1,3,49,53,Multiclass
CYSLTR1,10800,0,1,39,40,Benign-only
CYSLTR2,57105,0,15,49,64,Benign-only
CYSRT1,375791,0,0,34,34,VUS/Other-only
CYSTM1,84418,0,0,13,13,VUS/Other-only
CYTH1,9267,0,0,39,39,VUS/Other-only
CYTH2,9266,0,0,34,34,VUS/Other-only
CYTH3,9265,0,0,33,33,VUS/Other-only
CYTH4,27128,0,6,49,55,Benign-only
CYTIP,9595,0,1,44,45,Benign-only
CYTL1,54360,0,1,28,29,Benign-only
CYTOR;LINC01943;LOC122787148;MIR4435-1;MIR4771-1;NCAL1,-1,0,1,0,1,Benign-only
CYYR1,116159,0,0,35,35,VUS/Other-only
CZIB,54987,0,1,0,1,Benign-only
D2HGDH,728294,27,184,193,404,Multiclass
DAAM1,23002,0,13,109,122,Benign-only
DAAM2,23500,2,17,180,199,Multiclass
DAAM2;MOCS1,-1,0,1,0,1,Benign-only
DAB1,1600,1,53,80,134,Multiclass
DAB1;DAB1-AS1;LOC122056887;LOC129930610;LOC129930611,-1,0,0,1,1,VUS/Other-only
DAB2,1601,0,18,104,122,Benign-only
DAB2IP,153090,0,17,186,203,Benign-only
DACH1,1602,0,5,73,78,Benign-only
DACH2,117154,0,4,66,70,Benign-only
DACT1,51339,1,44,156,201,Multiclass
DACT2,168002,0,19,149,168,Benign-only
DACT3,147906,0,1,117,118,Benign-only
DAD1,1603,0,9,12,21,Benign-only
DAG1,1605,18,226,451,695,Multiclass
DAGLA,747,4,33,105,142,Multiclass
DAGLA;MYRF-AS1,-1,1,0,0,1,Pathogenic-only
DAGLB,221955,0,19,158,177,Benign-only
DALRD3,55152,1,13,83,97,Multiclass
DAND5,199699,0,5,23,28,Benign-only
DAO,1610,0,30,41,71,Benign-only
DAOA,267012,0,10,12,22,Benign-only
DAOA;DAOA-AS1;LINC00343;LOC110120930;LOC126861836;LOC132090155,-1,0,0,1,1,VUS/Other-only
DAP,1611,0,0,13,13,VUS/Other-only
DAP3,7818,2,10,48,60,Multiclass
DAPK1,1612,0,34,189,223,Benign-only
DAPK2,23604,0,7,61,68,Benign-only
DAPK3,1613,0,2,69,71,Benign-only
DAPL1,92196,0,4,22,26,Benign-only
DAPP1,27071,0,0,26,26,VUS/Other-only
DARS1,1615,7,107,113,227,Multiclass
DARS2,55157,70,194,190,454,Multiclass
DAW1,164781,2,9,54,65,Multiclass
DAXX,1616,0,20,64,84,Benign-only
DAZ1,1617,0,0,1,1,VUS/Other-only
DAZ1;DAZ2,-1,1,0,0,1,Pathogenic-only
DAZAP1,26528,0,1,30,31,Benign-only
DAZAP2,9802,0,6,27,33,Benign-only
DAZL,1618,0,1,31,32,Benign-only
DBF4,10926,0,6,78,84,Benign-only
DBF4B,80174,0,5,73,78,Benign-only
DBH,1621,10,248,262,520,Multiclass
DBI,1622,0,1,10,11,Benign-only
DBN1,1627,0,10,92,102,Benign-only
DBNDD1,79007,0,3,33,36,Benign-only
DBNDD2,55861,0,3,49,52,Benign-only
DBNL,28988,0,8,54,62,Benign-only
DBP,1628,0,4,43,47,Benign-only
DBR1,51163,1,112,136,249,Multiclass
DBT,1629,155,417,220,792,Multiclass
DBX1,120237,0,1,44,45,Benign-only
DBX2,440097,0,4,63,67,Benign-only
DCAF1,9730,0,2,0,2,Benign-only
DCAF10,79269,0,3,48,51,Benign-only
DCAF11,80344,0,2,73,75,Benign-only
DCAF12,25853,0,1,60,61,Benign-only
DCAF12L1,139170,1,12,34,47,Multiclass
DCAF12L2,340578,0,1,56,57,Benign-only
DCAF13,25879,0,6,73,79,Benign-only
DCAF15,90379,0,5,71,76,Benign-only
DCAF16,54876,0,0,33,33,VUS/Other-only
DCAF17,80067,49,333,169,551,Multiclass
DCAF4,26094,0,18,84,102,Benign-only
DCAF4L1,285429,0,0,32,32,VUS/Other-only
DCAF4L2,138009,0,5,58,63,Benign-only
DCAF5,8816,0,7,90,97,Benign-only
DCAF6,55827,0,5,107,112,Benign-only
DCAF7,10238,0,3,8,11,Benign-only
DCAF8,50717,1,15,79,95,Multiclass
DCAF8L1,139425,0,11,59,70,Benign-only
DCAF8L2,347442,0,6,7,13,Benign-only
DCAKD,79877,0,2,44,46,Benign-only
DCANP1,140947,0,6,43,49,Benign-only
DCBLD1,285761,0,6,69,75,Benign-only
DCBLD2,131566,0,6,91,97,Benign-only
DCC,1630,42,51,187,280,Multiclass
DCC;LOC126862752,-1,0,0,1,1,VUS/Other-only
DCD,117159,0,3,16,19,Benign-only
DCDC1,341019,1,26,64,91,Multiclass
DCDC2,51473,28,146,164,338,Multiclass
DCDC2;KAAG1,-1,0,1,0,1,Benign-only
DCDC2B,149069,0,2,54,56,Benign-only
DCDC2C,728597,0,2,1,3,Benign-only
DCHS1,8642,37,915,1572,2524,Multiclass
DCHS2,54798,0,23,102,125,Benign-only
DCK,1633,0,1,16,17,Benign-only
DCLK1,9201,0,2,27,29,Benign-only
DCLK1;LINC00445;LOC126861739;LOC126861740;LOC130009567;LOC130009568;NBEA,-1,0,0,1,1,VUS/Other-only
DCLK2,166614,0,6,79,85,Benign-only
DCLK3,85443,0,3,88,91,Benign-only
DCLRE1A,9937,0,17,127,144,Benign-only
DCLRE1B,64858,2,55,108,165,Multiclass
DCLRE1B;AP4B1,-1,0,1,0,1,Benign-only
DCLRE1C,64421,189,554,369,1112,Multiclass
DCLRE1C;SUV39H2,-1,0,1,0,1,Benign-only
DCN,1634,1,23,66,90,Multiclass
DCP1A,55802,0,3,61,64,Benign-only
DCP1B,196513,0,12,91,103,Benign-only
DCP2,167227,0,1,55,56,Benign-only
DCPS,28960,4,27,75,106,Multiclass
DCST1,149095,0,12,118,130,Benign-only
DCST2,127579,0,10,159,169,Benign-only
DCSTAMP,81501,0,8,55,63,Benign-only
DCT,1638,4,7,74,85,Multiclass
DCTD,1635,0,1,28,29,Benign-only
DCTN1,1639,14,670,794,1478,Multiclass
DCTN2,10540,0,3,19,22,Benign-only
DCTN3,11258,0,0,26,26,VUS/Other-only
DCTN4,51164,0,4,57,61,Benign-only
DCTN5,84516,0,0,20,20,VUS/Other-only
DCTN5;PALB2,-1,1,0,0,1,Pathogenic-only
DCTN6,10671,0,1,23,24,Benign-only
DCTPP1,79077,0,3,30,33,Benign-only
DCUN1D1,54165,0,1,14,15,Benign-only
DCUN1D2,55208,0,1,49,50,Benign-only
DCUN1D3,123879,0,0,31,31,VUS/Other-only
DCUN1D4,23142,0,1,23,24,Benign-only
DCUN1D5,84259,0,0,9,9,VUS/Other-only
DCX,1641,156,52,96,304,Multiclass
DCXR,51181,0,3,34,37,Benign-only
DDA1,79016,0,0,13,13,VUS/Other-only
DDAH1,23576,0,2,33,35,Benign-only
DDAH2,23564,0,2,13,15,Benign-only
DDB1,1642,5,21,132,158,Multiclass
DDB2,1643,13,71,70,154,Multiclass
DDC,1644,87,318,217,622,Multiclass
DDHD1,80821,25,249,283,557,Multiclass
DDHD2,23259,35,140,169,344,Multiclass
DDI1,414301,0,9,69,78,Benign-only
DDI2,84301,0,1,27,28,Benign-only
DDIAS,220042,0,15,114,129,Benign-only
DDIT3,1649,0,3,26,29,Benign-only
DDIT4,54541,0,0,34,34,VUS/Other-only
DDIT4L,115265,0,0,28,28,VUS/Other-only
DDN,23109,0,7,100,107,Benign-only
DDO,8528,0,4,48,52,Benign-only
DDOST,1650,3,139,152,294,Multiclass
DDOST;PINK1-AS,-1,0,2,1,3,Benign-only
DDR1,780,0,18,100,118,Benign-only
DDR2,4921,22,179,215,416,Multiclass
DDRGK1,65992,2,76,82,160,Multiclass
DDT,1652,0,0,3,3,VUS/Other-only
DDTL,100037417,0,0,3,3,VUS/Other-only
DDX1,1653,0,5,72,77,Benign-only
DDX10,1662,0,8,123,131,Benign-only
DDX10;LOC130006712,-1,0,0,1,1,VUS/Other-only
DDX11,1663,44,141,202,387,Multiclass
DDX17,10521,4,1,16,21,Multiclass
DDX18,8886,0,13,76,89,Benign-only
DDX19A,55308,0,2,32,34,Benign-only
DDX19B,11269,0,1,39,40,Benign-only
DDX20,11218,0,8,57,65,Benign-only
DDX21,9188,0,10,77,87,Benign-only
DDX23,9416,5,12,108,125,Multiclass
DDX24,57062,0,9,124,133,Benign-only
DDX25,29118,0,30,70,100,Benign-only
DDX25;HYLS1;PUS3,-1,1,0,0,1,Pathogenic-only
DDX27,55661,0,9,80,89,Benign-only
DDX28,55794,0,3,72,75,Benign-only
DDX31,64794,0,10,126,136,Benign-only
DDX39A,10212,1,1,34,36,Multiclass
DDX39B,7919,0,3,29,32,Benign-only
DDX3X,1654,338,313,221,872,Multiclass
DDX3Y,8653,4,1,0,5,Multiclass
DDX4,54514,0,6,73,79,Benign-only
DDX41,51428,124,565,649,1338,Multiclass
DDX42,11325,0,3,95,98,Benign-only
DDX43,55510,0,7,77,84,Benign-only
DDX46,9879,0,0,29,29,VUS/Other-only
DDX47,51202,0,0,85,85,VUS/Other-only
DDX49,54555,0,3,64,67,Benign-only
DDX5,1655,0,2,39,41,Benign-only
DDX50,79009,0,2,84,86,Benign-only
DDX51,317781,0,16,145,161,Benign-only
DDX52,11056,0,0,80,80,VUS/Other-only
DDX52;HNF1B;LOC105371756;LOC112529910;LOC126862547;LOC126862548;LOC126862549;MIR378J;SYNRG,-1,1,0,0,1,Pathogenic-only
DDX53,168400,2,16,83,101,Multiclass
DDX53;LOC126863227;PTCHD1-AS,-1,0,1,0,1,Benign-only
DDX54,79039,0,13,201,214,Benign-only
DDX55,57696,0,4,89,93,Benign-only
DDX56,54606,0,6,89,95,Benign-only
DDX59,83479,6,63,89,158,Multiclass
DDX6,1656,5,15,63,83,Multiclass
DDX60,55601,0,27,173,200,Benign-only
DDX60L,91351,0,24,230,254,Benign-only
DEAF1,10522,94,370,483,947,Multiclass
DEAF1;TMEM80,-1,0,1,0,1,Benign-only
DECR1,1666,0,11,40,51,Benign-only
DECR2,26063,0,4,68,72,Benign-only
DEDD,9191,0,2,29,31,Benign-only
DEDD2,162989,0,2,57,59,Benign-only
DEF6,50619,7,220,158,385,Multiclass
DEF8,54849,0,12,80,92,Benign-only
DEFA3,1668,0,2,19,21,Benign-only
DEFA4,1669,0,2,20,22,Benign-only
DEFA5,1670,0,1,33,34,Benign-only
DEFA6,1671,0,2,21,23,Benign-only
DEFB1,1672,0,3,21,24,Benign-only
DEFB104A,140596,0,2,12,14,Benign-only
DEFB104B,503618,0,2,2,4,Benign-only
DEFB105A,245908,0,2,4,6,Benign-only
DEFB105B,504180,0,0,4,4,VUS/Other-only
DEFB106A,245909,0,4,8,12,Benign-only
DEFB106B,503841,0,1,8,9,Benign-only
DEFB107A,245910,0,1,0,1,Benign-only
DEFB107B,503614,0,0,1,1,VUS/Other-only
DEFB108B,245911,0,2,13,15,Benign-only
DEFB110,245913,0,0,13,13,VUS/Other-only
DEFB112,245915,0,0,7,7,VUS/Other-only
DEFB113,245927,0,3,12,15,Benign-only
DEFB114,245928,0,0,18,18,VUS/Other-only
DEFB115,245929,0,2,17,19,Benign-only
DEFB116,245930,0,0,22,22,VUS/Other-only
DEFB118,117285,0,1,18,19,Benign-only
DEFB119,245932,0,2,22,24,Benign-only
DEFB121,245934,0,0,7,7,VUS/Other-only
DEFB123,245936,0,2,4,6,Benign-only
DEFB125,245938,0,4,21,25,Benign-only
DEFB126,81623,0,3,11,14,Benign-only
DEFB127,140850,0,1,14,15,Benign-only
DEFB128,245939,0,2,12,14,Benign-only
DEFB129,140881,0,2,21,23,Benign-only
DEFB131A,644414,0,1,20,21,Benign-only
DEFB131B,100129216,0,0,2,2,VUS/Other-only
DEFB132,400830,0,1,18,19,Benign-only
DEFB134,613211,0,0,11,11,VUS/Other-only
DEFB135,613209,0,1,28,29,Benign-only
DEFB136,613210,0,0,21,21,VUS/Other-only
DEFB4A,1673,0,1,6,7,Benign-only
DEFB4B,100289462,0,2,9,11,Benign-only
DEGS1,8560,18,30,51,99,Multiclass
DEGS2,123099,0,6,47,53,Benign-only
DEK,7913,0,3,46,49,Benign-only
DELE1,9812,0,8,84,92,Benign-only
DELEC1,50514,0,1,3,4,Benign-only
DENND10,404636,0,2,42,44,Benign-only
DENND11,57189,0,0,79,79,VUS/Other-only
DENND1A,57706,0,9,150,159,Benign-only
DENND1B,163486,0,6,44,50,Benign-only
DENND1C,79958,0,13,111,124,Benign-only
DENND2A,27147,0,6,148,154,Benign-only
DENND2B,6764,0,19,176,195,Benign-only
DENND2C,163259,0,2,124,126,Benign-only
DENND2D,79961,0,3,61,64,Benign-only
DENND3,22898,0,29,168,197,Benign-only
DENND4A,10260,1,5,150,156,Multiclass
DENND4B,9909,0,6,172,178,Benign-only
DENND4C,55667,0,9,267,276,Benign-only
DENND5A,23258,29,413,289,731,Multiclass
DENND5B,160518,1,26,174,201,Multiclass
DENND6A,201627,0,2,45,47,Benign-only
DENND6A;DENND6A-DT;LOC126806691;LOC129389081;LOC129936932;SLMAP,-1,0,0,1,1,VUS/Other-only
DENND6B,414918,0,2,102,104,Benign-only
DENR,8562,0,2,14,16,Benign-only
DEPDC1,55635,0,5,96,101,Benign-only
DEPDC1B,55789,0,2,78,80,Benign-only
DEPDC4,120863,0,3,33,36,Benign-only
DEPDC5,9681,388,1010,1194,2592,Multiclass
DEPDC7,91614,0,5,59,64,Benign-only
DEPP1,11067,0,3,2,5,Benign-only
DEPTOR,64798,0,4,61,65,Benign-only
DERA,51071,0,2,43,45,Benign-only
DERL1,79139,0,0,32,32,VUS/Other-only
DERL2,51009,0,1,15,16,Benign-only
DERL3,91319,0,4,33,37,Benign-only
DERL3;SMARCB1,-1,0,1,0,1,Benign-only
DERPC,113455421,0,1,0,1,Benign-only
DES,1674,115,409,682,1206,Multiclass
DESI1,27351,0,0,15,15,VUS/Other-only
DESI2,51029,0,0,14,14,VUS/Other-only
DET1,55070,0,5,91,96,Benign-only
DEUP1,159989,0,0,3,3,VUS/Other-only
DEXI,28955,0,0,19,19,VUS/Other-only
DFFA,1676,0,11,47,58,Benign-only
DFFB,1677,0,3,46,49,Benign-only
DGAT1,8694,73,478,200,751,Multiclass
DGAT2,84649,0,21,58,79,Benign-only
DGAT2L6,347516,0,8,47,55,Benign-only
DGCR2,9993,0,11,101,112,Benign-only
DGCR5;DGCR6;HSERVPRODH;LOC122455341;PRODH,-1,1,0,0,1,Pathogenic-only
DGCR5;HSERVPRODH;LOC122455341;PRODH,-1,1,0,0,1,Pathogenic-only
DGCR6,8214,0,8,48,56,Benign-only
DGCR6;FAM230F;HSERVPRODH;LOC122455341;PRODH,-1,0,1,0,1,Benign-only
DGCR6L,85359,0,3,33,36,Benign-only
DGCR8,54487,0,28,73,101,Benign-only
DGKA,1606,0,5,59,64,Benign-only
DGKB,1607,0,3,37,40,Benign-only
DGKD,8527,0,25,148,173,Benign-only
DGKE,8526,57,135,142,334,Multiclass
DGKG,1608,0,6,127,133,Benign-only
DGKH,160851,0,13,98,111,Benign-only
DGKI,9162,0,1,126,127,Benign-only
DGKK,139189,0,22,95,117,Benign-only
DGKQ,1609,0,19,188,207,Benign-only
DGKQ;LOC129991967,-1,0,0,1,1,VUS/Other-only
DGKZ,8525,1,223,317,541,Multiclass
DGLUCY,80017,0,0,6,6,VUS/Other-only
DGUOK,1716,64,178,127,369,Multiclass
DHCR24,1718,5,196,146,347,Multiclass
DHCR7,1717,288,407,241,936,Multiclass
DHCR7;NADSYN1,-1,0,1,0,1,Benign-only
DHDDS,79947,40,275,266,581,Multiclass
DHDH,27294,0,3,61,64,Benign-only
DHFR,1719,0,94,48,142,Benign-only
DHFR;MSH3,-1,1,22,6,29,Multiclass
DHH,50846,10,38,81,129,Multiclass
DHODH,1723,9,76,102,187,Multiclass
DHPS,1725,5,9,53,67,Multiclass
DHRS1,115817,0,3,49,52,Benign-only
DHRS11,79154,0,0,39,39,VUS/Other-only
DHRS12,79758,0,2,42,44,Benign-only
DHRS13,147015,0,2,76,78,Benign-only
DHRS2,10202,0,18,59,77,Benign-only
DHRS3,9249,0,3,47,50,Benign-only
DHRS4,10901,0,8,70,78,Benign-only
DHRS4L1,728635,0,0,1,1,VUS/Other-only
DHRS4L2,317749,0,12,61,73,Benign-only
DHRS7,51635,0,0,53,53,VUS/Other-only
DHRS7B,25979,0,4,47,51,Benign-only
DHRS7C,201140,0,2,47,49,Benign-only
DHRS9,10170,0,1,41,42,Benign-only
DHRSX,207063,0,4,0,4,Benign-only
DHRSX;ZBED1,-1,1,0,1,2,Pathogenic-only
DHTKD1,55526,62,400,551,1013,Multiclass
DHX15,1665,0,2,37,39,Benign-only
DHX16,8449,4,10,182,196,Multiclass
DHX29,54505,0,6,160,166,Benign-only
DHX30,22907,16,72,199,287,Multiclass
DHX32,55760,0,161,294,455,Benign-only
DHX33,56919,0,4,108,112,Benign-only
DHX34,9704,1,37,251,289,Multiclass
DHX35,60625,0,1,89,90,Benign-only
DHX36,170506,0,4,87,91,Benign-only
DHX37,57647,10,254,333,597,Multiclass
DHX38,9785,3,442,458,903,Multiclass
DHX40,79665,0,2,62,64,Benign-only
DHX57,90957,0,11,207,218,Benign-only
DHX58,79132,0,8,119,127,Benign-only
DHX8,1659,0,4,89,93,Benign-only
DHX9,1660,15,19,121,155,Multiclass
DIABLO,56616,5,68,74,147,Multiclass
DIAPH1,1729,57,767,974,1798,Multiclass
DIAPH2,1730,1,21,74,96,Multiclass
DIAPH2;DIAPH2-AS1;LOC126863292;LOC130068482;LOC130068483,-1,0,0,1,1,VUS/Other-only
DIAPH2;FAM133A;LOC125467767;LOC126863289;LOC126863290;LOC130068477;MIR548M;NAP1L3;PCDH11X,-1,0,0,1,1,VUS/Other-only
DIAPH2;LOC130068478;LOC130068479;LOC130068480;LOC130068481;RPA4,-1,0,0,1,1,VUS/Other-only
DIAPH3,81624,1,244,312,557,Multiclass
DICER1,23405,860,2703,3874,7437,Multiclass
DIDO1,11083,0,37,161,198,Benign-only
DIMT1,27292,0,1,37,38,Benign-only
DIMT1;IPO11;KIF2A;LOC129993962;LOC129993963;LOC129993964,-1,0,0,1,1,VUS/Other-only
DIO1,1733,0,4,23,27,Benign-only
DIO2,1734,0,2,19,21,Benign-only
DIO3,1735,0,6,26,32,Benign-only
DIO3;DIO3OS;LOC126862058;MIR1247,-1,0,0,1,1,VUS/Other-only
DIP2A,23181,2,27,216,245,Multiclass
DIP2B,57609,2,36,204,242,Multiclass
DIP2C,22982,21,593,411,1025,Multiclass
DIPK1A,388650,0,0,48,48,VUS/Other-only
DIPK1A;LOC129930939;RPL5;SNORA66;SNORD21,-1,0,0,1,1,VUS/Other-only
DIPK1A;RPL5,-1,2,0,2,4,Pathogenic-only
DIPK1B,138311,0,4,110,114,Benign-only
DIPK1C,125704,0,10,91,101,Benign-only
DIPK2A;LOC129937722;LOC129937723,-1,0,0,1,1,VUS/Other-only
DIPK2B,79742,0,8,1,9,Benign-only
DIPK2B;KDM6A,-1,0,0,1,1,VUS/Other-only
DIPK2B;KDM6A;LOC121627968;LOC126863244;LOC130068186;LOC130068187,-1,0,0,1,1,VUS/Other-only
DIRAS1,148252,0,3,12,15,Benign-only
DIRAS2,54769,0,2,9,11,Benign-only
DIRAS3,9077,0,3,21,24,Benign-only
DIS3,22894,1,7,116,124,Multiclass
DIS3;PIBF1,-1,0,2,0,2,Benign-only
DIS3L,115752,0,2,151,153,Benign-only
DIS3L2,129563,97,891,1259,2247,Multiclass
DISC1,27185,0,35,93,128,Benign-only
DISC1;DISC1-IT1;DISC2;LOC129388778;LOC129932773;TSNAX-DISC1,-1,1,0,0,1,Pathogenic-only
DISC1;LOC126806045;TSNAX-DISC1,-1,0,0,1,1,VUS/Other-only
DISP1,84976,8,139,320,467,Multiclass
DISP2,85455,0,10,239,249,Benign-only
DISP3,57540,0,9,14,23,Benign-only
DIXDC1,85458,0,3,34,37,Benign-only
DKC1,1736,20,305,151,476,Multiclass
DKK1,22943,0,9,32,41,Benign-only
DKK2,27123,0,4,27,31,Benign-only
DKK3,27122,0,5,42,47,Benign-only
DKK4,27121,0,5,38,43,Benign-only
DKKL1,27120,0,5,38,43,Benign-only
DLAT,1737,16,191,166,373,Multiclass
DLC1,10395,0,234,557,793,Benign-only
DLD,1738,127,388,149,664,Multiclass
DLEC1,9940,0,50,287,337,Benign-only
DLEU7,220107,0,1,34,35,Benign-only
DLG1,1739,0,9,100,109,Benign-only
DLG2,1740,2,13,78,93,Multiclass
DLG2;LOC130006542,-1,1,0,0,1,Pathogenic-only
DLG3,1741,36,76,163,275,Multiclass
DLG3;DLG3-AS1,-1,1,0,0,1,Pathogenic-only
DLG4,1742,98,40,138,276,Multiclass
DLG4;LOC126862479,-1,0,0,1,1,VUS/Other-only
DLG5,9231,1,45,264,310,Multiclass
DLG5;KCNMA1;LOC126860968;LOC130004140;LOC130004141;LOC130004142,-1,0,0,1,1,VUS/Other-only
DLGAP1,9229,0,8,107,115,Benign-only
DLGAP2,9228,0,13,137,150,Benign-only
DLGAP2;LOC123987604;LOC123987605;LOC126860271;LOC126860272;LOC126860273;LOC129389951;LOC286083,-1,1,0,0,1,Pathogenic-only
DLGAP3,58512,0,11,1,12,Benign-only
DLGAP4,22839,0,14,117,131,Benign-only
DLGAP5,9787,1,15,114,130,Multiclass
DLK1,8788,0,27,54,81,Benign-only
DLK2,65989,0,5,50,55,Benign-only
DLL1,28514,59,271,317,647,Multiclass
DLL3,10683,55,370,239,664,Multiclass
DLL3;LOC130064417;PLEKHG2,-1,1,0,0,1,Pathogenic-only
DLL4,54567,27,139,142,308,Multiclass
DLST,1743,0,54,98,152,Benign-only
DLX1,1745,0,1,23,24,Benign-only
DLX2,1746,0,3,44,47,Benign-only
DLX3,1747,8,90,104,202,Multiclass
DLX4,1748,0,7,46,53,Benign-only
DLX5,1749,5,25,53,83,Multiclass
DLX6,1750,0,34,78,112,Benign-only
DMAC1,90871,0,2,21,23,Benign-only
DMAC2,55101,0,12,45,57,Benign-only
DMAC2L,27109,0,5,25,30,Benign-only
DMAP1,55929,2,0,58,60,Pathogenic-only
DMBT1,1755,0,100,338,438,Benign-only
DMBX1,127343,0,2,51,53,Benign-only
DMC1,11144,0,2,28,30,Benign-only
DMD,1756,2328,3840,2692,8860,Multiclass
DMD;FAM47A;LOC129391296;LOC129391297;MIR3915;MIR548F5,-1,1,0,0,1,Pathogenic-only
DMD;LOC129391296,-1,5,0,0,5,Pathogenic-only
DMD;LOC129391297,-1,1,0,1,2,Pathogenic-only
DMD;MIR3915;MIR548F5,-1,2,0,0,2,Pathogenic-only
DMD;MIR548F5,-1,1,0,0,1,Pathogenic-only
DMGDH,29958,2,64,104,170,Multiclass
DMKN,93099,0,5,3,8,Benign-only
DMP1,1758,17,96,178,291,Multiclass
DMP1-AS1;DSPP,-1,1,1,0,2,Multiclass
DMPK,1760,51,48,143,243,Multiclass
DMRT1,1761,10,65,70,145,Multiclass
DMRT1;LOC130001445;LOC130001446,-1,1,0,0,1,Pathogenic-only
DMRT2,10655,1,54,182,237,Multiclass
DMRT3,58524,1,18,101,120,Multiclass
DMRTA1,63951,0,10,80,90,Benign-only
DMRTA2,63950,0,4,85,89,Benign-only
DMRTB1,63948,0,4,80,84,Benign-only
DMRTC1,63947,0,0,14,14,VUS/Other-only
DMRTC2,63946,0,5,47,52,Benign-only
DMTF1,9988,0,3,82,85,Benign-only
DMTN,2039,0,2,39,41,Benign-only
DMWD,1762,0,1,96,97,Benign-only
DMXL1,1657,0,42,430,472,Benign-only
DMXL2,23312,57,989,839,1885,Multiclass
DNA2,1763,15,419,539,973,Multiclass
DNAAF1,123872,56,304,333,693,Multiclass
DNAAF10,116143,0,2,50,52,Benign-only
DNAAF11,23639,48,143,135,326,Multiclass
DNAAF19,388389,25,82,79,186,Multiclass
DNAAF1;TAF1C,-1,0,1,0,1,Benign-only
DNAAF2,55172,46,248,318,612,Multiclass
DNAAF3,352909,53,239,244,536,Multiclass
DNAAF3;DNAAF3-AS1;TNNI3,-1,0,0,1,1,VUS/Other-only
DNAAF4,161582,42,152,133,327,Multiclass
DNAAF4;DNAAF4-CCPG1,-1,1,0,0,1,Pathogenic-only
DNAAF5,54919,51,467,354,872,Multiclass
DNAAF6,139212,8,43,47,98,Multiclass
DNAAF8,146562,0,1,7,8,Benign-only
DNAAF9,25943,0,1,5,6,Benign-only
DNAH1,25981,131,1381,1364,2876,Multiclass
DNAH10,196385,8,158,684,850,Multiclass
DNAH10;DNAH10OS,-1,0,1,0,1,Benign-only
DNAH11,8701,579,4073,1158,5810,Multiclass
DNAH12,201625,0,27,344,371,Benign-only
DNAH14,127602,2,81,596,679,Multiclass
DNAH17,8632,16,384,963,1363,Multiclass
DNAH17;PGS1,-1,0,1,0,1,Benign-only
DNAH1;BAP1,-1,1,0,0,1,Pathogenic-only
DNAH2,146754,8,92,623,723,Multiclass
DNAH3,55567,4,80,666,750,Multiclass
DNAH5,1767,1096,3474,1224,5794,Multiclass
DNAH5;DNAH5-AS1,-1,2,0,0,2,Pathogenic-only
DNAH5;DNAH5-AS1;LOC126807318;LOC126807319;LOC129993686,-1,0,0,1,1,VUS/Other-only
DNAH5;LOC107457585,-1,1,0,0,1,Pathogenic-only
DNAH6,1768,1,174,525,700,Multiclass
DNAH7,56171,14,87,638,739,Multiclass
DNAH8,1769,158,1328,1208,2694,Multiclass
DNAH9,1770,155,1163,1153,2471,Multiclass
DNAI1,27019,168,568,235,971,Multiclass
DNAI1;LOC113839546,-1,0,0,1,1,VUS/Other-only
DNAI2,64446,115,506,222,843,Multiclass
DNAI3,126820,0,22,115,137,Benign-only
DNAI4,79819,0,12,127,139,Benign-only
DNAI7,55259,0,11,92,103,Benign-only
DNAJA1,3301,0,0,33,33,VUS/Other-only
DNAJA2,10294,0,0,25,25,VUS/Other-only
DNAJA3,9093,0,6,96,102,Benign-only
DNAJA4,55466,0,4,62,66,Benign-only
DNAJB1,3337,0,4,56,60,Benign-only
DNAJB11,51726,26,85,66,177,Multiclass
DNAJB12,54788,0,1,55,56,Benign-only
DNAJB13,374407,11,130,73,214,Multiclass
DNAJB14,79982,0,0,37,37,VUS/Other-only
DNAJB2,3300,25,172,131,328,Multiclass
DNAJB4,11080,0,0,34,34,VUS/Other-only
DNAJB5,25822,0,2,52,54,Benign-only
DNAJB6,10049,13,215,238,466,Multiclass
DNAJB7,150353,0,4,62,66,Benign-only
DNAJB7;LOC130067524;LOC130067525;LOC130067526;RBX1;SNORD140;ST13;XPNPEP3,-1,1,0,0,1,Pathogenic-only
DNAJB8,165721,0,5,46,51,Benign-only
DNAJB9,4189,0,2,38,40,Benign-only
DNAJC1,64215,0,6,71,77,Benign-only
DNAJC10,54431,0,1,101,102,Benign-only
DNAJC11,55735,0,4,61,65,Benign-only
DNAJC12,56521,14,50,47,111,Multiclass
DNAJC13,23317,0,168,226,394,Benign-only
DNAJC14,85406,0,1,91,92,Benign-only
DNAJC15,29103,0,3,27,30,Benign-only
DNAJC16,23341,0,10,107,117,Benign-only
DNAJC17,55192,0,114,138,252,Benign-only
DNAJC18,202052,0,1,47,48,Benign-only
DNAJC19,131118,19,84,54,157,Multiclass
DNAJC2,27000,0,1,63,64,Benign-only
DNAJC21,134218,46,183,205,434,Multiclass
DNAJC22,79962,0,3,56,59,Benign-only
DNAJC24,120526,0,0,14,14,VUS/Other-only
DNAJC24;ELP4;IMMP1L;LOC129390272;LOC129390273;LOC129390274;PAX6_HS8,-1,1,0,0,1,Pathogenic-only
DNAJC25,548645,0,0,17,17,VUS/Other-only
DNAJC27,51277,0,2,45,47,Benign-only
DNAJC28,54943,0,4,38,42,Benign-only
DNAJC3,5611,5,16,53,74,Multiclass
DNAJC30,84277,3,9,37,49,Multiclass
DNAJC4,3338,0,2,45,47,Benign-only
DNAJC5,80331,4,215,179,398,Multiclass
DNAJC5B,85479,0,2,14,16,Benign-only
DNAJC5G,285126,0,3,20,23,Benign-only
DNAJC6,9829,10,186,179,375,Multiclass
DNAJC7,7266,0,12,26,38,Benign-only
DNAJC8,22826,0,0,21,21,VUS/Other-only
DNAJC9,23234,0,1,21,22,Benign-only
DNAL1,83544,11,84,41,136,Multiclass
DNAL4,10126,0,1,12,13,Benign-only
DNALI1,7802,1,8,48,57,Multiclass
DNASE1,1773,1,20,45,66,Multiclass
DNASE1;TRAP1,-1,0,1,1,2,Benign-only
DNASE1L1,1774,0,7,19,26,Benign-only
DNASE1L1;LOC130068869;TAFAZZIN,-1,1,0,0,1,Pathogenic-only
DNASE1L2,1775,0,0,38,38,VUS/Other-only
DNASE1L3,1776,16,133,131,280,Multiclass
DNASE2,1777,0,93,89,182,Benign-only
DNASE2B,58511,0,0,34,34,VUS/Other-only
DND1,373863,0,1,56,57,Benign-only
DNER,92737,0,16,106,122,Benign-only
DNER;LOC129389004;LOC129389005;TRIP12,-1,0,0,1,1,VUS/Other-only
DNHD1,144132,51,191,724,966,Multiclass
DNM1,1759,63,529,381,973,Multiclass
DNM1;LOC113839516,-1,0,0,1,1,VUS/Other-only
DNM1L,10059,60,442,308,810,Multiclass
DNM1L;FGD4;LOC126861496;LOC130007663,-1,0,0,1,1,VUS/Other-only
DNM1L;LOC126861497;LOC129390433;LOC129390434;PKP2;YARS2,-1,1,0,0,1,Pathogenic-only
DNM2,1785,28,652,586,1266,Multiclass
DNM3,26052,0,12,85,97,Benign-only
DNMBP,23268,3,29,227,259,Multiclass
DNMT1,1786,12,911,655,1578,Multiclass
DNMT1;SHFL,-1,0,0,2,2,VUS/Other-only
DNMT3A,1788,187,517,480,1184,Multiclass
DNMT3B,1789,36,539,311,886,Multiclass
DNMT3L,29947,0,6,65,71,Benign-only
DNPEP,23549,0,4,79,83,Benign-only
DNPH1,10591,0,2,28,30,Benign-only
DNTT,1791,0,11,72,83,Benign-only
DNTTIP1,116092,0,1,30,31,Benign-only
DNTTIP2,30836,0,6,95,101,Benign-only
DOC2A,8448,0,7,64,71,Benign-only
DOC2B,8447,0,3,47,50,Benign-only
DOC2B;LINC02091;LOC132090892;RPH3AL,-1,0,0,1,1,VUS/Other-only
DOCK1,1793,1,10,216,227,Multiclass
DOCK10,55619,0,14,265,279,Benign-only
DOCK11,139818,9,17,186,212,Multiclass
DOCK2,1794,30,727,463,1220,Multiclass
DOCK3,1795,11,38,234,283,Multiclass
DOCK4,9732,3,49,257,309,Multiclass
DOCK4;DOCK4-AS1,-1,1,0,0,1,Pathogenic-only
DOCK5,80005,0,21,277,298,Benign-only
DOCK6,57572,96,840,710,1646,Multiclass
DOCK7,85440,94,955,781,1830,Multiclass
DOCK8,81704,132,1580,1203,2915,Multiclass
DOCK8-AS1,157983,0,0,5,5,VUS/Other-only
DOCK8;DOCK8-AS1;LOC126860552;LOC130001435;LOC130001436;LOC130001437;LOC130001438;LOC130001439;LOC130001440,-1,0,0,5,5,VUS/Other-only
DOCK8;DOCK8-AS1;LOC130001435,-1,0,2,0,2,Benign-only
DOCK8;DOCK8-AS1;LOC130001435;LOC130001436;LOC130001437;LOC130001438,-1,0,0,3,3,VUS/Other-only
DOCK8;DOCK8-AS1;LOC130001438,-1,0,1,0,1,Benign-only
DOCK8;KANK1;KANK1-AS1;LOC126860553;LOC126860554;LOC129390062;LOC130001441;LOC130001442;LOC130001443,-1,0,0,1,1,VUS/Other-only
DOCK8;KANK1;LOC130001441;LOC130001442,-1,0,0,1,1,VUS/Other-only
DOCK8;LOC126860552;LOC130001439;LOC130001440,-1,0,0,2,2,VUS/Other-only
DOCK9,23348,0,16,228,244,Benign-only
DOHH,83475,1,6,64,71,Multiclass
DOK1,1796,0,2,61,63,Benign-only
DOK1;LOXL3,-1,0,1,0,1,Benign-only
DOK2,9046,0,8,92,100,Benign-only
DOK3,79930,0,7,106,113,Benign-only
DOK4,55715,0,1,55,56,Benign-only
DOK5,55816,0,1,47,48,Benign-only
DOK6,220164,0,0,35,35,VUS/Other-only
DOK6;LOC132090508,-1,0,0,1,1,VUS/Other-only
DOK7,285489,145,698,409,1252,Multiclass
DOLK,22845,11,184,367,562,Multiclass
DOLK;NUP188,-1,0,0,1,1,VUS/Other-only
DOLPP1,57171,0,2,19,21,Benign-only
DONSON,29980,45,112,129,286,Multiclass
DOP1A,23033,0,6,239,245,Benign-only
DOP1B,9980,0,42,387,429,Benign-only
DORIP1,122525,0,4,2,6,Benign-only
DOT1L,84444,1,84,233,318,Multiclass
DOT1L;DOT1L-AS1,-1,0,0,1,1,VUS/Other-only
DPAGT1,1798,33,139,149,321,Multiclass
DPCD,25911,0,2,29,31,Benign-only
DPEP1,1800,0,1,50,51,Benign-only
DPEP2,64174,0,6,76,82,Benign-only
DPEP3,64180,0,5,60,65,Benign-only
DPF1,8193,0,2,25,27,Benign-only
DPF2,5977,18,123,106,247,Multiclass
DPF3,8110,0,2,57,59,Benign-only
DPH1,1801,13,32,101,146,Multiclass
DPH2,1802,2,7,79,88,Multiclass
DPH3,285381,0,0,12,12,VUS/Other-only
DPH5,51611,2,1,37,40,Multiclass
DPH6,89978,0,3,34,37,Benign-only
DPH7,92715,0,4,85,89,Benign-only
DPM1,8813,22,128,133,283,Multiclass
DPM2,8818,6,64,59,129,Multiclass
DPM3,54344,10,25,37,72,Multiclass
DPP10,57628,1,9,106,116,Multiclass
DPP3,10072,0,11,134,145,Benign-only
DPP4,1803,0,16,95,111,Benign-only
DPP6,1804,2,183,63,248,Multiclass
DPP6;LOC126860236,-1,1,0,0,1,Pathogenic-only
DPP7,29952,0,8,133,141,Benign-only
DPP8,54878,0,1,86,87,Benign-only
DPP9,91039,2,29,145,176,Multiclass
DPPA2,151871,1,6,50,57,Multiclass
DPPA3,359787,0,3,27,30,Benign-only
DPPA4,55211,0,1,22,23,Benign-only
DPPA5,340168,0,0,15,15,VUS/Other-only
DPRX,503834,0,2,31,33,Benign-only
DPT,1805,1,12,25,38,Multiclass
DPY19L1,23333,0,3,75,78,Benign-only
DPY19L2,283417,2,15,94,111,Multiclass
DPY19L2;LOC130008194,-1,0,1,0,1,Benign-only
DPY19L3,147991,0,3,86,89,Benign-only
DPY19L4,286148,0,5,79,84,Benign-only
DPY30,84661,0,0,5,5,VUS/Other-only
DPY30;LOC129933452;LOC129933453;LOC129933454;LOC129933455;SPAST,-1,2,0,0,2,Pathogenic-only
DPYD,1806,112,116,249,497,Multiclass
DPYD;DPYD-AS2;LOC129930997,-1,0,0,1,1,VUS/Other-only
DPYS,1807,28,61,126,215,Multiclass
DPYSL2,1808,1,20,46,67,Multiclass
DPYSL3,1809,0,9,58,67,Benign-only
DPYSL4,10570,0,4,100,104,Benign-only
DPYSL5,56896,1,27,102,130,Multiclass
DQX1,165545,0,4,86,90,Benign-only
DR1,1810,0,0,6,6,VUS/Other-only
DRAM1,55332,0,1,22,23,Benign-only
DRAM2,128338,27,74,101,202,Multiclass
DRAP1,10589,0,2,23,25,Benign-only
DRAXIN,374946,0,8,40,48,Benign-only
DRC1,92749,35,311,229,575,Multiclass
DRC10,115811,0,2,19,21,Benign-only
DRC11,79781,0,3,46,49,Benign-only
DRC11L,392843,0,1,0,1,Benign-only
DRC12,283152,0,2,24,26,Benign-only
DRC1;LOC129933333,-1,1,0,0,1,Pathogenic-only
DRC1;OTOF,-1,2,0,0,2,Pathogenic-only
DRC2,85478,19,114,101,234,Multiclass
DRC3,83450,0,9,84,93,Benign-only
DRC4,2622,20,229,133,382,Multiclass
DRC4;GAS8-AS1,-1,0,1,0,1,Benign-only
DRC5,202500,0,0,36,36,VUS/Other-only
DRC7,84229,0,3,136,139,Benign-only
DRC8,84288,0,2,6,8,Benign-only
DRC9,84223,0,7,17,24,Benign-only
DRD1,1812,0,6,33,39,Benign-only
DRD2,1813,0,100,66,166,Benign-only
DRD3,1814,0,22,45,67,Benign-only
DRD4,1815,1,31,160,192,Multiclass
DRD5,1816,0,6,98,104,Benign-only
DRG1,4733,4,0,21,25,Pathogenic-only
DRG2,1819,0,4,48,52,Benign-only
DRGX,644168,0,0,1,1,VUS/Other-only
DRICH1,51233,0,1,34,35,Benign-only
DROSHA,29102,2,20,127,149,Multiclass
DRP2,1821,18,213,295,526,Multiclass
DSC1,1823,0,5,118,123,Benign-only
DSC1;DSC2;DSC3;DSCAS,-1,0,0,1,1,VUS/Other-only
DSC2,1824,101,650,1102,1853,Multiclass
DSC2;DSCAS,-1,0,1,0,1,Benign-only
DSC3,1825,7,64,124,195,Multiclass
DSCAM,1826,6,90,213,309,Multiclass
DSCAML1,57453,0,681,860,1541,Benign-only
DSCC1,79075,0,1,42,43,Benign-only
DSE,29940,13,205,254,472,Multiclass
DSE;TSPYL1,-1,0,1,0,1,Benign-only
DSEL,92126,0,10,139,149,Benign-only
DSG1,1828,36,366,536,938,Multiclass
DSG1-AS1;DSG4,-1,1,0,0,1,Pathogenic-only
DSG2,1829,132,681,1229,2042,Multiclass
DSG3,1830,0,53,144,197,Benign-only
DSG4,147409,12,78,198,288,Multiclass
DSN1,79980,0,5,33,38,Benign-only
DSP,1832,807,1853,2675,5335,Multiclass
DSPP,1834,45,285,390,720,Multiclass
DST,667,186,1493,2321,4000,Multiclass
DSTN,11034,0,0,12,12,VUS/Other-only
DSTYK,25778,3,112,219,334,Multiclass
DTD1,92675,0,0,24,24,VUS/Other-only
DTD2,112487,0,3,14,17,Benign-only
DTHD1,401124,0,150,372,522,Benign-only
DTL,51514,0,6,63,69,Benign-only
DTNA,1837,0,370,340,710,Benign-only
DTNB,1838,0,5,87,92,Benign-only
DTNBP1,84062,13,191,135,339,Multiclass
DTWD1,56986,0,1,37,38,Benign-only
DTWD2,285605,0,1,78,79,Benign-only
DTX1,1840,0,5,77,82,Benign-only
DTX2,113878,0,15,108,123,Benign-only
DTX3,196403,0,1,34,35,Benign-only
DTX3L,151636,0,16,89,105,Benign-only
DTX3L;PARP9,-1,0,0,1,1,VUS/Other-only
DTX4,23220,0,5,82,87,Benign-only
DTYMK,1841,2,7,43,52,Multiclass
DUOX1,53905,0,29,197,226,Benign-only
DUOX2,50506,240,976,988,2204,Multiclass
DUOX2;DUOXA2,-1,0,1,0,1,Benign-only
DUOXA1,90527,0,11,45,56,Benign-only
DUOXA2,405753,25,42,40,107,Multiclass
DUS1L,64118,1,2,77,80,Multiclass
DUS2,54920,0,1,70,71,Benign-only
DUS3L,56931,0,7,123,130,Benign-only
DUS4L,11062,0,0,32,32,VUS/Other-only
DUSP1,1843,0,2,44,46,Benign-only
DUSP10,11221,0,1,55,56,Benign-only
DUSP11,8446,0,9,46,55,Benign-only
DUSP12,11266,0,4,51,55,Benign-only
DUSP13B,51207,0,8,36,44,Benign-only
DUSP14,11072,0,1,24,25,Benign-only
DUSP15,128853,0,1,50,51,Benign-only
DUSP16,80824,0,6,71,77,Benign-only
DUSP18,150290,0,2,34,36,Benign-only
DUSP19,142679,0,0,46,46,VUS/Other-only
DUSP19;LOC129935223;NUP35,-1,0,1,0,1,Benign-only
DUSP2,1844,0,2,59,61,Benign-only
DUSP21,63904,0,4,15,19,Benign-only
DUSP22,56940,0,11,32,43,Benign-only
DUSP22;LOC129995536;LOC129995537;LOC129995538,-1,0,1,0,1,Benign-only
DUSP22;LOC129995536;LOC129995537;LOC129995538;LOC129995539;LOC129995540;LOC129995541;LOC129995542,-1,0,1,0,1,Benign-only
DUSP23,54935,0,0,36,36,VUS/Other-only
DUSP26,78986,0,1,22,23,Benign-only
DUSP28,285193,0,1,56,57,Benign-only
DUSP29,338599,0,5,53,58,Benign-only
DUSP3,1845,0,1,19,20,Benign-only
DUSP4,1846,0,5,47,52,Benign-only
DUSP5,1847,0,3,65,68,Benign-only
DUSP6,1848,1,39,54,94,Multiclass
DUSP6;POC1B-DUSP6,-1,0,1,0,1,Benign-only
DUSP7,1849,0,0,38,38,VUS/Other-only
DUSP8,1850,0,2,104,106,Benign-only
DUSP9,1852,0,6,53,59,Benign-only
DUT,1854,1,3,13,17,Multiclass
DUT-AS1,107984757,1,0,0,1,Pathogenic-only
DUX4,100288687,0,0,1,1,VUS/Other-only
DUXA,503835,0,4,26,30,Benign-only
DUXB,100033411,0,5,0,5,Benign-only
DVL1,1855,21,421,330,772,Multiclass
DVL2,1856,0,9,107,116,Benign-only
DVL3,1857,16,198,213,427,Multiclass
DXO,1797,0,2,45,47,Benign-only
DYDC1,143241,0,2,22,24,Benign-only
DYDC2,84332,0,5,20,25,Benign-only
DYM,54808,45,161,145,351,Multiclass
DYM-AS1;DYM,-1,0,1,0,1,Benign-only
DYNAP,284254,0,3,29,32,Benign-only
DYNC1H1,1778,166,2823,2104,5093,Multiclass
DYNC1I1,1780,0,61,71,132,Benign-only
DYNC1I1;LOC110121172;LOC110121292;LOC110121293;LOC110121296;LOC123956181;LOC129998833;MIR591;SLC25A13,-1,0,0,1,1,VUS/Other-only
DYNC1I2,1781,4,10,79,93,Multiclass
DYNC1LI1,51143,0,1,62,63,Benign-only
DYNC1LI2,1783,0,3,49,52,Benign-only
DYNC2H1,79659,525,2299,1100,3924,Multiclass
DYNC2I1,55112,26,312,263,601,Multiclass
DYNC2I2,89891,45,270,248,563,Multiclass
DYNC2I2;LOC126860772;SPTAN1,-1,1,0,0,1,Pathogenic-only
DYNC2LI1,51626,21,124,81,226,Multiclass
DYNLL2,140735,0,0,5,5,VUS/Other-only
DYNLRB1,83658,0,0,9,9,VUS/Other-only
DYNLRB2,83657,0,1,28,29,Benign-only
DYNLT1,6993,0,0,21,21,VUS/Other-only
DYNLT2,6991,0,3,26,29,Benign-only
DYNLT2B,255758,6,34,31,71,Multiclass
DYNLT3,6990,0,1,10,11,Benign-only
DYNLT4,343521,0,2,54,56,Benign-only
DYNLT5,200132,0,1,28,29,Benign-only
DYRK1A,1859,241,479,352,1072,Multiclass
DYRK1B,9149,1,80,120,201,Multiclass
DYRK2,8445,0,3,63,66,Benign-only
DYRK3,8444,0,3,70,73,Benign-only
DYRK4,8798,0,5,67,72,Benign-only
DYSF,8291,922,2065,1000,3987,Multiclass
DYSF;LOC129934067,-1,1,0,0,1,Pathogenic-only
DYTN,391475,0,11,82,93,Benign-only
DZANK1,55184,0,5,107,112,Benign-only
DZANK1;LOC126862987;LOC130065471;LOC130065472;LOC130065473;MIR3192;POLR3F;RBBP9;SEC23B,-1,0,0,1,1,VUS/Other-only
DZIP1,22873,2,8,114,124,Multiclass
DZIP1L,199221,13,122,153,288,Multiclass
DZIP3,9666,0,7,141,148,Benign-only
E2F1,1869,0,10,34,44,Benign-only
E2F2,1870,0,4,57,61,Benign-only
E2F3,1871,0,4,39,43,Benign-only
E2F4,1874,0,4,51,55,Benign-only
E2F5,1875,0,1,49,50,Benign-only
E2F6,1876,1,1,30,32,Multiclass
E2F7,144455,0,11,108,119,Benign-only
E2F8,79733,0,14,105,119,Benign-only
E4F1,1877,1,9,130,140,Multiclass
EAF1,85403,0,3,33,36,Benign-only
EAF2,55840,0,5,28,33,Benign-only
EAPP,55837,0,3,44,47,Benign-only
EARS2,124454,33,127,191,351,Multiclass
EBAG9,9166,0,2,28,30,Benign-only
EBF1,1879,0,0,48,48,VUS/Other-only
EBF2,64641,0,2,62,64,Benign-only
EBF3,253738,106,48,154,308,Multiclass
EBF4,57593,0,3,113,116,Benign-only
EBI3,10148,0,7,39,46,Benign-only
EBLN1,340900,0,2,54,56,Benign-only
EBLN2,55096,0,1,56,57,Benign-only
EBNA1BP2,10969,0,3,33,36,Benign-only
EBP,10682,72,66,67,205,Multiclass
EBPL,84650,0,3,30,33,Benign-only
ECD,11319,0,7,76,83,Benign-only
ECE1,1889,1,44,96,141,Multiclass
ECE2;EEF1AKMT4-ECE2,-1,0,9,64,73,Benign-only
ECE2;EEF1AKMT4;EEF1AKMT4-ECE2,-1,0,3,16,19,Benign-only
ECEL1,9427,51,75,130,256,Multiclass
ECH1,1891,0,5,49,54,Benign-only
ECHDC1,55862,3,1,26,30,Multiclass
ECHDC2,55268,0,3,55,58,Benign-only
ECHDC3,79746,0,3,33,36,Benign-only
ECHS1,1892,60,193,109,362,Multiclass
ECI1,1632,0,8,73,81,Benign-only
ECI2,10455,0,11,76,87,Benign-only
ECM1,1893,27,48,96,171,Multiclass
ECM2,1842,0,5,97,102,Benign-only
ECPAS,23392,0,8,212,220,Benign-only
ECRG4,84417,0,1,2,3,Benign-only
ECSCR,641700,0,0,1,1,VUS/Other-only
ECSIT,51295,0,9,45,54,Benign-only
ECT2,1894,0,5,86,91,Benign-only
ECT2L,345930,0,7,110,117,Benign-only
EDA,1896,278,226,99,603,Multiclass
EDA2R,60401,1,15,24,40,Multiclass
EDA2R;LOC126863269;LOC126863270;LOC130068387;LOC130068388;LOC130068389;LOC130068390,-1,0,0,2,2,VUS/Other-only
EDA2R;LOC126863269;LOC130068387;LOC130068388;LOC130068389;LOC130068390,-1,0,0,2,2,VUS/Other-only
EDAR,10913,84,103,166,353,Multiclass
EDAR;RANBP2,-1,0,1,0,1,Benign-only
EDARADD,128178,13,65,87,165,Multiclass
EDC3,80153,1,11,45,57,Multiclass
EDC4,23644,0,11,152,163,Benign-only
EDDM3A,10876,0,2,21,23,Benign-only
EDDM3B,64184,0,2,27,29,Benign-only
EDEM1,9695,0,3,91,94,Benign-only
EDEM2,55741,0,3,78,81,Benign-only
EDEM3,80267,6,7,114,127,Multiclass
EDF1,8721,0,0,12,12,VUS/Other-only
EDIL3,10085,0,7,70,77,Benign-only
EDN1,1906,0,24,33,57,Benign-only
EDN2,1907,0,4,25,29,Benign-only
EDN3,1908,2,64,112,178,Multiclass
EDNRA,1909,0,61,72,133,Benign-only
EDNRB,1910,37,88,218,343,Multiclass
EDNRB;EDNRB-AS1,-1,1,0,1,2,Pathogenic-only
EDRF1,26098,0,9,101,110,Benign-only
EEA1,8411,0,10,139,149,Benign-only
EED,8726,10,71,74,155,Multiclass
EEF1A1,1915,0,3,13,16,Benign-only
EEF1A1;MTO1,-1,0,1,0,1,Benign-only
EEF1A2,1917,36,380,193,609,Multiclass
EEF1AKMT1,221143,0,0,1,1,VUS/Other-only
EEF1AKMT2,399818,0,6,32,38,Benign-only
EEF1AKMT3,25895,0,1,36,37,Benign-only
EEF1AKMT4-ECE2;ALG3;VWA5B2;MIR1224;EEF1AKMT4,-1,1,0,0,1,Pathogenic-only
EEF1AKMT4-ECE2;ECE2;EEF1AKMT4,-1,0,0,1,1,VUS/Other-only
EEF1B2,1933,3,4,25,32,Multiclass
EEF1D,1936,8,21,134,163,Multiclass
EEF1E1,9521,0,1,15,16,Benign-only
EEF1G,1937,0,0,41,41,VUS/Other-only
EEF2,1938,5,283,250,538,Multiclass
EEF2K,29904,0,2,139,141,Benign-only
EEF2KMT,196483,0,9,77,86,Benign-only
EEFSEC,60678,3,12,98,113,Multiclass
EEIG1,399665,0,1,74,75,Benign-only
EEIG2,284611,0,0,34,34,VUS/Other-only
EEPD1,80820,0,2,92,94,Benign-only
EFCAB10,100130771,0,1,0,1,Benign-only
EFCAB10;RINT1,-1,0,4,0,4,Benign-only
EFCAB11,90141,0,0,28,28,VUS/Other-only
EFCAB12,90288,0,10,81,91,Benign-only
EFCAB13,124989,0,11,103,114,Benign-only
EFCAB14,9813,0,2,64,66,Benign-only
EFCAB2,84288,0,0,5,5,VUS/Other-only
EFCAB3,146779,0,8,40,48,Benign-only
EFCAB5,374786,0,26,177,203,Benign-only
EFCAB6,64800,0,23,249,272,Benign-only
EFCAB7,84455,0,5,67,72,Benign-only
EFCAB8,388795,0,2,0,2,Benign-only
EFCAB9,285588,0,0,28,28,VUS/Other-only
EFCC1,79825,0,6,109,115,Benign-only
EFEMP1,2202,14,185,197,396,Multiclass
EFEMP2,30008,39,289,269,597,Multiclass
EFHB,151651,0,8,116,124,Benign-only
EFHC1,114327,1,151,267,419,Multiclass
EFHC2,80258,0,14,79,93,Benign-only
EFHD1,80303,0,2,29,31,Benign-only
EFHD2,79180,0,0,26,26,VUS/Other-only
EFL1,79631,4,275,275,554,Multiclass
EFNA1,1942,0,2,21,23,Benign-only
EFNA2,1943,0,1,33,34,Benign-only
EFNA3,1944,0,1,29,30,Benign-only
EFNA4,1945,0,18,33,51,Benign-only
EFNA5,1946,0,1,16,17,Benign-only
EFNB1,1947,65,37,86,188,Multiclass
EFNB1;LINC00269;LOC121853059;LOC126863271;LOC130068392;LOC130068393;PJA1;STARD8;YIPF6,-1,0,0,1,1,VUS/Other-only
EFNB2,1948,1,2,26,29,Multiclass
EFNB3,1949,0,1,38,39,Benign-only
EFR3A,23167,0,5,106,111,Benign-only
EFR3B,22979,0,0,71,71,VUS/Other-only
EFS,10278,0,4,88,92,Benign-only
EFTUD2,9343,161,391,298,850,Multiclass
EGF,1950,2,291,329,622,Multiclass
EGFL6,25975,0,12,62,74,Benign-only
EGFL7,51162,0,7,51,58,Benign-only
EGFL8,80864,0,2,51,53,Benign-only
EGFLAM,133584,0,10,169,179,Benign-only
EGFLAM;EGFLAM-AS1;EGFLAM-AS2;LOC126807366,-1,0,0,1,1,VUS/Other-only
EGFR,1956,78,1740,1857,3693,Multiclass
EGFR;LOC120766156;LOC126860044;LOC126860045;LOC129998450;LOC129998451;SEC61G;SEC61G-DT,-1,0,0,1,1,VUS/Other-only
EGLN1,54583,13,547,726,1286,Multiclass
EGLN2,112398,0,321,336,657,Benign-only
EGLN3,112399,0,4,12,16,Benign-only
EGR1,1958,0,4,42,46,Benign-only
EGR2,1959,17,154,263,434,Multiclass
EGR3,1960,0,7,27,34,Benign-only
EGR4,1961,0,10,117,127,Benign-only
EHBP1,23301,0,11,168,179,Benign-only
EHBP1L1,254102,1,17,254,272,Multiclass
EHD1,10938,0,13,60,73,Benign-only
EHD2,30846,0,1,84,85,Benign-only
EHD3,30845,0,6,70,76,Benign-only
EHD4,30844,0,2,81,83,Benign-only
EHF,26298,0,7,44,51,Benign-only
EHHADH,1962,0,50,161,211,Benign-only
EHMT1,79813,263,1340,680,2283,Multiclass
EHMT1;LOC108281115;LOC130003149;LOC130003150;LOC651337;MIR602,-1,1,0,0,1,Pathogenic-only
EHMT1;LOC126860799;LOC130003148;LOC651337,-1,2,0,0,2,Pathogenic-only
EHMT1;LOC130003148,-1,1,0,0,1,Pathogenic-only
EHMT1;LOC130003149,-1,1,0,0,1,Pathogenic-only
EHMT1;LOC130003149;LOC130003150,-1,1,0,0,1,Pathogenic-only
EHMT1;LOC130003149;LOC130003150;LOC651337,-1,2,0,0,2,Pathogenic-only
EHMT1;LOC130003150,-1,1,0,0,1,Pathogenic-only
EHMT2,10919,7,16,129,152,Multiclass
EI24,9538,0,0,19,19,VUS/Other-only
EID1,23741,0,2,28,30,Benign-only
EID2,163126,0,1,30,31,Benign-only
EID2B,126272,0,2,24,26,Benign-only
EID3,493861,0,2,56,58,Benign-only
EIF1AD,84285,0,0,14,14,VUS/Other-only
EIF1AX,1964,0,2,2,4,Benign-only
EIF1B,10289,0,0,6,6,VUS/Other-only
EIF2A,83939,0,1,63,64,Benign-only
EIF2AK1,27102,0,88,152,240,Benign-only
EIF2AK2,5610,3,89,148,240,Multiclass
EIF2AK3,9451,108,491,393,992,Multiclass
EIF2AK3-AS1,101928371,0,1,0,1,Benign-only
EIF2AK4,440275,45,273,178,496,Multiclass
EIF2AK4;LOC130056813,-1,1,1,0,2,Multiclass
EIF2B1,1967,31,173,94,298,Multiclass
EIF2B2,8892,37,175,104,316,Multiclass
EIF2B3,8891,15,201,122,338,Multiclass
EIF2B4,8890,32,296,143,471,Multiclass
EIF2B4;GTF3C2-AS2,-1,0,0,2,2,VUS/Other-only
EIF2B5,8893,114,457,214,785,Multiclass
EIF2D,1939,0,5,68,73,Benign-only
EIF2S1,1965,0,2,16,18,Benign-only
EIF2S2,8894,0,4,18,22,Benign-only
EIF2S3,1968,5,21,45,71,Multiclass
EIF2S3B,255308,0,2,0,2,Benign-only
EIF3A,8661,0,18,162,180,Benign-only
EIF3B,8662,1,35,141,177,Multiclass
EIF3C,8663,0,1,11,12,Benign-only
EIF3CL,728689,0,0,12,12,VUS/Other-only
EIF3D,8664,0,4,24,28,Benign-only
EIF3E,3646,0,0,12,12,VUS/Other-only
EIF3F,8665,1,18,52,71,Multiclass
EIF3G,8666,0,3,31,34,Benign-only
EIF3H,8667,0,0,42,42,VUS/Other-only
EIF3I,8668,0,1,13,14,Benign-only
EIF3J,8669,0,0,15,15,VUS/Other-only
EIF3K,27335,0,0,35,35,VUS/Other-only
EIF3L,51386,0,2,35,37,Benign-only
EIF3M,10480,0,0,27,27,VUS/Other-only
EIF4A1,1973,0,3,14,17,Benign-only
EIF4A2,1974,9,5,67,81,Multiclass
EIF4A3,9775,0,10,26,36,Benign-only
EIF4B,1975,0,1,73,74,Benign-only
EIF4E,1977,0,3,13,16,Benign-only
EIF4E1B,253314,0,4,34,38,Benign-only
EIF4E2,9470,0,0,23,23,VUS/Other-only
EIF4E3,317649,0,0,36,36,VUS/Other-only
EIF4EBP1,1978,0,2,10,12,Benign-only
EIF4EBP2,1979,0,2,19,21,Benign-only
EIF4EBP3,8637,0,1,13,14,Benign-only
EIF4ENIF1,56478,0,5,140,145,Benign-only
EIF4G1,1981,0,62,167,229,Benign-only
EIF4G2,1982,0,4,69,73,Benign-only
EIF4G3,8672,1,13,169,183,Multiclass
EIF4H,7458,0,2,13,15,Benign-only
EIF5,1983,0,2,46,48,Benign-only
EIF5A,1984,11,7,21,39,Multiclass
EIF5A2,56648,0,0,10,10,VUS/Other-only
EIF5A;GPS2;NEURL4,-1,0,0,1,1,VUS/Other-only
EIF5AL1,143244,0,0,29,29,VUS/Other-only
EIF5B,9669,0,9,118,127,Benign-only
EIF6,3692,0,5,27,32,Benign-only
EIPR1,7260,0,2,51,53,Benign-only
ELAC1,55520,0,1,45,46,Benign-only
ELAC2,60528,78,687,440,1205,Multiclass
ELANE,1991,89,328,415,832,Multiclass
ELAPOR1,57535,0,4,148,152,Benign-only
ELAPOR2,222223,0,3,139,142,Benign-only
ELAVL1,1994,0,2,13,15,Benign-only
ELAVL2,1993,0,0,40,40,VUS/Other-only
ELAVL3,1995,0,5,25,30,Benign-only
ELAVL4,1996,0,0,22,22,VUS/Other-only
ELF1,1997,0,3,80,83,Benign-only
ELF2,1998,1,3,69,73,Multiclass
ELF3,1999,0,4,19,23,Benign-only
ELF4,2000,5,21,62,88,Multiclass
ELF5,2001,0,0,39,39,VUS/Other-only
ELFN1,392617,0,32,164,196,Benign-only
ELFN2,114794,0,5,120,125,Benign-only
ELK1,2002,0,10,38,48,Benign-only
ELK3,2004,0,5,59,64,Benign-only
ELK4,2005,0,2,52,54,Benign-only
ELL,8178,0,11,91,102,Benign-only
ELL2,22936,0,8,56,64,Benign-only
ELL3,80237,0,1,55,56,Benign-only
ELMO1,9844,0,1,58,59,Benign-only
ELMO2,63916,5,29,59,93,Multiclass
ELMO3,79767,0,8,136,144,Benign-only
ELMOD1,55531,0,2,40,42,Benign-only
ELMOD2,255520,0,10,38,48,Benign-only
ELMOD3,84173,1,106,101,208,Multiclass
ELN,2006,193,483,523,1199,Multiclass
ELN;ELN-AS1,-1,1,0,0,1,Pathogenic-only
ELN;ELN-AS1;LIMK1;LOC113748410;LOC129998616;LOC129998617;LOC129998618;LOC129998619;LOC129998620,-1,1,0,0,1,Pathogenic-only
ELOA,6924,0,3,105,108,Benign-only
ELOA2,51224,0,36,195,231,Benign-only
ELOA2;KATNAL2;LOC129390992,-1,1,0,0,1,Pathogenic-only
ELOB,6923,0,2,26,28,Benign-only
ELOC,6921,0,0,5,5,VUS/Other-only
ELOF1,84337,0,0,5,5,VUS/Other-only
ELOVL1,64834,0,33,35,68,Benign-only
ELOVL2,54898,0,0,43,43,VUS/Other-only
ELOVL3,83401,0,3,40,43,Benign-only
ELOVL4,6785,26,137,177,340,Multiclass
ELOVL4;LINC01621;LOC123775376;LOC126859719;LOC129996750;LOC129996751;LOC132089479;SH3BGRL2;TTK,-1,0,0,1,1,VUS/Other-only
ELOVL5,60481,0,61,85,146,Benign-only
ELOVL6,79071,0,0,7,7,VUS/Other-only
ELOVL7,79993,0,2,30,32,Benign-only
ELP1,8518,420,1160,787,2367,Multiclass
ELP2,55250,14,41,156,211,Multiclass
ELP3,55140,0,3,59,62,Benign-only
ELP4,26610,0,30,73,103,Benign-only
ELP4;ELP4-AS1;LOC126861176;PAX6,-1,1,0,0,1,Pathogenic-only
ELP4;IMMP1L,-1,1,0,0,1,Pathogenic-only
ELP4;IMMP1L;LOC105980005;PAX6DRR,-1,0,0,1,1,VUS/Other-only
ELP4;PAX6,-1,1,0,1,2,Pathogenic-only
ELP5,23587,0,8,49,57,Benign-only
ELP6,54859,0,9,36,45,Benign-only
ELSPBP1,64100,0,0,27,27,VUS/Other-only
EMB,133418,0,4,36,40,Benign-only
EMC1,23065,98,511,756,1365,Multiclass
EMC10,284361,10,21,49,80,Multiclass
EMC2,9694,0,0,24,24,VUS/Other-only
EMC3,55831,0,1,19,20,Benign-only
EMC3;LOC401052,-1,0,0,2,2,VUS/Other-only
EMC4,51234,0,1,10,11,Benign-only
EMC4;SLC12A6,-1,0,1,0,1,Benign-only
EMC6,83460,0,0,12,12,VUS/Other-only
EMC7,56851,0,2,21,23,Benign-only
EMC8,10328,0,0,23,23,VUS/Other-only
EMC9,51016,0,1,30,31,Benign-only
EMCN,51705,0,5,33,38,Benign-only
EMD,2010,99,264,212,575,Multiclass
EME1,146956,0,9,67,76,Benign-only
EME2,197342,0,8,0,8,Benign-only
EME2;LOC130058183;MRPS34,-1,0,0,1,1,VUS/Other-only
EMG1,10436,0,16,8,24,Benign-only
EMID1,129080,0,3,72,75,Benign-only
EMILIN1,11117,2,18,196,216,Multiclass
EMILIN2,84034,0,44,198,242,Benign-only
EMILIN3,90187,0,7,141,148,Benign-only
EML1,2009,8,122,102,232,Multiclass
EML2,24139,0,4,116,120,Benign-only
EML3,256364,0,1,111,112,Benign-only
EML4,27436,0,12,148,160,Benign-only
EML5,161436,0,10,221,231,Benign-only
EML6,400954,0,14,325,339,Benign-only
EMP1,2012,0,5,22,27,Benign-only
EMP2,2013,2,60,41,103,Multiclass
EMP3,2014,0,0,25,25,VUS/Other-only
EMSY,56946,0,7,10,17,Benign-only
EMX1,2016,0,0,41,41,VUS/Other-only
EMX2,2018,2,15,33,50,Multiclass
EN1,2019,0,8,68,76,Benign-only
EN2,2020,0,7,75,82,Benign-only
ENAH,55740,0,8,59,67,Benign-only
ENAM,10117,9,47,229,285,Multiclass
ENC1,8507,0,1,30,31,Benign-only
ENDOD1,23052,0,9,70,79,Benign-only
ENDOG,2021,0,8,51,59,Benign-only
ENDOU,8909,0,6,49,55,Benign-only
ENDOV,284131,0,2,57,59,Benign-only
ENG,2022,615,727,563,1905,Multiclass
ENG;LOC102723566,-1,1,2,0,3,Multiclass
ENGASE,64772,0,13,133,146,Benign-only
ENKD1,84080,0,3,64,67,Benign-only
ENKUR,219670,0,6,44,50,Benign-only
ENO1,2023,0,4,50,54,Benign-only
ENO2,2026,0,1,40,41,Benign-only
ENO3,2027,3,195,195,393,Multiclass
ENO4,387712,0,5,91,96,Benign-only
ENOPH1,58478,0,2,10,12,Benign-only
ENOSF1,55556,0,4,102,106,Benign-only
ENOX1,55068,0,2,78,80,Benign-only
ENOX2,10495,0,3,52,55,Benign-only
ENPEP,2028,0,7,126,133,Benign-only
ENPEP;LOC123477805;PANCR;PITX2,-1,0,0,1,1,VUS/Other-only
ENPP1,5167,87,351,416,854,Multiclass
ENPP2,5168,0,10,122,132,Benign-only
ENPP3,5169,0,10,107,117,Benign-only
ENPP4,22875,0,1,65,66,Benign-only
ENPP5,59084,0,4,60,64,Benign-only
ENPP6,133121,0,3,78,81,Benign-only
ENPP7,339221,0,15,87,102,Benign-only
ENSA,2029,0,0,4,4,VUS/Other-only
ENTHD1,150350,0,19,65,84,Benign-only
ENTPD1,953,12,115,109,236,Multiclass
ENTPD2,954,1,11,92,104,Multiclass
ENTPD3,956,0,4,68,72,Benign-only
ENTPD4,9583,0,6,106,112,Benign-only
ENTPD5,957,0,2,50,52,Benign-only
ENTPD6,955,0,11,63,74,Benign-only
ENTPD7,57089,0,2,74,76,Benign-only
ENTPD8,377841,0,14,112,126,Benign-only
ENTR1,10807,0,4,110,114,Benign-only
ENTREP1,9413,0,47,79,126,Benign-only
ENTREP2,23359,0,10,95,105,Benign-only
ENTREP3,10712,0,0,108,108,VUS/Other-only
ENY2,56943,0,0,5,5,VUS/Other-only
EOGT,285203,12,155,100,267,Multiclass
EOLA1,91966,0,1,3,4,Benign-only
EOLA1-DT;IDS;LOC106050102;LOC106050103;LOC121627983;LOC122319696;LOC125467790;LOC126863342;LOC130068781,-1,0,0,1,1,VUS/Other-only
EOLA2,541578,0,3,1,4,Benign-only
EOMES,8320,0,13,92,105,Benign-only
EP300,2033,240,949,807,1996,Multiclass
EP300;EP300-AS1,-1,2,0,0,2,Pathogenic-only
EP400,57634,0,115,448,563,Benign-only
EPAS1,2034,6,769,995,1771,Multiclass
EPB41,2035,33,59,159,251,Multiclass
EPB41L1,2036,1,56,119,176,Multiclass
EPB41L1;EPB41L1-AS1,-1,0,0,1,1,VUS/Other-only
EPB41L2,2037,0,8,148,156,Benign-only
EPB41L3,23136,0,15,147,162,Benign-only
EPB41L4A,64097,0,20,113,133,Benign-only
EPB41L4A;EPB41L4A-AS1;EPB41L4A-DT;LOC101927023;LOC123497953;LOC129389344;LOC129994369,-1,0,0,1,1,VUS/Other-only
EPB41L4B,54566,0,2,108,110,Benign-only
EPB41L5,57669,0,9,99,108,Benign-only
EPB42,2038,18,75,162,255,Multiclass
EPC1,80314,0,3,72,75,Benign-only
EPC2,26122,0,5,75,80,Benign-only
EPCAM,4072,64,354,550,968,Multiclass
EPCIP,56245,0,0,2,2,VUS/Other-only
EPDR1,54749,0,1,31,32,Benign-only
EPG5,57724,208,1396,970,2574,Multiclass
EPG5;SIGLEC15,-1,0,1,0,1,Benign-only
EPHA1,2041,0,23,161,184,Benign-only
EPHA10,284656,0,9,162,171,Benign-only
EPHA2,1969,16,157,223,396,Multiclass
EPHA3,2042,0,6,82,88,Benign-only
EPHA4,2043,2,125,155,282,Multiclass
EPHA4;LOC121725115;LOC121725116;LOC126806526;LOC126806527;LOC129935666;LOC129935667;LOC129935668;LOC132088821,-1,1,0,0,1,Pathogenic-only
EPHA4;LOC121725115;LOC121725116;LOC126806527;LOC132088821,-1,0,0,1,1,VUS/Other-only
EPHA5,2044,0,7,117,124,Benign-only
EPHA6,285220,0,5,124,129,Benign-only
EPHA7,2045,0,8,95,103,Benign-only
EPHA8,2046,0,10,179,189,Benign-only
EPHB1,2047,0,6,98,104,Benign-only
EPHB2,2048,0,45,91,136,Benign-only
EPHB3,2049,0,9,101,110,Benign-only
EPHB4,2050,127,451,442,1020,Multiclass
EPHB4;LOC126860124,-1,1,1,1,3,Multiclass
EPHB4;SLC12A9,-1,0,3,1,4,Benign-only
EPHB6,2051,0,7,136,143,Benign-only
EPHX1,2052,1,47,68,116,Multiclass
EPHX2,2053,0,10,98,108,Benign-only
EPHX3,79852,0,6,67,73,Benign-only
EPHX4,253152,0,0,49,49,VUS/Other-only
EPM2A,7957,57,186,225,468,Multiclass
EPM2A;EPM2A-DT;FBXO30;LOC129997381;LOC129997382;LOC129997383;LOC129997384;LOC129997385;SHPRH,-1,0,0,1,1,VUS/Other-only
EPM2A;EPM2A-DT;LOC129997381,-1,1,0,0,1,Pathogenic-only
EPM2AIP1,9852,0,5,64,69,Benign-only
EPN1,29924,0,8,100,108,Benign-only
EPN2,22905,0,2,66,68,Benign-only
EPN3,55040,0,9,142,151,Benign-only
EPO,2056,0,21,27,48,Benign-only
EPOP,100170841,0,0,4,4,VUS/Other-only
EPOR,2057,4,56,96,156,Multiclass
EPPIN-WFDC6,100526773,0,1,7,8,Benign-only
EPPK1,83481,0,94,353,447,Benign-only
EPRS1,2058,17,197,270,484,Multiclass
EPS15,2060,0,2,107,109,Benign-only
EPS15L1,58513,0,4,95,99,Benign-only
EPS8,2059,12,183,191,386,Multiclass
EPS8L1,54869,0,3,167,170,Benign-only
EPS8L2,64787,25,175,200,400,Multiclass
EPS8L3,79574,0,16,85,101,Benign-only
EPSTI1,94240,0,7,69,76,Benign-only
EPX,8288,0,17,137,154,Benign-only
EPYC,1833,0,3,54,57,Benign-only
EQTN,54586,0,4,49,53,Benign-only
ERAL1,26284,0,10,49,59,Benign-only
ERAP1,51752,0,72,101,173,Benign-only
ERAP2,64167,0,14,110,124,Benign-only
ERAS,3266,0,4,14,18,Benign-only
ERBB2,2064,11,367,382,760,Multiclass
ERBB3,2065,17,86,81,184,Multiclass
ERBB4,2066,9,342,331,682,Multiclass
ERBIN,55914,0,374,587,961,Benign-only
ERC1,23085,1,3,135,139,Multiclass
ERC2,26059,0,1,97,98,Benign-only
ERCC1,2067,12,111,41,164,Multiclass
ERCC1;POLR1G,-1,0,3,0,3,Benign-only
ERCC2,2068,219,1093,956,2268,Multiclass
ERCC2;KLC3,-1,0,1,0,1,Benign-only
ERCC2;KLC3;LOC125371530;LOC130064685;LOC130064686;LOC130064687;PPP1R13L,-1,0,0,1,1,VUS/Other-only
ERCC3,2071,61,295,274,630,Multiclass
ERCC4,2072,66,342,547,955,Multiclass
ERCC4;LOC130058543,-1,0,0,1,1,VUS/Other-only
ERCC5,2073,63,191,162,416,Multiclass
ERCC6,2074,334,955,523,1812,Multiclass
ERCC6;PGBD3,-1,0,9,6,15,Benign-only
ERCC6L,54821,0,9,71,80,Benign-only
ERCC6L2,375748,60,621,1033,1714,Multiclass
ERCC6L;PIN4,-1,0,1,0,1,Benign-only
ERCC8,1161,119,301,145,565,Multiclass
ERCC8;NDUFAF2,-1,3,0,0,3,Pathogenic-only
EREG,2069,0,2,18,20,Benign-only
ERF,2077,54,73,155,282,Multiclass
ERFE,151176,0,1,0,1,Benign-only
ERFL,390937,0,7,0,7,Benign-only
ERG,2078,0,3,48,51,Benign-only
ERG28,11161,0,0,1,1,VUS/Other-only
ERGIC1,57222,0,5,30,35,Benign-only
ERGIC2,51290,1,1,41,43,Multiclass
ERGIC3,51614,0,3,43,46,Benign-only
ERI1,90459,12,14,77,103,Multiclass
ERI2,112479,0,9,81,90,Benign-only
ERI3,79033,0,0,23,23,VUS/Other-only
ERICH1,157697,0,7,108,115,Benign-only
ERICH2,285141,0,1,0,1,Benign-only
ERICH3,127254,0,18,216,234,Benign-only
ERICH4,100170765,0,3,23,26,Benign-only
ERICH5,203111,0,4,48,52,Benign-only
ERICH6,131831,0,8,99,107,Benign-only
ERICH6B,220081,0,16,83,99,Benign-only
ERLEC1,27248,0,4,70,74,Benign-only
ERLIN1,10613,3,87,74,164,Multiclass
ERLIN2,11160,32,81,92,205,Multiclass
ERLN,100130933,0,0,4,4,VUS/Other-only
ERMAP,114625,0,6,59,65,Benign-only
ERMARD,55780,2,164,189,355,Multiclass
ERMN,57471,0,6,43,49,Benign-only
ERMP1,79956,0,9,134,143,Benign-only
ERN1,2081,0,10,109,119,Benign-only
ERN2,10595,0,11,55,66,Benign-only
ERO1A,30001,0,4,41,45,Benign-only
ERO1B,56605,0,3,62,65,Benign-only
ERP27,121506,0,1,45,46,Benign-only
ERP29,10961,0,2,36,38,Benign-only
ERP44,23071,0,1,38,39,Benign-only
ERRFI1,54206,0,5,54,59,Benign-only
ERV3-1,2086,0,2,1,3,Benign-only
ERVFRD-1,405754,0,1,40,41,Benign-only
ERVK-19;LINC00662;LINC02987;LOC130064113;LOC130064114;LOC130064115;LOC130064116,-1,0,0,1,1,VUS/Other-only
ERVMER34-1,100288413,0,0,5,5,VUS/Other-only
ERVV-1,147664,0,5,52,57,Benign-only
ERVV-2,100271846,0,4,53,57,Benign-only
ERVW-1,30816,0,1,0,1,Benign-only
ESAM,90952,8,12,58,78,Multiclass
ESCO1,114799,0,3,106,109,Benign-only
ESCO2,157570,152,371,178,701,Multiclass
ESD,2098,0,3,31,34,Benign-only
ESF1,51575,0,9,95,104,Benign-only
ESF1;ISM1;LOC113939992;LOC125384584;LOC125384585;LOC125384586;TASP1,-1,0,0,1,1,VUS/Other-only
ESF1;LOC113939992;LOC125384586;LOC130065433;LOC130065434;NDUFAF5;TASP1,-1,0,0,1,1,VUS/Other-only
ESM1,11082,0,5,15,20,Benign-only
ESPL1,9700,0,27,194,221,Benign-only
ESPN,83715,21,234,295,550,Multiclass
ESPNL,339768,0,15,244,259,Benign-only
ESR1,2099,0,85,33,118,Benign-only
ESR2,2100,0,85,100,185,Benign-only
ESRP1,54845,3,14,68,85,Multiclass
ESRP2,80004,0,4,111,115,Benign-only
ESRRA,2101,0,4,49,53,Benign-only
ESRRB,2103,22,115,152,289,Multiclass
ESRRG,2104,5,2,31,38,Multiclass
ESS2,8220,0,16,100,116,Benign-only
ESX1,80712,1,17,56,74,Multiclass
ESYT1,23344,0,8,180,188,Benign-only
ESYT2,57488,0,6,147,153,Benign-only
ESYT3,83850,0,6,123,129,Benign-only
ETAA1,54465,0,15,105,120,Benign-only
ETF1,2107,0,0,7,7,VUS/Other-only
ETFA,2108,87,348,123,558,Multiclass
ETFB,2109,37,225,101,363,Multiclass
ETFBKMT,254013,0,2,1,3,Benign-only
ETFDH,2110,302,434,249,985,Multiclass
ETFRF1,144363,0,0,1,1,VUS/Other-only
ETHE1,23474,95,254,81,430,Multiclass
ETNK1,55500,0,1,46,47,Benign-only
ETNK2,55224,0,4,42,46,Benign-only
ETNPPL,64850,0,3,55,58,Benign-only
ETS1,2113,1,8,29,38,Multiclass
ETS2,2114,0,4,56,60,Benign-only
ETV1,2115,0,1,66,67,Benign-only
ETV2,2116,0,2,54,56,Benign-only
ETV3,2117,0,3,62,65,Benign-only
ETV3L,440695,0,15,63,78,Benign-only
ETV4,2118,0,29,80,109,Benign-only
ETV5,2119,0,15,49,64,Benign-only
ETV6,2120,56,394,445,895,Multiclass
ETV7,51513,0,12,49,61,Benign-only
EVA1A,84141,0,3,29,32,Benign-only
EVA1B,55194,0,2,22,24,Benign-only
EVA1C,59271,0,7,59,66,Benign-only
EVA1C;LOC112694736;LOC126653343;LOC126653344;LOC126653345;LOC130066543;SNORA80A;URB1;URB1-AS1,-1,0,1,0,1,Benign-only
EVC,2121,305,1101,456,1862,Multiclass
EVC2,132884,321,1217,624,2162,Multiclass
EVC;EVC2;LOC129992141;LOC129992142;LOC129992143;LOC129992144;LOC129992145;LOC129992146;LOC129992147,-1,1,0,0,1,Pathogenic-only
EVI2A,2123,1,5,40,46,Multiclass
EVI2A;LOC130060656;NF1,-1,0,1,0,1,Benign-only
EVI2A;NF1,-1,2,1,1,4,Multiclass
EVI2B,2124,0,11,55,66,Benign-only
EVI2B;NF1,-1,0,2,0,2,Benign-only
EVI5,7813,0,9,109,118,Benign-only
EVI5L,115704,0,1,61,62,Benign-only
EVL,51466,0,4,47,51,Benign-only
EVPL,2125,0,34,373,407,Benign-only
EVPLL,645027,0,2,59,61,Benign-only
EVX1,2128,0,2,79,81,Benign-only
EVX2,344191,1,3,97,101,Multiclass
EWSR1,2130,0,28,58,86,Benign-only
EXD1,161829,0,3,68,71,Benign-only
EXD2,55218,0,3,93,96,Benign-only
EXD3,54932,0,16,191,207,Benign-only
EXO1,9156,1,15,87,103,Multiclass
EXO5,64789,0,18,56,74,Benign-only
EXOC1,55763,0,1,90,91,Benign-only
EXOC2,55770,0,15,119,134,Benign-only
EXOC3,11336,0,6,107,113,Benign-only
EXOC3L1,283849,0,11,117,128,Benign-only
EXOC3L2,90332,1,45,82,128,Multiclass
EXOC3L4,91828,0,17,139,156,Benign-only
EXOC4,60412,0,10,147,157,Benign-only
EXOC5,10640,0,0,65,65,VUS/Other-only
EXOC6,54536,0,4,77,81,Benign-only
EXOC6B,23233,12,154,143,309,Multiclass
EXOC7,23265,2,25,98,125,Multiclass
EXOC8,149371,2,23,80,105,Multiclass
EXOG,9941,0,2,55,57,Benign-only
EXOSC1,51013,0,0,23,23,VUS/Other-only
EXOSC10,5394,0,5,111,116,Benign-only
EXOSC2,23404,2,140,146,288,Multiclass
EXOSC3,51010,50,142,110,302,Multiclass
EXOSC3;TRMT10B,-1,0,1,0,1,Benign-only
EXOSC4,54512,0,3,31,34,Benign-only
EXOSC5,56915,3,8,52,63,Multiclass
EXOSC6,118460,0,0,72,72,VUS/Other-only
EXOSC7,23016,0,0,42,42,VUS/Other-only
EXOSC8,11340,2,55,64,121,Multiclass
EXOSC9,5393,29,144,151,324,Multiclass
EXPH5,23086,9,114,277,400,Multiclass
EXT1,2131,517,270,391,1178,Multiclass
EXT2,2132,230,314,413,957,Multiclass
EXTL1,2134,0,12,103,115,Benign-only
EXTL2,2135,0,4,30,34,Benign-only
EXTL3,2137,2,296,277,575,Multiclass
EYA1,2138,188,196,271,655,Multiclass
EYA2,2139,0,4,66,70,Benign-only
EYA3,2140,0,3,52,55,Benign-only
EYA4,2070,83,439,655,1177,Multiclass
EYS,346007,1031,2057,1588,4676,Multiclass
EYS;LOC132089416,-1,0,0,1,1,VUS/Other-only
EYS;PHF3,-1,2,0,1,3,Pathogenic-only
EYS;ZC3H11C,-1,0,1,0,1,Benign-only
EZH1,2145,5,5,71,81,Multiclass
EZH2,2146,34,388,251,673,Multiclass
EZHIP,340602,0,4,0,4,Benign-only
EZR,7430,0,24,76,100,Benign-only
F10,2159,30,33,75,138,Multiclass
F11,2160,197,299,158,654,Multiclass
F11R,50848,0,4,30,34,Benign-only
F12,2161,17,75,114,206,Multiclass
F12;PFN3;SLC34A1,-1,0,0,1,1,VUS/Other-only
F13A1,2162,35,76,148,259,Multiclass
F13B,2165,13,25,114,152,Multiclass
F2,2147,31,281,118,430,Multiclass
F2R,2149,0,7,43,50,Benign-only
F2RL1,2150,0,4,44,48,Benign-only
F2RL2,2151,0,0,50,50,VUS/Other-only
F2RL3,9002,0,12,76,88,Benign-only
F3,2152,0,11,36,47,Benign-only
F5,2153,101,720,509,1331,Multiclass
F7,2155,76,51,160,287,Multiclass
F8,2157,499,119,368,986,Multiclass
F8;F8A1;H2AB1;LOC106146150;MIR1184-1,-1,0,0,1,1,VUS/Other-only
F8A1,8263,0,1,9,10,Benign-only
F9,2158,245,224,110,579,Multiclass
F9;FGF13;MCF2,-1,0,0,1,1,VUS/Other-only
FA2H,79152,64,160,165,389,Multiclass
FAAH,2166,1,22,57,80,Multiclass
FAAH2,158584,1,9,89,99,Multiclass
FAAP100,80233,1,15,148,164,Multiclass
FAAP20,199990,0,7,15,22,Benign-only
FAAP24,91442,0,14,27,41,Benign-only
FABP1,2168,0,2,18,20,Benign-only
FABP12,646486,0,2,29,31,Benign-only
FABP2,2169,0,27,17,44,Benign-only
FABP3,2170,0,6,18,24,Benign-only
FABP4,2167,0,4,8,12,Benign-only
FABP5,2171,0,1,17,18,Benign-only
FABP6,2172,0,2,26,28,Benign-only
FABP7,2173,0,2,15,17,Benign-only
FABP9,646480,0,3,21,24,Benign-only
FADD,8772,1,86,62,149,Multiclass
FADS1,3992,0,4,22,26,Benign-only
FADS2,9415,0,4,18,22,Benign-only
FADS3,3995,0,4,38,42,Benign-only
FADS6,283985,0,5,60,65,Benign-only
FAF1,11124,0,3,63,66,Benign-only
FAF2,23197,0,1,36,37,Benign-only
FAH,2184,179,423,170,772,Multiclass
FAHD1,81889,0,0,44,44,VUS/Other-only
FAHD1;MEIOB,-1,0,0,1,1,VUS/Other-only
FAHD2A,51011,0,2,61,63,Benign-only
FAHD2B,151313,0,3,47,50,Benign-only
FAIM,55179,0,0,21,21,VUS/Other-only
FAIM2,23017,0,4,26,30,Benign-only
FAM107A,11170,0,2,26,28,Benign-only
FAM107B,83641,0,4,20,24,Benign-only
FAM110A,83541,0,2,50,52,Benign-only
FAM110B,90362,0,0,40,40,VUS/Other-only
FAM110C,642273,0,0,71,71,VUS/Other-only
FAM110D,79927,0,1,39,40,Benign-only
FAM111A,63901,7,132,194,333,Multiclass
FAM111B,374393,5,24,114,143,Multiclass
FAM114A1,92689,0,4,74,78,Benign-only
FAM114A2,10827,0,7,76,83,Benign-only
FAM117A,81558,0,3,59,62,Benign-only
FAM117B,150864,0,1,74,75,Benign-only
FAM118A,55007,0,2,61,63,Benign-only
FAM118B,79607,0,1,37,38,Benign-only
FAM120A,23196,0,38,108,146,Benign-only
FAM120AOS,158293,0,3,36,39,Benign-only
FAM120B,84498,0,14,91,105,Benign-only
FAM120C,54954,0,8,59,67,Benign-only
FAM124A,220108,0,8,88,96,Benign-only
FAM124B,79843,0,7,61,68,Benign-only
FAM131A,131408,0,0,49,49,VUS/Other-only
FAM131B,9715,0,2,43,45,Benign-only
FAM131C,348487,0,8,49,57,Benign-only
FAM133A,286499,0,2,15,17,Benign-only
FAM133B,257415,0,0,25,25,VUS/Other-only
FAM135A,57579,0,5,162,167,Benign-only
FAM135B,51059,0,22,175,197,Benign-only
FAM136A,84908,1,0,15,16,Pathogenic-only
FAM13A,10144,1,16,123,140,Multiclass
FAM13B,51306,0,1,109,110,Benign-only
FAM13C,220965,0,5,61,66,Benign-only
FAM149A,25854,0,17,84,101,Benign-only
FAM149B1,317662,12,17,98,127,Multiclass
FAM151A,338094,0,21,97,118,Benign-only
FAM151B,167555,0,2,30,32,Benign-only
FAM153A,285596,0,0,33,33,VUS/Other-only
FAM161A,84140,187,367,313,867,Multiclass
FAM161B,145483,0,11,106,117,Benign-only
FAM162A,26355,0,2,18,20,Benign-only
FAM162B,221303,0,2,32,34,Benign-only
FAM163A,148753,0,1,28,29,Benign-only
FAM163B,642968,0,0,41,41,VUS/Other-only
FAM167A,83648,0,4,60,64,Benign-only
FAM167B,84734,0,1,23,24,Benign-only
FAM168A,23201,0,0,14,14,VUS/Other-only
FAM168B,130074,0,0,21,21,VUS/Other-only
FAM169A,26049,0,4,78,82,Benign-only
FAM170A,340069,0,8,71,79,Benign-only
FAM170B,170370,0,8,53,61,Benign-only
FAM171A1,221061,0,2,155,157,Benign-only
FAM171A2,284069,0,0,114,114,VUS/Other-only
FAM171A2;GRN,-1,2,0,0,2,Pathogenic-only
FAM171B,165215,0,10,84,94,Benign-only
FAM174A,345757,0,1,29,30,Benign-only
FAM174B,400451,0,2,17,19,Benign-only
FAM177A1,283635,3,6,40,49,Multiclass
FAM177B,400823,0,0,13,13,VUS/Other-only
FAM178B,51252,0,5,29,34,Benign-only
FAM180A,389558,0,2,32,34,Benign-only
FAM180B,399888,0,3,27,30,Benign-only
FAM181A,90050,0,4,52,56,Benign-only
FAM181B,220382,0,2,91,93,Benign-only
FAM184A,79632,0,5,148,153,Benign-only
FAM184B,27146,0,12,157,169,Benign-only
FAM185A,222234,0,2,45,47,Benign-only
FAM186A,121006,0,64,322,386,Benign-only
FAM186B,84070,0,64,140,204,Benign-only
FAM187A,100528020,0,5,0,5,Benign-only
FAM187B,148109,0,10,64,74,Benign-only
FAM193A,8603,0,6,161,167,Benign-only
FAM193B,54540,0,5,137,142,Benign-only
FAM194C,84077,0,7,6,13,Benign-only
FAM199X,139231,0,0,16,16,VUS/Other-only
FAM200A,221786,0,1,12,13,Benign-only
FAM200C,63920,0,1,0,1,Benign-only
FAM204A,63877,0,1,27,28,Benign-only
FAM209A,200232,0,3,22,25,Benign-only
FAM209B,388799,0,3,18,21,Benign-only
FAM20A,54757,40,130,166,336,Multiclass
FAM20A;PRKAR1A,-1,0,1,0,1,Benign-only
FAM20B,9917,0,1,53,54,Benign-only
FAM20C,56975,15,333,184,532,Multiclass
FAM20C;LINC03014;LINC03015;LOC105375115;LOC113687202,-1,0,1,0,1,Benign-only
FAM20C;LOC105375115,-1,0,0,1,1,VUS/Other-only
FAM210A,125228,0,3,32,35,Benign-only
FAM210B,116151,0,1,19,20,Benign-only
FAM215B;ARL17A;LOC112533644;LRRC37A2;NSF,-1,0,1,0,1,Benign-only
FAM216A,29902,0,3,44,47,Benign-only
FAM216B,144809,0,3,16,19,Benign-only
FAM217A,222826,0,13,66,79,Benign-only
FAM217B,63939,0,5,62,67,Benign-only
FAM219A,203259,0,0,15,15,VUS/Other-only
FAM219B,57184,0,2,44,46,Benign-only
FAM220A,84792,0,2,6,8,Benign-only
FAM221A,340277,0,1,51,52,Benign-only
FAM221B,392307,0,8,61,69,Benign-only
FAM222A,84915,1,12,94,107,Multiclass
FAM222B,55731,0,6,72,78,Benign-only
FAM227A,646851,0,7,76,83,Benign-only
FAM227B,196951,0,2,72,74,Benign-only
FAM228A,653140,0,3,25,28,Benign-only
FAM228B,375190,0,1,29,30,Benign-only
FAM229A,100128071,0,1,30,31,Benign-only
FAM229B,619208,0,1,11,12,Benign-only
FAM234A,83986,0,24,93,117,Benign-only
FAM234B,57613,0,7,72,79,Benign-only
FAM237A,200726,0,1,2,3,Benign-only
FAM240A,100132146,0,0,3,3,VUS/Other-only
FAM240C,285095,0,1,0,1,Benign-only
FAM241A,132720,0,0,2,2,VUS/Other-only
FAM24A,118670,0,1,15,16,Benign-only
FAM24B,196792,0,5,13,18,Benign-only
FAM25A,643161,0,1,12,13,Benign-only
FAM25C,644054,0,1,20,21,Benign-only
FAM27E5;FLJ36000;LINC02002;LOC105371597;LOC125177441;MTRNR2L1,-1,0,0,1,1,VUS/Other-only
FAM32A,26017,0,0,9,9,VUS/Other-only
FAM3A,60343,0,6,11,17,Benign-only
FAM3B,54097,0,5,13,18,Benign-only
FAM3C,10447,0,0,22,22,VUS/Other-only
FAM3D,131177,0,4,34,38,Benign-only
FAM43A,131583,0,4,62,66,Benign-only
FAM43B,163933,0,0,50,50,VUS/Other-only
FAM47A,158724,0,18,92,110,Benign-only
FAM47B,170062,0,14,86,100,Benign-only
FAM47C,442444,0,15,151,166,Benign-only
FAM47E,100129583,0,6,51,57,Benign-only
FAM50A,9130,4,13,45,62,Multiclass
FAM50B,26240,0,2,39,41,Benign-only
FAM53A,152877,0,22,88,110,Benign-only
FAM53B,9679,0,6,68,74,Benign-only
FAM53C,51307,0,0,68,68,VUS/Other-only
FAM76A,199870,0,0,21,21,VUS/Other-only
FAM76B,143684,0,1,34,35,Benign-only
FAM78A,286336,0,1,43,44,Benign-only
FAM78B,149297,0,0,25,25,VUS/Other-only
FAM81A,145773,0,1,25,26,Benign-only
FAM81B,153643,0,4,67,71,Benign-only
FAM83A,84985,0,4,66,70,Benign-only
FAM83B,222584,0,8,135,143,Benign-only
FAM83C,128876,0,17,135,152,Benign-only
FAM83D,81610,0,1,16,17,Benign-only
FAM83E,54854,0,6,102,108,Benign-only
FAM83F,113828,0,3,92,95,Benign-only
FAM83G,644815,0,13,129,142,Benign-only
FAM83H,286077,0,45,275,320,Benign-only
FAM86B1,85002,0,11,91,102,Benign-only
FAM86B2,653333,0,10,80,90,Benign-only
FAM86C1P,55199,0,3,26,29,Benign-only
FAM89A,375061,0,2,33,35,Benign-only
FAM89B,23625,0,6,27,33,Benign-only
FAM8A1,51439,0,3,48,51,Benign-only
FAM90A1,55138,0,12,92,104,Benign-only
FAM90A12,645879,0,1,0,1,Benign-only
FAM90A14,645651,0,1,0,1,Benign-only
FAM90A20,728430,0,6,0,6,Benign-only
FAM90A23,645572,0,1,0,1,Benign-only
FAM90A24,441332,0,3,0,3,Benign-only
FAM90A26,100287045,0,3,0,3,Benign-only
FAM91A1,157769,0,6,82,88,Benign-only
FAM9A,171482,0,7,46,53,Benign-only
FAM9B,171483,0,4,29,33,Benign-only
FAM9C,171484,0,2,17,19,Benign-only
FAN1,22909,56,187,287,530,Multiclass
FANCA,2175,845,2627,2645,6117,Multiclass
FANCA;LOC112486223,-1,0,0,1,1,VUS/Other-only
FANCA;ZNF276,-1,1,0,4,5,Pathogenic-only
FANCB,2187,15,316,353,684,Multiclass
FANCC,2176,281,790,1030,2101,Multiclass
FANCD2,2177,273,954,778,2005,Multiclass
FANCD2;LOC107303338,-1,0,0,3,3,VUS/Other-only
FANCD2OS,115795,0,1,27,28,Benign-only
FANCE,2178,77,337,359,773,Multiclass
FANCF,2188,53,128,329,510,Multiclass
FANCG,2189,201,621,654,1476,Multiclass
FANCI,55215,275,1074,976,2325,Multiclass
FANCI;POLG,-1,2,5,7,14,Multiclass
FANCL,55120,122,380,310,812,Multiclass
FANCL;VRK2,-1,0,1,0,1,Benign-only
FANCM,57697,202,1188,2641,4031,Multiclass
FANK1,92565,0,4,53,57,Benign-only
FAP,2191,0,15,92,107,Benign-only
FAR1,84188,13,211,192,416,Multiclass
FAR2,55711,0,3,59,62,Benign-only
FARP1,10160,0,9,165,174,Benign-only
FARP2,9855,0,39,200,239,Benign-only
FARS2,10667,62,225,245,532,Multiclass
FARS2;FARS2-AS1;LOC126859565;LOC129995678,-1,0,0,1,1,VUS/Other-only
FARS2;LOC101927950,-1,0,0,1,1,VUS/Other-only
FARS2;LOC121099722;LOC129995674;LOC129995675;LOC129995676;LOC129995677,-1,0,0,1,1,VUS/Other-only
FARS2;LOC129995672;LYRM4,-1,0,1,0,1,Benign-only
FARSA,2193,3,10,76,89,Multiclass
FARSB,10056,13,79,123,215,Multiclass
FAS,355,107,153,222,482,Multiclass
FASLG,356,6,105,105,216,Multiclass
FASN,2194,1,1245,1190,2436,Multiclass
FASTK,10922,0,4,52,56,Benign-only
FASTKD1,79675,0,11,111,122,Benign-only
FASTKD2,22868,29,157,295,481,Multiclass
FASTKD3,79072,0,15,66,81,Benign-only
FASTKD5,60493,0,9,98,107,Benign-only
FAT1,2195,33,687,939,1659,Multiclass
FAT2,2196,1,495,958,1454,Multiclass
FAT2;SLC36A1,-1,0,0,1,1,VUS/Other-only
FAT3,120114,0,63,599,662,Benign-only
FAT4,79633,57,1375,1944,3376,Multiclass
FAT4;LINC02379;LOC110121089;LOC123480926;LOC123480927;MIR2054,-1,0,0,1,1,VUS/Other-only
FATE1,89885,0,5,31,36,Benign-only
FAU,2197,0,0,9,9,VUS/Other-only
FAXC,84553,0,2,48,50,Benign-only
FAXDC2,10826,0,2,38,40,Benign-only
FBF1,85302,0,5,16,21,Benign-only
FBH1,84893,0,8,142,150,Benign-only
FBL,2091,0,2,37,39,Benign-only
FBLIM1,54751,0,10,63,73,Benign-only
FBLL1,345630,0,2,0,2,Benign-only
FBLN1,2192,0,170,139,309,Benign-only
FBLN2,2199,0,17,231,248,Benign-only
FBLN5,10516,6,317,326,649,Multiclass
FBLN7,129804,0,6,80,86,Benign-only
FBN1,2200,3307,2235,2673,8215,Multiclass
FBN1;LOC113939944,-1,1,0,0,1,Pathogenic-only
FBN2,2201,118,1846,1656,3620,Multiclass
FBN2;LOC123497965,-1,1,0,0,1,Pathogenic-only
FBN2;LOC123497965;LOC126807501;LOC126807502,-1,0,0,1,1,VUS/Other-only
FBN2;LOC126807501,-1,1,0,0,1,Pathogenic-only
FBN3,84467,0,661,926,1587,Benign-only
FBP1,2203,54,189,73,316,Multiclass
FBP2,8789,0,7,59,66,Benign-only
FBRS,64319,0,2,90,92,Benign-only
FBRSL1,57666,0,68,305,373,Benign-only
FBXL12,54850,0,1,55,56,Benign-only
FBXL13,222235,0,7,85,92,Benign-only
FBXL14,144699,0,3,34,37,Benign-only
FBXL15,79176,0,1,33,34,Benign-only
FBXL16,146330,0,3,41,44,Benign-only
FBXL17,64839,0,7,117,124,Benign-only
FBXL18,80028,0,7,90,97,Benign-only
FBXL19,54620,0,5,71,76,Benign-only
FBXL2,25827,0,2,41,43,Benign-only
FBXL20,84961,0,0,26,26,VUS/Other-only
FBXL22,283807,0,5,43,48,Benign-only
FBXL3,26224,1,6,29,36,Multiclass
FBXL4,26235,81,107,356,544,Multiclass
FBXL5,26234,0,0,74,74,VUS/Other-only
FBXL6,26233,0,11,108,119,Benign-only
FBXL7,23194,0,1,67,68,Benign-only
FBXL8,55336,0,3,65,68,Benign-only
FBXL8;HSF4,-1,0,0,1,1,VUS/Other-only
FBXO10,26267,0,10,96,106,Benign-only
FBXO11,80204,134,605,409,1148,Multiclass
FBXO11;MSH6,-1,2,5,1,8,Multiclass
FBXO15,201456,0,7,74,81,Benign-only
FBXO16,157574,0,19,37,56,Benign-only
FBXO17,115290,0,3,55,58,Benign-only
FBXO2,26232,0,0,56,56,VUS/Other-only
FBXO21,23014,0,1,55,56,Benign-only
FBXO22,26263,1,3,45,49,Multiclass
FBXO24,26261,0,4,93,97,Benign-only
FBXO25,26260,0,3,61,64,Benign-only
FBXO27,126433,0,0,33,33,VUS/Other-only
FBXO28,23219,5,10,49,64,Multiclass
FBXO28;LOC129932579,-1,0,0,1,1,VUS/Other-only
FBXO3,26273,0,3,39,42,Benign-only
FBXO30,84085,0,2,78,80,Benign-only
FBXO31,79791,2,26,82,110,Multiclass
FBXO32,114907,1,18,33,52,Multiclass
FBXO33,254170,0,5,79,84,Benign-only
FBXO34,55030,0,9,84,93,Benign-only
FBXO36,130888,0,3,29,32,Benign-only
FBXO36;DNER;LOC108353814;LOC108353815;LOC129389004;LOC129389005;LOC129935742;LOC129935743;TRIP12,-1,1,0,0,1,Pathogenic-only
FBXO38,81545,1,368,425,794,Multiclass
FBXO39,162517,0,6,64,70,Benign-only
FBXO4,26272,0,5,49,54,Benign-only
FBXO40,51725,0,7,100,107,Benign-only
FBXO41,150726,0,3,135,138,Benign-only
FBXO42,54455,0,1,77,78,Benign-only
FBXO43,286151,1,12,83,96,Multiclass
FBXO44,93611,0,23,43,66,Benign-only
FBXO45,200933,0,3,17,20,Benign-only
FBXO46,23403,0,2,71,73,Benign-only
FBXO47,494188,0,3,51,54,Benign-only
FBXO48,554251,0,4,15,19,Benign-only
FBXO5,26271,0,4,45,49,Benign-only
FBXO6,26270,0,9,45,54,Benign-only
FBXO7,25793,46,254,143,443,Multiclass
FBXO8,26269,0,3,17,20,Benign-only
FBXO9,26268,0,1,38,39,Benign-only
FBXW10,10517,0,4,1,5,Benign-only
FBXW10B,374286,0,3,5,8,Benign-only
FBXW11,23291,8,7,99,114,Multiclass
FBXW12,285231,0,11,60,71,Benign-only
FBXW2,26190,0,1,37,38,Benign-only
FBXW4,6468,0,34,102,136,Benign-only
FBXW5,54461,0,8,160,168,Benign-only
FBXW7,55294,26,77,127,230,Multiclass
FBXW8,26259,0,13,92,105,Benign-only
FBXW9,84261,0,0,83,83,VUS/Other-only
FCAMR,83953,0,6,81,87,Benign-only
FCAR,2204,0,8,56,64,Benign-only
FCER1A,2205,0,9,33,42,Benign-only
FCER1G,2207,0,0,8,8,VUS/Other-only
FCER2,2208,0,7,49,56,Benign-only
FCF1,51077,0,1,22,23,Benign-only
FCGBP,8857,0,68,696,764,Benign-only
FCGR1A,2209,0,9,34,43,Benign-only
FCGR2A,2212,0,18,53,71,Benign-only
FCGR2B,2213,0,10,27,37,Benign-only
FCGR2C,9103,0,5,51,56,Benign-only
FCGR3A,2214,0,16,50,66,Benign-only
FCGR3B,2215,0,12,36,48,Benign-only
FCGRT,2217,0,4,50,54,Benign-only
FCHO1,23149,15,497,357,869,Multiclass
FCHO2,115548,0,3,81,84,Benign-only
FCHSD1,89848,0,3,116,119,Benign-only
FCHSD2,9873,0,3,92,95,Benign-only
FCMR,9214,0,19,57,76,Benign-only
FCN1,2219,0,6,55,61,Benign-only
FCN2,2220,1,6,52,60,Multiclass
FCN3,8547,5,6,51,62,Multiclass
FCRL1,115350,0,5,44,49,Benign-only
FCRL2,79368,0,5,65,70,Benign-only
FCRL3,115352,0,19,110,129,Benign-only
FCRL4,83417,0,11,71,82,Benign-only
FCRL5,83416,0,28,123,151,Benign-only
FCRL6,343413,0,13,72,85,Benign-only
FCRLA,84824,0,9,58,67,Benign-only
FCRLB,127943,0,3,65,68,Benign-only
FCSK,197258,7,224,405,636,Multiclass
FDCSP,260436,0,1,13,14,Benign-only
FDFT1,2222,5,27,101,133,Multiclass
FDPS,2224,2,3,44,49,Multiclass
FDX1,2230,0,3,26,29,Benign-only
FDX2,112812,4,101,44,149,Multiclass
FDXACB1,91893,0,10,84,94,Benign-only
FDXR,2232,23,56,105,184,Multiclass
FECH,2235,68,117,88,273,Multiclass
FEM1A,55527,0,1,79,80,Benign-only
FEM1B,10116,0,2,45,47,Benign-only
FEM1C,56929,1,2,50,53,Multiclass
FEN1,2237,0,1,34,35,Benign-only
FENDRR;FOXF1,-1,2,0,0,2,Pathogenic-only
FER,2241,0,10,68,78,Benign-only
FER1L5,90342,0,24,201,225,Benign-only
FER1L6,654463,0,30,251,281,Benign-only
FERD3L,222894,0,1,21,22,Benign-only
FERD3L;HDAC9;LOC126859955;LOC129998021;TWIST1,-1,1,0,0,1,Pathogenic-only
FERD3L;LOC126859955;LOC129998021;TWIST1,-1,0,0,1,1,VUS/Other-only
FERMT1,55612,44,291,247,582,Multiclass
FERMT2,10979,0,2,69,71,Benign-only
FERMT3,83706,19,326,254,599,Multiclass
FERRY3,57102,19,11,11,41,Multiclass
FES,2242,0,9,120,129,Benign-only
FETUB,26998,0,15,56,71,Benign-only
FEV,54738,0,2,42,44,Benign-only
FEZ1,9638,0,4,44,48,Benign-only
FEZ2,9637,0,1,94,95,Benign-only
FEZF1,389549,0,61,75,136,Benign-only
FEZF2,55079,5,3,64,72,Multiclass
FFAR1,2864,0,2,46,48,Benign-only
FFAR2,2867,0,4,75,79,Benign-only
FFAR3,2865,0,12,72,84,Benign-only
FFAR4,338557,0,8,48,56,Benign-only
FGA,2243,51,45,212,308,Multiclass
FGB,2244,12,74,156,242,Multiclass
FGD1,2245,81,191,217,489,Multiclass
FGD1;TSR2,-1,0,1,0,1,Benign-only
FGD2,221472,0,13,108,121,Benign-only
FGD3,89846,0,10,97,107,Benign-only
FGD4,121512,49,337,377,763,Multiclass
FGD5,152273,0,34,245,279,Benign-only
FGD6,55785,0,17,165,182,Benign-only
FGF1,2246,0,1,15,16,Benign-only
FGF10,2255,22,33,60,115,Multiclass
FGF10;FGF10-AS1;FGF10-INT1;LINC02224;LOC110120690;MRPS30;MRPS30-DT,-1,0,0,1,1,VUS/Other-only
FGF11,2256,0,2,39,41,Benign-only
FGF12,2257,5,159,96,260,Multiclass
FGF13,2258,4,6,44,54,Multiclass
FGF13;FGF13-AS1;LOC111429618;LOC126863331;MIR504,-1,0,0,1,1,VUS/Other-only
FGF14,2259,12,79,95,186,Multiclass
FGF14;LOC124946331;MIR2681,-1,1,0,0,1,Pathogenic-only
FGF16,8823,2,8,3,13,Multiclass
FGF17,8822,0,34,28,62,Benign-only
FGF18,8817,0,1,21,22,Benign-only
FGF19,9965,0,2,26,28,Benign-only
FGF2,2247,0,4,37,41,Benign-only
FGF20,26281,1,36,85,122,Multiclass
FGF21,26291,0,7,45,52,Benign-only
FGF22,27006,0,5,55,60,Benign-only
FGF23,8074,11,74,151,236,Multiclass
FGF3,2248,16,51,76,143,Multiclass
FGF4,2249,0,4,28,32,Benign-only
FGF5,2250,2,3,53,58,Multiclass
FGF6,2251,0,4,29,33,Benign-only
FGF7,2252,0,0,15,15,VUS/Other-only
FGF8,2253,13,37,65,115,Multiclass
FGF9,2254,3,68,79,150,Multiclass
FGFBP1,9982,0,8,33,41,Benign-only
FGFBP2,83888,0,1,54,55,Benign-only
FGFBP3,143282,0,1,59,60,Benign-only
FGFR1,2260,198,420,513,1132,Multiclass
FGFR1;LOC130000230;LOC130000231;LOC130000232;LOC130000233,-1,1,0,0,1,Pathogenic-only
FGFR1OP2,26127,0,1,27,28,Benign-only
FGFR2,2263,117,353,377,847,Multiclass
FGFR3,2261,59,547,569,1175,Multiclass
FGFR4,2264,0,16,99,115,Benign-only
FGFRL1,53834,0,161,207,368,Benign-only
FGG,2266,30,47,106,183,Multiclass
FGGY,55277,0,3,84,87,Benign-only
FGL1,2267,0,6,79,85,Benign-only
FGL2,10875,0,1,26,27,Benign-only
FGR,2268,0,7,45,52,Benign-only
FH,2271,514,786,971,2271,Multiclass
FHAD1,114827,0,17,196,213,Benign-only
FHDC1,85462,0,19,194,213,Benign-only
FHIP1A,729830,0,11,165,176,Benign-only
FHIP1B,84067,0,5,172,177,Benign-only
FHIP2A,57700,0,8,59,67,Benign-only
FHIP2B,64760,0,15,141,156,Benign-only
FHIT,2272,1,7,29,38,Multiclass
FHIT;LOC107325936,-1,3,0,1,4,Pathogenic-only
FHIT;LOC107325936;MIR548BB,-1,2,0,1,3,Pathogenic-only
FHL1,2273,89,211,252,552,Multiclass
FHL2,2274,0,95,161,256,Benign-only
FHL3,2275,0,5,42,47,Benign-only
FHL5,9457,0,0,40,40,VUS/Other-only
FHOD1,29109,0,7,198,205,Benign-only
FHOD3,80206,6,175,276,457,Multiclass
FIBCD1,84929,0,10,119,129,Benign-only
FIBIN,387758,0,2,32,34,Benign-only
FIBP,9158,3,18,63,84,Multiclass
FICD,11153,2,8,76,86,Multiclass
FIG4,9896,123,499,441,1063,Multiclass
FIGLA,344018,1,36,42,79,Multiclass
FIGN,55137,0,3,95,98,Benign-only
FIGNL1,63979,0,6,92,98,Benign-only
FIGNL2,401720,0,0,12,12,VUS/Other-only
FILIP1,27145,4,22,151,177,Multiclass
FILIP1L,11259,0,6,190,196,Benign-only
FIP1L1,81608,0,7,40,47,Benign-only
FIRRM,55732,0,4,4,8,Benign-only
FIS1,51024,0,1,26,27,Benign-only
FITM1,161247,0,5,64,69,Benign-only
FITM2,128486,7,14,35,56,Multiclass
FIZ1,84922,0,1,66,67,Benign-only
FJX1,24147,0,0,66,66,VUS/Other-only
FKBP10,60681,75,349,210,634,Multiclass
FKBP11,51303,0,2,30,32,Benign-only
FKBP14,55033,19,118,136,273,Multiclass
FKBP15,23307,0,13,153,166,Benign-only
FKBP1A,2280,0,5,6,11,Benign-only
FKBP1A-SDCBP2,100528031,0,1,0,1,Benign-only
FKBP1B,2281,0,0,6,6,VUS/Other-only
FKBP1C,642489,0,1,0,1,Benign-only
FKBP2,2286,0,0,13,13,VUS/Other-only
FKBP2;LOC114841035,-1,0,1,0,1,Benign-only
FKBP3,2287,0,1,26,27,Benign-only
FKBP4,2288,0,7,41,48,Benign-only
FKBP5,2289,0,5,41,46,Benign-only
FKBP6,8468,5,4,38,47,Multiclass
FKBP7,51661,0,1,33,34,Benign-only
FKBP8,23770,0,3,49,52,Benign-only
FKBP9,11328,0,1,85,86,Benign-only
FKBPL,63943,0,2,32,34,Benign-only
FKRP,79147,212,448,457,1117,Multiclass
FKTN,2218,163,414,442,1019,Multiclass
FLACC1,130540,0,9,63,72,Benign-only
FLAD1,80308,30,155,164,349,Multiclass
FLCN,201163,403,1010,1217,2630,Multiclass
FLCN;LOC130060370,-1,1,0,0,1,Pathogenic-only
FLG,2312,245,565,1311,2121,Multiclass
FLG2,388698,4,76,326,406,Multiclass
FLI1,2313,7,147,114,268,Multiclass
FLII,2314,3,44,211,258,Multiclass
FLJ44635,392490,0,1,1,2,Benign-only
FLJ45513,729220,0,0,2,2,VUS/Other-only
FLNA,2316,305,1814,1421,3540,Multiclass
FLNA;LOC107988032,-1,0,0,2,2,VUS/Other-only
FLNB,2317,146,1221,1196,2563,Multiclass
FLNC,2318,602,2370,2720,5692,Multiclass
FLNC-AS1;FLNC,-1,1,0,1,2,Pathogenic-only
FLNC;FLNC-AS1,-1,0,0,1,1,VUS/Other-only
FLOT1,10211,0,0,41,41,VUS/Other-only
FLOT2,2319,0,4,65,69,Benign-only
FLRT1,23769,0,70,133,203,Benign-only
FLRT2,23768,0,2,84,86,Benign-only
FLRT3,23767,0,25,83,108,Benign-only
FLRT3;MACROD2,-1,0,2,0,2,Benign-only
FLT1,2321,0,31,124,155,Benign-only
FLT3,2322,3,122,78,203,Multiclass
FLT3LG,2323,0,4,28,32,Benign-only
FLT4,2324,56,204,257,517,Multiclass
FLT4;LOC126807632,-1,0,1,0,1,Benign-only
FLVCR1,28982,50,206,303,559,Multiclass
FLVCR2,55640,13,110,129,252,Multiclass
FLYWCH1,84256,0,23,208,231,Benign-only
FLYWCH2,114984,0,2,18,20,Benign-only
FMC1-LUC7L2;LOC100129148;LUC7L2,-1,0,0,1,1,VUS/Other-only
FMC1-LUC7L2;LUC7L2,-1,0,0,1,1,VUS/Other-only
FMC1;FMC1-LUC7L2;LUC7L2,-1,1,0,0,1,Pathogenic-only
FMN1,342184,3,237,316,556,Multiclass
FMN2,56776,16,311,230,557,Multiclass
FMN2;LOC126806069,-1,0,0,1,1,VUS/Other-only
FMNL1,752,0,6,154,160,Benign-only
FMNL2,114793,0,10,112,122,Benign-only
FMNL3,91010,0,1,128,129,Benign-only
FMO1,2326,0,9,61,70,Benign-only
FMO2,2327,0,11,67,78,Benign-only
FMO3,2328,91,112,73,276,Multiclass
FMO4,2329,0,7,73,80,Benign-only
FMO5,2330,0,8,87,95,Benign-only
FMOD,2331,0,1,69,70,Benign-only
FMR1,2332,19,103,96,218,Multiclass
FMR1NB,158521,0,8,23,31,Benign-only
FN1,2335,21,897,938,1856,Multiclass
FN3K,64122,0,1,58,59,Benign-only
FN3KRP,79672,0,4,80,84,Benign-only
FNBP1,23048,0,6,62,68,Benign-only
FNBP1L,54874,0,2,61,63,Benign-only
FNBP4,23360,0,19,97,116,Benign-only
FNDC1,84624,0,32,336,368,Benign-only
FNDC10,643988,0,1,0,1,Benign-only
FNDC11,79025,0,0,4,4,VUS/Other-only
FNDC3A,22862,0,8,131,139,Benign-only
FNDC3B,64778,0,6,128,134,Benign-only
FNDC4,64838,0,0,14,14,VUS/Other-only
FNDC5,252995,0,2,19,21,Benign-only
FNDC7,163479,0,9,104,113,Benign-only
FNDC8,54752,0,5,57,62,Benign-only
FNDC8;LOC130060715;RAD51D;RAD51L3-RFFL,-1,0,0,1,1,VUS/Other-only
FNDC9,408263,0,6,32,38,Benign-only
FNIP1,96459,20,256,190,466,Multiclass
FNIP2,57600,0,14,120,134,Benign-only
FNTA,2339,0,3,45,48,Benign-only
FNTB,2342,0,10,13,23,Benign-only
FOCAD,54914,7,375,643,1025,Multiclass
FOLH1,2346,0,13,62,75,Benign-only
FOLH1B,219595,0,1,3,4,Benign-only
FOLR1,2348,29,115,120,264,Multiclass
FOLR1;FOLR1-AS1,-1,1,0,0,1,Pathogenic-only
FOLR2,2350,0,5,31,36,Benign-only
FOLR3,2352,0,14,7,21,Benign-only
FOS,2353,1,12,29,42,Multiclass
FOSB,2354,0,3,37,40,Benign-only
FOSL1,8061,0,3,46,49,Benign-only
FOSL2,2355,2,3,35,40,Multiclass
FOXA1,3169,0,5,75,80,Benign-only
FOXA2,3170,2,52,111,165,Multiclass
FOXA3,3171,0,1,43,44,Benign-only
FOXB1,27023,0,0,36,36,VUS/Other-only
FOXB2,442425,0,0,77,77,VUS/Other-only
FOXC1,2296,136,163,424,723,Multiclass
FOXC1;FOXCUT;GMDS;LOC129995600;LOC129995601;LOC129995602;LOC129995603;LOC129995604;LOC129995605,-1,1,0,0,1,Pathogenic-only
FOXC2,2303,43,48,191,282,Multiclass
FOXD1,2297,0,7,44,51,Benign-only
FOXD2,2306,1,6,83,90,Multiclass
FOXD3,27022,0,2,86,88,Benign-only
FOXD4,2298,0,8,126,134,Benign-only
FOXD4L1,200350,0,3,78,81,Benign-only
FOXD4L3,286380,0,13,106,119,Benign-only
FOXD4L5,653427,0,6,161,167,Benign-only
FOXD4L6,653404,0,5,64,69,Benign-only
FOXE1,2304,1,34,71,106,Multiclass
FOXE3,2301,21,155,390,566,Multiclass
FOXF1,2294,41,70,89,200,Multiclass
FOXF1;FENDRR,-1,1,0,0,1,Pathogenic-only
FOXF2,2295,0,1,73,74,Benign-only
FOXG1,2290,276,338,290,904,Multiclass
FOXG1;FOXG1-AS1;LINC01551,-1,1,0,0,1,Pathogenic-only
FOXH1,8928,6,68,185,259,Multiclass
FOXI1,2299,5,61,143,209,Multiclass
FOXI2,399823,0,5,74,79,Benign-only
FOXI3,344167,3,131,269,403,Multiclass
FOXJ1,2302,6,12,92,110,Multiclass
FOXJ2,55810,0,1,79,80,Benign-only
FOXJ3,22887,0,0,86,86,VUS/Other-only
FOXK1,221937,0,13,91,104,Benign-only
FOXK2,3607,0,34,118,152,Benign-only
FOXL1,2300,0,2,69,71,Benign-only
FOXL2,668,126,24,91,241,Multiclass
FOXL2;FOXL2NB,-1,1,0,0,1,Pathogenic-only
FOXL2NB,401089,0,2,25,27,Benign-only
FOXL3,116033993,0,0,1,1,VUS/Other-only
FOXL3-OT1,100288524,0,0,3,3,VUS/Other-only
FOXM1,2305,0,19,104,123,Benign-only
FOXN1,8456,80,392,393,865,Multiclass
FOXN2,3344,0,4,65,69,Benign-only
FOXN3,1112,0,4,51,55,Benign-only
FOXN4,121643,0,0,76,76,VUS/Other-only
FOXO1,2308,0,9,70,79,Benign-only
FOXO3,2309,0,14,83,97,Benign-only
FOXO4,4303,0,7,47,54,Benign-only
FOXO6,100132074,0,1,0,1,Benign-only
FOXP1,27086,186,454,359,999,Multiclass
FOXP2,93986,61,136,193,390,Multiclass
FOXP3,50943,50,180,178,408,Multiclass
FOXP4,116113,3,17,127,147,Multiclass
FOXQ1,94234,0,7,111,118,Benign-only
FOXR1,283150,0,4,41,45,Benign-only
FOXR2,139628,0,4,37,41,Benign-only
FOXRED1,55572,63,283,144,490,Multiclass
FOXRED2,80020,0,7,105,112,Benign-only
FOXS1,2307,0,6,61,67,Benign-only
FPGS,2356,0,11,68,79,Benign-only
FPGT,8790,0,6,94,100,Benign-only
FPGT-TNNI3K,100526835,0,0,36,36,VUS/Other-only
FPGT-TNNI3K;LRRC53;TNNI3K,-1,0,0,2,2,VUS/Other-only
FPGT-TNNI3K;TNNI3K,-1,0,5,12,17,Benign-only
FPR1,2357,0,105,154,259,Benign-only
FPR2,2358,0,4,42,46,Benign-only
FPR3,2359,0,7,31,38,Benign-only
FRA10AC1,118924,9,4,42,55,Multiclass
FRA11B;LOC130006894,-1,0,0,1,1,VUS/Other-only
FRAS1,80144,304,1741,1285,3330,Multiclass
FRAT1,10023,0,1,49,50,Benign-only
FRAT2,23401,0,3,41,44,Benign-only
FREM1,158326,74,441,863,1378,Multiclass
FREM2,341640,123,1187,1036,2346,Multiclass
FREM3,166752,0,30,328,358,Benign-only
FREY1,143678,0,1,2,3,Benign-only
FRG1,2483,0,2,34,36,Benign-only
FRG2,448831,0,2,22,24,Benign-only
FRG2B,441581,0,3,0,3,Benign-only
FRG2C,100288801,0,8,0,8,Benign-only
FRK,2444,0,3,41,44,Benign-only
FRMD1,79981,0,21,119,140,Benign-only
FRMD3,257019,0,1,69,70,Benign-only
FRMD4A,55691,2,46,178,226,Multiclass
FRMD4B,23150,0,7,154,161,Benign-only
FRMD5,84978,4,17,90,111,Multiclass
FRMD6,122786,0,6,91,97,Benign-only
FRMD7,90167,51,136,256,443,Multiclass
FRMD8,83786,0,7,88,95,Benign-only
FRMPD1,22844,0,30,241,271,Benign-only
FRMPD2,143162,0,27,167,194,Benign-only
FRMPD3,84443,0,12,0,12,Benign-only
FRMPD4,9758,20,118,333,471,Multiclass
FRRS1,391059,0,4,85,89,Benign-only
FRRS1L,23732,39,171,222,432,Multiclass
FRS2,10818,0,1,63,64,Benign-only
FRS3,10817,0,4,86,90,Benign-only
FRY,10129,0,75,231,306,Benign-only
FRYL,285527,22,36,367,425,Multiclass
FRZB,2487,0,4,50,54,Benign-only
FSAF1,128061,0,0,2,2,VUS/Other-only
FSCB,84075,0,18,130,148,Benign-only
FSCN1,6624,0,3,64,67,Benign-only
FSCN2,25794,3,254,441,698,Multiclass
FSCN3,29999,0,7,76,83,Benign-only
FSD1,79187,0,11,65,76,Benign-only
FSD1L,83856,1,4,50,55,Multiclass
FSD2,123722,0,5,94,99,Benign-only
FSHB,2488,1,18,29,48,Multiclass
FSHR,2492,12,57,121,190,Multiclass
FSIP1,161835,0,12,81,93,Benign-only
FSIP2,401024,13,115,937,1065,Multiclass
FST,10468,0,5,28,33,Benign-only
FSTL1,11167,0,1,52,53,Benign-only
FSTL3,10272,0,3,49,52,Benign-only
FSTL4,23105,0,23,115,138,Benign-only
FSTL5,56884,0,0,119,119,VUS/Other-only
FTCD,10841,39,167,193,399,Multiclass
FTCD-AS1;FTCD,-1,0,1,0,1,Benign-only
FTCD;FTCD-AS1,-1,0,1,0,1,Benign-only
FTCDNL1,348751,0,1,0,1,Benign-only
FTH1,2495,2,23,36,61,Multiclass
FTH1;BEST1,-1,5,0,1,6,Pathogenic-only
FTHL17,53940,0,4,18,22,Benign-only
FTL,2512,26,45,140,211,Multiclass
FTMT,94033,0,2,50,52,Benign-only
FTO,79068,2,102,156,260,Multiclass
FTSJ1,24140,10,45,52,107,Multiclass
FTSJ3,117246,0,6,156,162,Benign-only
FUBP1,8880,0,3,48,51,Benign-only
FUBP3,8939,0,4,64,68,Benign-only
FUCA1,2517,80,224,157,461,Multiclass
FUCA1;LOC126805661,-1,1,0,0,1,Pathogenic-only
FUCA2,2519,0,7,62,69,Benign-only
FUNDC1,139341,0,0,20,20,VUS/Other-only
FUNDC2,65991,0,1,16,17,Benign-only
FUOM,282969,0,0,29,29,VUS/Other-only
FURIN,5045,0,7,100,107,Benign-only
FUS,2521,48,253,279,580,Multiclass
FUT1,2523,1,4,42,47,Multiclass
FUT10,84750,0,0,40,40,VUS/Other-only
FUT11,170384,0,5,63,68,Benign-only
FUT2,2524,0,12,46,58,Benign-only
FUT3,2525,0,8,69,77,Benign-only
FUT4,2526,0,15,81,96,Benign-only
FUT5,2527,0,15,96,111,Benign-only
FUT6,2528,0,7,84,91,Benign-only
FUT7,2529,0,10,57,67,Benign-only
FUT8,2530,4,70,79,153,Multiclass
FUT9,10690,0,0,22,22,VUS/Other-only
FUZ,80199,0,16,50,66,Benign-only
FXN,2395,19,42,55,116,Multiclass
FXN;LOC130001862,-1,0,0,1,1,VUS/Other-only
FXR1,8087,2,10,50,62,Multiclass
FXR2,9513,0,5,86,91,Benign-only
FXYD1,5348,0,0,9,9,VUS/Other-only
FXYD2,486,1,56,28,85,Multiclass
FXYD2;FXYD6-FXYD2,-1,0,1,2,3,Benign-only
FXYD3,5349,0,6,22,28,Benign-only
FXYD4,53828,0,0,20,20,VUS/Other-only
FXYD5,53827,0,2,30,32,Benign-only
FXYD6,53826,0,0,5,5,VUS/Other-only
FXYD6-FXYD2,100533181,0,0,1,1,VUS/Other-only
FXYD7,53822,0,1,8,9,Benign-only
FYB1,2533,0,64,140,204,Benign-only
FYB2,199920,0,1,6,7,Benign-only
FYCO1,79443,34,186,318,538,Multiclass
FYN,2534,0,9,16,25,Benign-only
FYTTD1,84248,0,1,49,50,Benign-only
FZD1,8321,0,2,89,91,Benign-only
FZD10,11211,0,0,84,84,VUS/Other-only
FZD2,2535,7,60,161,228,Multiclass
FZD3,7976,0,4,66,70,Benign-only
FZD4,8322,79,147,293,519,Multiclass
FZD4;PRSS23,-1,0,0,2,2,VUS/Other-only
FZD5,7855,5,26,100,131,Multiclass
FZD6,8323,3,4,83,90,Multiclass
FZD7,8324,0,3,60,63,Benign-only
FZD8,8325,0,15,81,96,Benign-only
FZD9,8326,0,2,78,80,Benign-only
FZR1,51343,2,13,46,61,Multiclass
G0S2,50486,0,2,10,12,Benign-only
G2E3,55632,0,4,57,61,Benign-only
G3BP1,10146,1,0,66,67,Pathogenic-only
G3BP2,9908,0,2,28,30,Benign-only
G6PC1,2538,161,244,160,565,Multiclass
G6PC2,57818,0,0,36,36,VUS/Other-only
G6PC3,92579,47,296,372,715,Multiclass
G6PD,2539,229,319,181,729,Multiclass
GAA,2548,849,1304,1136,3289,Multiclass
GAB1,2549,1,17,79,97,Multiclass
GAB1;LOC126807172,-1,0,0,1,1,VUS/Other-only
GAB2,9846,0,7,103,110,Benign-only
GAB3,139716,0,3,58,61,Benign-only
GAB4,128954,0,8,97,105,Benign-only
GABARAP,11337,0,0,3,3,VUS/Other-only
GABARAPL1,23710,0,0,9,9,VUS/Other-only
GABARAPL2,11345,0,0,8,8,VUS/Other-only
GABBR1,2550,8,16,140,164,Multiclass
GABBR2,9568,16,680,422,1118,Multiclass
GABPA,2551,0,2,29,31,Benign-only
GABPB1,2553,0,1,11,12,Benign-only
GABPB2,126626,0,3,61,64,Benign-only
GABRA1,2554,76,285,342,703,Multiclass
GABRA1;GABRA6;GABRA6-AS1;LINC01202,-1,0,0,1,1,VUS/Other-only
GABRA1;GABRG2;LINC01202,-1,1,0,0,1,Pathogenic-only
GABRA2,2555,16,179,150,345,Multiclass
GABRA3,2556,2,18,52,72,Multiclass
GABRA4,2557,0,13,55,68,Benign-only
GABRA5,2558,3,46,72,121,Multiclass
GABRA5;GABRB3,-1,0,3,0,3,Benign-only
GABRA5;GABRB3;GABRG3;LOC126862078;LOC126862079,-1,0,0,1,1,VUS/Other-only
GABRA6,2559,0,28,48,76,Benign-only
GABRB1,2560,4,216,218,438,Multiclass
GABRB2,2561,55,325,214,594,Multiclass
GABRB3,2562,98,322,308,728,Multiclass
GABRD,2563,3,214,230,447,Multiclass
GABRE,2564,0,16,74,90,Benign-only
GABRG1,2565,0,1,58,59,Benign-only
GABRG2,2566,121,242,332,695,Multiclass
GABRG3,2567,1,6,39,46,Multiclass
GABRP,2568,0,6,54,60,Benign-only
GABRQ,55879,0,9,60,69,Benign-only
GABRR1,2569,0,4,61,65,Benign-only
GABRR2,2570,0,8,80,88,Benign-only
GABRR3,200959,0,7,83,90,Benign-only
GAD1,2571,9,139,129,277,Multiclass
GAD2,2572,0,10,78,88,Benign-only
GADD45A,1647,0,1,12,13,Benign-only
GADD45B,4616,0,0,8,8,VUS/Other-only
GADD45G,10912,0,0,8,8,VUS/Other-only
GADD45GIP1,90480,0,4,45,49,Benign-only
GADL1,339896,0,3,85,88,Benign-only
GAGE10,102724473,0,5,23,28,Benign-only
GAGE12C,729422,0,1,0,1,Benign-only
GAGE12D,100132399,0,0,12,12,VUS/Other-only
GAGE12G,645073,0,1,6,7,Benign-only
GAGE12H,729442,0,0,11,11,VUS/Other-only
GAGE12I,26748,0,0,1,1,VUS/Other-only
GAGE12J,729396,0,1,9,10,Benign-only
GAGE13,645051,0,3,18,21,Benign-only
GAGE2A,729447,0,4,24,28,Benign-only
GAGE2B,645037,0,0,10,10,VUS/Other-only
GAGE2C,2574,0,4,32,36,Benign-only
GAGE2D,729408,0,2,10,12,Benign-only
GAGE2E,26749,0,2,12,14,Benign-only
GAK,2580,0,30,230,260,Benign-only
GAL,51083,0,21,46,67,Benign-only
GAL3ST1,9514,0,2,51,53,Benign-only
GAL3ST2,64090,1,6,86,93,Multiclass
GAL3ST3,89792,0,12,91,103,Benign-only
GAL3ST4,79690,0,13,94,107,Benign-only
GALC,2581,352,684,368,1404,Multiclass
GALC;LOC132090288,-1,2,0,0,2,Pathogenic-only
GALE,2582,52,222,114,388,Multiclass
GALK1,2584,107,305,114,526,Multiclass
GALK1;ITGB4,-1,2,2,0,4,Multiclass
GALK2,2585,0,2,66,68,Benign-only
GALM,130589,4,48,61,113,Multiclass
GALNS,2588,322,569,353,1244,Multiclass
GALNT1,2589,0,1,23,24,Benign-only
GALNT10,55568,0,5,92,97,Benign-only
GALNT11,63917,0,7,79,86,Benign-only
GALNT11;KMT2C;LOC123956272;LOC126860227;LOC129389938;LOC129999675,-1,0,0,1,1,VUS/Other-only
GALNT12,79695,0,625,1168,1793,Benign-only
GALNT13,114805,0,0,53,53,VUS/Other-only
GALNT14,79623,1,9,94,104,Multiclass
GALNT15,117248,0,6,108,114,Benign-only
GALNT16,57452,0,2,81,83,Benign-only
GALNT17,64409,0,3,70,73,Benign-only
GALNT18,374378,0,0,85,85,VUS/Other-only
GALNT2,2590,7,104,83,194,Multiclass
GALNT3,2591,60,248,198,506,Multiclass
GALNT4,8693,0,1,41,42,Benign-only
GALNT4;POC1B;POC1B-DUSP6;POC1B-GALNT4,-1,1,3,0,4,Multiclass
GALNT5,11227,0,12,134,146,Benign-only
GALNT6,11226,0,7,107,114,Benign-only
GALNT7,51809,0,4,59,63,Benign-only
GALNT8,26290,0,10,91,101,Benign-only
GALNT9,50614,0,4,10,14,Benign-only
GALNTL5,168391,0,11,74,85,Benign-only
GALNTL6,442117,0,0,57,57,VUS/Other-only
GALP,85569,0,5,17,22,Benign-only
GALR1,2587,0,1,59,60,Benign-only
GALR2,8811,0,8,63,71,Benign-only
GALR3,8484,0,3,65,68,Benign-only
GALT,2592,320,299,180,799,Multiclass
GAMT,2593,145,292,237,674,Multiclass
GAN,8139,54,343,409,806,Multiclass
GANAB,23193,47,212,287,546,Multiclass
GANC,2595,0,8,104,112,Benign-only
GAP43,2596,0,6,39,45,Benign-only
GAPDH,2597,0,2,10,12,Benign-only
GAPDH;NCAPD2,-1,1,0,0,1,Pathogenic-only
GAPDHS,26330,0,2,80,82,Benign-only
GAPT,202309,0,5,22,27,Benign-only
GAPVD1,26130,0,21,4,25,Benign-only
GAR1,54433,0,1,22,23,Benign-only
GAREM1,64762,0,0,5,5,VUS/Other-only
GAREM2,150946,0,0,15,15,VUS/Other-only
GAREM2;HADHA,-1,0,0,1,1,VUS/Other-only
GARIN1A,346653,0,5,50,55,Benign-only
GARIN1B,84691,0,5,34,39,Benign-only
GARIN2,161142,0,2,71,73,Benign-only
GARIN3,153745,0,14,109,123,Benign-only
GARIN4,149647,0,17,107,124,Benign-only
GARIN5A,112703,0,3,50,53,Benign-only
GARIN5B,284418,0,23,192,215,Benign-only
GARIN6,196472,0,4,31,35,Benign-only
GARNL3,84253,0,4,103,107,Benign-only
GARRE1,9710,0,8,167,175,Benign-only
GARS1,2617,25,325,440,790,Multiclass
GART,2618,0,5,102,107,Benign-only
GAS1,2619,0,38,89,127,Benign-only
GAS2,2620,0,1,31,32,Benign-only
GAS2L1,10634,0,1,48,49,Benign-only
GAS2L2,246176,0,44,157,201,Benign-only
GAS2L3,283431,0,14,84,98,Benign-only
GAS6,2621,0,22,111,133,Benign-only
GAS7,8522,0,43,58,101,Benign-only
GAS8,2622,1,14,33,48,Multiclass
GASK1A,729085,0,8,87,95,Benign-only
GASK1B,51313,0,7,94,101,Benign-only
GAST,2520,0,4,16,20,Benign-only
GATA1,2623,71,131,188,390,Multiclass
GATA2,2624,227,629,901,1757,Multiclass
GATA3,2625,92,171,196,459,Multiclass
GATA4,2626,26,459,550,1035,Multiclass
GATA5,140628,1,265,340,606,Multiclass
GATA6,2627,45,248,424,717,Multiclass
GATAD1,57798,0,139,169,308,Benign-only
GATAD2A,54815,1,10,110,121,Multiclass
GATAD2B,57459,104,250,276,630,Multiclass
GATB,5188,4,41,76,121,Multiclass
GATC,283459,1,9,15,25,Multiclass
GATD1,347862,0,1,51,52,Benign-only
GATD3,8209,0,3,3,6,Benign-only
GATM,2628,35,319,301,655,Multiclass
GBA1,2629,338,54,151,543,Multiclass
GBA1;LOC106627981,-1,0,0,3,3,VUS/Other-only
GBA2,57704,46,144,173,363,Multiclass
GBA3,57733,0,3,64,67,Benign-only
GBE1,2632,204,547,244,995,Multiclass
GBF1,8729,1,53,233,287,Multiclass
GBGT1,26301,0,8,57,65,Benign-only
GBP1,2633,0,15,81,96,Benign-only
GBP2,2634,0,8,84,92,Benign-only
GBP3,2635,0,9,76,85,Benign-only
GBP4,115361,0,11,86,97,Benign-only
GBP5,115362,0,10,79,89,Benign-only
GBP6,163351,0,10,92,102,Benign-only
GBP7,388646,0,11,87,98,Benign-only
GBX1,2636,0,2,57,59,Benign-only
GBX2,2637,0,2,48,50,Benign-only
GC,2638,0,15,41,56,Benign-only
GCA,25801,0,1,4,5,Benign-only
GCAT,23464,0,1,78,79,Benign-only
GCC1,79571,0,3,109,112,Benign-only
GCC2,9648,0,22,224,246,Benign-only
GCDH,2639,311,403,170,884,Multiclass
GCDH;KLF1;LOC117125594,-1,1,0,0,1,Pathogenic-only
GCFC2,6936,0,13,91,104,Benign-only
GCG,2641,0,2,2,4,Benign-only
GCGR,2642,4,91,100,195,Multiclass
GCH1,2643,104,218,241,563,Multiclass
GCHFR,2644,0,0,11,11,VUS/Other-only
GCK,2645,678,182,354,1217,Multiclass
GCKR,2646,0,92,182,274,Benign-only
GCLC,2729,0,109,96,205,Benign-only
GCLC;GCLC-AS1,-1,0,0,2,2,VUS/Other-only
GCLC;LOC129996649,-1,0,1,0,1,Benign-only
GCLM,2730,0,0,16,16,VUS/Other-only
GCM1,8521,0,9,48,57,Benign-only
GCM2,9247,19,90,160,269,Multiclass
GCN1,10985,0,24,309,333,Benign-only
GCNA,93953,1,21,93,115,Multiclass
GCNT1,2650,0,4,49,53,Benign-only
GCNT2,2651,10,66,92,168,Multiclass
GCNT2;LOC111591500;LOC123575665;LOC129389441;LOC129995741;LOC129995742;LOC129995743,-1,0,0,1,1,VUS/Other-only
GCNT3,9245,0,3,79,82,Benign-only
GCNT4,51301,0,3,42,45,Benign-only
GCNT7,140687,0,0,1,1,VUS/Other-only
GCOM1,145781,0,5,95,100,Benign-only
GCSAM,257144,0,4,23,27,Benign-only
GCSAML,148823,0,0,13,13,VUS/Other-only
GCSH,2653,7,55,71,133,Multiclass
GCSH;LOC112486210;LOC130059495;LOC130059496;PKD1L2,-1,0,0,1,1,VUS/Other-only
GDA,9615,0,3,44,47,Benign-only
GDAP1,54332,100,182,283,565,Multiclass
GDAP1L1,78997,0,0,43,43,VUS/Other-only
GDAP2,54834,6,14,55,75,Multiclass
GDE1,51573,0,1,40,41,Benign-only
GDF1,2657,27,70,131,228,Multiclass
GDF10,2662,0,3,76,79,Benign-only
GDF11,10220,0,3,43,46,Benign-only
GDF15,9518,0,5,49,54,Benign-only
GDF1;CERS1,-1,0,2,1,3,Benign-only
GDF2,2658,14,212,105,331,Multiclass
GDF3,9573,2,26,58,86,Multiclass
GDF5,8200,42,227,203,472,Multiclass
GDF5;GDF5-AS1,-1,0,2,0,2,Benign-only
GDF6,392255,4,202,266,472,Multiclass
GDF7,151449,0,6,79,85,Benign-only
GDF9,2661,3,11,82,96,Multiclass
GDI1,2664,10,38,80,128,Multiclass
GDI2,2665,0,3,39,42,Benign-only
GDNF,2668,0,47,71,118,Benign-only
GDPD1,284161,0,0,22,22,VUS/Other-only
GDPD2,54857,0,5,40,45,Benign-only
GDPD3,79153,0,7,44,51,Benign-only
GDPD4,220032,0,10,71,81,Benign-only
GDPD5,81544,0,8,97,105,Benign-only
GDPGP1,390637,0,4,67,71,Benign-only
GEM,2669,0,4,34,38,Benign-only
GEMIN2,8487,0,2,28,30,Benign-only
GEMIN4,50628,2,68,214,284,Multiclass
GEMIN5,25929,26,35,265,326,Multiclass
GEMIN6,79833,0,1,30,31,Benign-only
GEMIN7,79760,0,1,18,19,Benign-only
GEMIN8,54960,0,10,27,37,Benign-only
GEN1,348654,0,468,1053,1521,Benign-only
GET1,7485,0,0,33,33,VUS/Other-only
GET3,439,0,1,30,31,Benign-only
GET4,51608,0,13,64,77,Benign-only
GFAP,2670,61,172,245,478,Multiclass
GFER,2671,7,89,74,170,Multiclass
GFER;LOC130058203,-1,0,0,1,1,VUS/Other-only
GFI1,2672,1,334,488,823,Multiclass
GFI1B,8328,6,47,67,120,Multiclass
GFM1,85476,202,522,179,903,Multiclass
GFM1;LXN,-1,0,3,0,3,Benign-only
GFM2,84340,12,174,212,398,Multiclass
GFM2;HEXB,-1,0,0,2,2,VUS/Other-only
GFM2;NSA2,-1,0,1,0,1,Benign-only
GFOD1,54438,0,0,28,28,VUS/Other-only
GFOD2,81577,0,3,64,67,Benign-only
GFPT1,2673,39,295,269,603,Multiclass
GFPT2,9945,0,7,85,92,Benign-only
GFRA1,2674,2,10,50,62,Multiclass
GFRA2,2675,0,3,62,65,Benign-only
GFRA3,2676,0,5,46,51,Benign-only
GFRA4,64096,0,8,48,56,Benign-only
GFRAL,389400,0,5,61,66,Benign-only
GFUS,7264,0,14,64,78,Benign-only
GFY,100507003,0,4,84,88,Benign-only
GGA1,26088,0,8,97,105,Benign-only
GGA2,23062,0,7,105,112,Benign-only
GGA3,23163,0,8,123,131,Benign-only
GGACT,87769,0,0,29,29,VUS/Other-only
GGCT,79017,0,4,22,26,Benign-only
GGCX,2677,43,250,262,555,Multiclass
GGH,8836,0,6,33,39,Benign-only
GGN,199720,0,22,107,129,Benign-only
GGNBP2,79893,0,6,59,65,Benign-only
GGNBP2;MYO19;PIGW;ZNHIT3,-1,0,0,1,1,VUS/Other-only
GGPS1,9453,1,0,32,33,Pathogenic-only
GGT1,2678,0,53,61,114,Benign-only
GGT2,728441,0,12,0,12,Benign-only
GGT5,2687,0,10,104,114,Benign-only
GGT6,124975,0,13,87,100,Benign-only
GGT7,2686,0,2,90,92,Benign-only
GGTLC1,92086,0,1,42,43,Benign-only
GGTLC2,91227,0,2,66,68,Benign-only
GH-LCR;SCN4A,-1,0,0,1,1,VUS/Other-only
GH1,2688,12,62,98,172,Multiclass
GH2,2689,0,10,40,50,Benign-only
GHDC,84514,0,6,82,88,Benign-only
GHITM,27069,0,3,49,52,Benign-only
GHR,2690,51,244,271,566,Multiclass
GHRH,2691,0,1,15,16,Benign-only
GHRHR,2692,32,162,121,315,Multiclass
GHRL,51738,0,9,19,28,Benign-only
GHSR,2693,1,89,185,275,Multiclass
GID4,79018,0,1,28,29,Benign-only
GID8,54994,0,0,21,21,VUS/Other-only
GIGYF1,64599,14,23,171,208,Multiclass
GIGYF2,26058,0,66,141,207,Benign-only
GIMAP1,170575,0,3,36,39,Benign-only
GIMAP1-GIMAP5,100527949,0,4,12,16,Benign-only
GIMAP2,26157,0,6,43,49,Benign-only
GIMAP4,55303,0,5,53,58,Benign-only
GIMAP5,55340,0,3,1,4,Benign-only
GIMAP5;GIMAP1-GIMAP5,-1,0,1,0,1,Benign-only
GIMAP6,474344,1,12,49,62,Multiclass
GIMAP7,168537,0,5,54,59,Benign-only
GIMAP8,155038,0,13,98,111,Benign-only
GIMD1,100507096,0,0,4,4,VUS/Other-only
GIN1,54826,0,5,61,66,Benign-only
GINM1,116254,0,2,37,39,Benign-only
GINS1,9837,1,63,123,187,Multiclass
GINS2,51659,0,3,56,59,Benign-only
GINS3,64785,0,4,42,46,Benign-only
GINS4,84296,0,1,23,24,Benign-only
GIP,2695,0,0,24,24,VUS/Other-only
GIPC1,10755,0,5,59,64,Benign-only
GIPC2,54810,0,1,38,39,Benign-only
GIPC3,126326,18,114,114,246,Multiclass
GIPR,2696,0,2,45,47,Benign-only
GIT1,28964,2,4,77,83,Multiclass
GIT2,9815,0,10,82,92,Benign-only
GJA1,2697,46,83,205,334,Multiclass
GJA10,84694,0,7,79,86,Benign-only
GJA3,2700,40,61,170,271,Multiclass
GJA4,2701,0,4,52,56,Benign-only
GJA5,2702,2,100,229,331,Multiclass
GJA8,2703,51,47,172,270,Multiclass
GJA9,81025,0,4,66,70,Benign-only
GJB1,2705,248,118,227,593,Multiclass
GJB2,2706,242,151,172,565,Multiclass
GJB3,2707,7,57,149,213,Multiclass
GJB4,127534,3,40,78,121,Multiclass
GJB5,2709,0,3,38,41,Benign-only
GJB6,10804,8,86,119,213,Multiclass
GJB7,375519,0,2,36,38,Benign-only
GJC1,10052,0,4,29,33,Benign-only
GJC2,57165,71,87,235,393,Multiclass
GJC3,349149,0,4,28,32,Benign-only
GJD2,57369,0,1,28,29,Benign-only
GJD3,125111,0,4,58,62,Benign-only
GJD4,219770,0,7,75,82,Benign-only
GJE1,100126572,0,1,0,1,Benign-only
GK,2710,18,41,38,97,Multiclass
GK2,2712,0,3,64,67,Benign-only
GK5,256356,0,5,30,35,Benign-only
GK;GK-AS1,-1,1,0,0,1,Pathogenic-only
GKAP1,80318,0,0,40,40,VUS/Other-only
GKN1,56287,0,3,17,20,Benign-only
GKN2,200504,0,2,23,25,Benign-only
GLA,2717,1114,290,424,1828,Multiclass
GLA;RPL36A-HNRNPH2,-1,2,1,1,4,Multiclass
GLB1,2720,309,588,245,1142,Multiclass
GLB1L,79411,0,8,86,94,Benign-only
GLB1L2,89944,0,7,109,116,Benign-only
GLB1L3,112937,0,12,102,114,Benign-only
GLCCI1,113263,0,3,99,102,Benign-only
GLCE,26035,0,4,51,55,Benign-only
GLDC,2731,454,1277,655,2386,Multiclass
GLDC;LOC111413010;LOC130001539;LOC130001540;LOC130001541,-1,0,0,1,1,VUS/Other-only
GLDC;LOC130001537,-1,1,0,0,1,Pathogenic-only
GLDN,342035,24,41,97,162,Multiclass
GLE1,2733,156,443,126,725,Multiclass
GLE1;LOC101929270,-1,0,0,1,1,VUS/Other-only
GLG1,2734,0,5,133,138,Benign-only
GLI1,2735,12,36,150,198,Multiclass
GLI2,2736,81,412,673,1166,Multiclass
GLI3,2737,176,528,605,1309,Multiclass
GLI4,2738,0,2,97,99,Benign-only
GLIPR1,11010,0,7,32,39,Benign-only
GLIPR1L1,256710,0,0,26,26,VUS/Other-only
GLIPR1L2,144321,0,3,55,58,Benign-only
GLIPR2,152007,0,4,27,31,Benign-only
GLIS1,148979,0,10,112,122,Benign-only
GLIS2,84662,0,98,228,326,Benign-only
GLIS3,169792,13,248,464,725,Multiclass
GLMN,11146,52,46,67,165,Multiclass
GLMP,112770,0,5,63,68,Benign-only
GLO1,2739,0,1,14,15,Benign-only
GLOD4,51031,0,3,52,55,Benign-only
GLOD5,392465,0,4,19,23,Benign-only
GLP1R,2740,0,12,35,47,Benign-only
GLP2R,9340,0,14,78,92,Benign-only
GLRA1,2741,71,219,242,532,Multiclass
GLRA1;LOC126807558,-1,0,0,1,1,VUS/Other-only
GLRA2,2742,4,13,62,79,Multiclass
GLRA3,8001,0,1,50,51,Benign-only
GLRB,2743,22,215,208,445,Multiclass
GLRX,2745,0,1,13,14,Benign-only
GLRX2,51022,0,1,19,20,Benign-only
GLRX3,10539,0,2,46,48,Benign-only
GLRX5,51218,2,65,62,129,Multiclass
GLS,2744,14,18,95,127,Multiclass
GLS2,27165,0,4,64,68,Benign-only
GLT1D1,144423,0,6,38,44,Benign-only
GLT6D1,360203,0,7,58,65,Benign-only
GLT8D1,55830,0,8,38,46,Benign-only
GLT8D2,83468,0,0,41,41,VUS/Other-only
GLTP,51228,0,2,36,38,Benign-only
GLTPD2,388323,0,9,50,59,Benign-only
GLUD1,2746,14,111,159,284,Multiclass
GLUD2,2747,1,7,62,70,Multiclass
GLUL,2752,8,95,155,258,Multiclass
GLYAT,10249,0,2,50,52,Benign-only
GLYATL1,92292,0,3,54,57,Benign-only
GLYATL2,219970,0,4,56,60,Benign-only
GLYATL3,389396,0,0,42,42,VUS/Other-only
GLYCTK,132158,3,83,140,226,Multiclass
GLYR1,84656,0,1,58,59,Benign-only
GM2A,2760,13,96,117,226,Multiclass
GMCL1,64395,0,3,47,50,Benign-only
GMDS,2762,0,1,42,43,Benign-only
GMEB1,10691,0,2,55,57,Benign-only
GMEB2,26205,0,6,60,66,Benign-only
GMFB,2764,0,1,12,13,Benign-only
GMFG,9535,0,0,21,21,VUS/Other-only
GMIP,51291,0,8,122,130,Benign-only
GML,2765,0,2,20,22,Benign-only
GMNC,647309,0,0,56,56,VUS/Other-only
GMNN,51053,3,54,55,112,Multiclass
GMPPA,29926,12,85,77,174,Multiclass
GMPPB,29925,59,160,190,409,Multiclass
GMPR,2766,0,6,55,61,Benign-only
GMPR2,51292,0,0,59,59,VUS/Other-only
GMPS,8833,0,6,58,64,Benign-only
GNA11,2767,17,241,148,406,Multiclass
GNA12,2768,0,5,45,50,Benign-only
GNA13,10672,0,2,28,30,Benign-only
GNA14,9630,1,3,54,58,Multiclass
GNA15,2769,0,4,58,62,Benign-only
GNAI1,2770,16,16,96,128,Multiclass
GNAI2,2771,3,3,22,28,Multiclass
GNAI3,2773,7,27,53,87,Multiclass
GNAI3;GNAT2;MIR197,-1,1,0,0,1,Pathogenic-only
GNAL,2774,17,160,92,269,Multiclass
GNAO1,2775,92,278,167,537,Multiclass
GNAQ,2776,8,30,16,54,Multiclass
GNAS,2778,209,335,371,915,Multiclass
GNAS-AS1,149775,0,1,0,1,Benign-only
GNAT1,2779,20,155,200,375,Multiclass
GNAT2,2780,24,87,116,227,Multiclass
GNAT3,346562,0,1,47,48,Benign-only
GNAZ,2781,0,1,20,21,Benign-only
GNB1,2782,50,192,108,350,Multiclass
GNB1L,54584,0,16,68,84,Benign-only
GNB2,2783,10,15,61,86,Multiclass
GNB3,2784,0,176,196,372,Benign-only
GNB4,59345,5,159,137,301,Multiclass
GNB5,10681,28,98,83,209,Multiclass
GNE,10020,213,446,432,1091,Multiclass
GNG10,2790,0,1,5,6,Benign-only
GNG12,55970,0,0,3,3,VUS/Other-only
GNG13,51764,0,0,18,18,VUS/Other-only
GNG14,105372280,0,1,0,1,Benign-only
GNG2,54331,0,0,4,4,VUS/Other-only
GNG3,2785,1,2,2,5,Multiclass
GNG4,2786,0,0,7,7,VUS/Other-only
GNG5,2787,0,0,5,5,VUS/Other-only
GNG5B,347687,0,1,0,1,Benign-only
GNG7,2788,0,0,7,7,VUS/Other-only
GNG8,94235,0,0,12,12,VUS/Other-only
GNGT1,2792,0,0,8,8,VUS/Other-only
GNGT2,2793,0,0,11,11,VUS/Other-only
GNL1,2794,0,2,57,59,Benign-only
GNL2,29889,0,5,102,107,Benign-only
GNL3,26354,0,10,67,77,Benign-only
GNL3L,54552,0,11,67,78,Benign-only
GNLY,10578,0,4,27,31,Benign-only
GNMT,27232,0,51,81,132,Benign-only
GNPAT,8443,65,323,162,550,Multiclass
GNPDA1,10007,0,0,28,28,VUS/Other-only
GNPDA2,132789,0,2,22,24,Benign-only
GNPNAT1,64841,0,2,21,23,Benign-only
GNPTAB,79158,396,817,345,1558,Multiclass
GNPTG,84572,144,524,258,926,Multiclass
GNRH1,2796,3,16,22,41,Multiclass
GNRH2,2797,0,7,12,19,Benign-only
GNRHR,2798,38,42,122,202,Multiclass
GNS,2799,79,474,243,796,Multiclass
GOLGA1,2800,0,11,94,105,Benign-only
GOLGA2,2801,9,31,151,191,Multiclass
GOLGA3,2802,0,31,243,274,Benign-only
GOLGA4,2803,0,29,295,324,Benign-only
GOLGA5,9950,0,4,86,90,Benign-only
GOLGA6A,342096,0,14,83,97,Benign-only
GOLGA6B,55889,0,8,100,108,Benign-only
GOLGA6C,653641,0,5,117,122,Benign-only
GOLGA6D,653643,0,15,76,91,Benign-only
GOLGA6L1,283767,0,1,9,10,Benign-only
GOLGA6L10,647042,0,16,74,90,Benign-only
GOLGA6L2,283685,0,1,3,4,Benign-only
GOLGA6L22,440243,0,9,0,9,Benign-only
GOLGA6L4,643707,0,2,0,2,Benign-only
GOLGA6L6,727832,0,11,141,152,Benign-only
GOLGA6L7,728310,0,3,0,3,Benign-only
GOLGA7,51125,0,0,7,7,VUS/Other-only
GOLGA7B,401647,0,1,25,26,Benign-only
GOLGA8A,23015,0,6,41,47,Benign-only
GOLGA8B,440270,0,4,25,29,Benign-only
GOLGA8F,100132565,0,4,0,4,Benign-only
GOLGA8G,283768,0,1,0,1,Benign-only
GOLGA8H,728498,0,1,0,1,Benign-only
GOLGA8J,653073,0,5,0,5,Benign-only
GOLGA8K,653125,0,9,0,9,Benign-only
GOLGA8M,653720,0,12,0,12,Benign-only
GOLGA8O,728047,0,2,0,2,Benign-only
GOLGA8Q,727909,0,3,0,3,Benign-only
GOLGA8R,101059918,0,2,0,2,Benign-only
GOLGA8S,653061,0,7,0,7,Benign-only
GOLGA8T,653075,0,6,0,6,Benign-only
GOLGB1,2804,0,29,387,416,Benign-only
GOLIM4,27333,0,12,94,106,Benign-only
GOLM1,51280,0,13,54,67,Benign-only
GOLM2,113201,0,3,50,53,Benign-only
GOLPH3,64083,0,2,19,21,Benign-only
GOLPH3;LOC126807344;PDZD2,-1,0,1,0,1,Benign-only
GOLPH3L,55204,0,1,35,36,Benign-only
GOLT1A,127845,0,6,23,29,Benign-only
GOLT1B,51026,0,0,9,9,VUS/Other-only
GON4L,54856,1,4,3,8,Multiclass
GON7,84520,1,0,2,3,Pathogenic-only
GOPC,57120,0,4,61,65,Benign-only
GORAB,92344,47,197,161,405,Multiclass
GORASP1,64689,0,8,66,74,Benign-only
GORASP2,26003,0,9,58,67,Benign-only
GOSR1,9527,0,0,39,39,VUS/Other-only
GOSR2,9570,25,135,148,308,Multiclass
GOSR2;LRRC37A2,-1,0,1,4,5,Benign-only
GOT1,2805,0,3,46,49,Benign-only
GOT1L1,137362,0,3,58,61,Benign-only
GOT2,2806,4,70,78,152,Multiclass
GP1BA,2811,86,61,157,304,Multiclass
GP1BB,2812,40,23,79,142,Multiclass
GP2,2813,0,12,77,89,Benign-only
GP5,2814,0,5,83,88,Benign-only
GP6,51206,17,176,145,338,Multiclass
GP9,2815,28,72,58,158,Multiclass
GPA33,10223,0,6,55,61,Benign-only
GPAA1,8733,46,310,266,622,Multiclass
GPALPP1,55425,0,2,48,50,Benign-only
GPAM,57678,0,7,92,99,Benign-only
GPANK1,7918,0,4,68,72,Benign-only
GPAT2,150763,3,11,104,118,Multiclass
GPAT3,84803,0,1,62,63,Benign-only
GPAT4,137964,0,3,29,32,Benign-only
GPATCH1,55094,0,6,138,144,Benign-only
GPATCH11,253635,0,0,38,38,VUS/Other-only
GPATCH2,55105,0,4,61,65,Benign-only
GPATCH2L,55668,0,2,36,38,Benign-only
GPATCH3,63906,0,6,85,91,Benign-only
GPATCH4,54865,0,3,51,54,Benign-only
GPATCH4;NAXE,-1,0,0,1,1,VUS/Other-only
GPATCH8,23131,0,9,185,194,Benign-only
GPBAR1,151306,0,10,89,99,Benign-only
GPBP1,65056,0,1,53,54,Benign-only
GPBP1L1,60313,0,1,59,60,Benign-only
GPC1,2817,0,6,122,128,Benign-only
GPC2,221914,0,7,85,92,Benign-only
GPC3,2719,63,415,467,945,Multiclass
GPC3;LOC130068717;LOC130068718,-1,1,0,0,1,Pathogenic-only
GPC4,2239,8,22,76,106,Multiclass
GPC4;HS6ST2;TFDP3;USP26,-1,0,0,2,2,VUS/Other-only
GPC5,2262,0,10,95,105,Benign-only
GPC6,10082,2,143,198,343,Multiclass
GPCPD1,56261,0,5,57,62,Benign-only
GPD1,2819,15,67,66,148,Multiclass
GPD1L,23171,0,221,214,435,Benign-only
GPD2,2820,0,4,88,92,Benign-only
GPER1,2852,0,5,59,64,Benign-only
GPHA2,170589,0,2,19,21,Benign-only
GPHN,10243,46,422,379,847,Multiclass
GPI,2821,28,72,117,217,Multiclass
GPIHBP1,338328,16,104,70,190,Multiclass
GPKOW,27238,0,9,58,67,Benign-only
GPLD1,2822,0,8,126,134,Benign-only
GPM6A,2823,0,1,9,10,Benign-only
GPM6B,2824,0,4,21,25,Benign-only
GPN1,11321,0,1,51,52,Benign-only
GPN2,54707,0,1,54,55,Benign-only
GPN3,51184,0,0,24,24,VUS/Other-only
GPNMB,10457,12,25,73,110,Multiclass
GPR101,83550,0,27,59,86,Benign-only
GPR107,57720,0,2,78,80,Benign-only
GPR108,56927,0,8,79,87,Benign-only
GPR119,139760,0,5,23,28,Benign-only
GPR12,2835,0,4,31,35,Benign-only
GPR132,29933,0,13,57,70,Benign-only
GPR135,64582,0,3,107,110,Benign-only
GPR137,56834,0,2,28,30,Benign-only
GPR137B,7107,0,0,56,56,VUS/Other-only
GPR137C,283554,0,0,55,55,VUS/Other-only
GPR139,124274,0,1,37,38,Benign-only
GPR141,353345,0,1,0,1,Benign-only
GPR142,350383,0,15,87,102,Benign-only
GPR143,4935,104,132,168,404,Multiclass
GPR146,115330,0,5,0,5,Benign-only
GPR148,344561,0,5,69,74,Benign-only
GPR149,344758,0,2,117,119,Benign-only
GPR15,2838,0,6,51,57,Benign-only
GPR150,285601,0,6,78,84,Benign-only
GPR151,134391,0,6,76,82,Benign-only
GPR152,390212,0,12,62,74,Benign-only
GPR153,387509,1,13,125,139,Multiclass
GPR155,151556,0,9,103,112,Benign-only
GPR156,165829,3,12,111,126,Multiclass
GPR157,80045,0,3,58,61,Benign-only
GPR158,57512,0,9,167,176,Benign-only
GPR160,26996,0,2,35,37,Benign-only
GPR161,23432,1,47,117,165,Multiclass
GPR162,27239,0,3,93,96,Benign-only
GPR17,2840,0,12,58,70,Benign-only
GPR171,29909,0,6,36,42,Benign-only
GPR173,54328,0,0,24,24,VUS/Other-only
GPR174,84636,0,6,27,33,Benign-only
GPR176,11245,0,0,74,74,VUS/Other-only
GPR179,440435,42,501,881,1424,Multiclass
GPR18,2841,0,4,47,51,Benign-only
GPR180,160897,0,2,39,41,Benign-only
GPR182,11318,0,1,8,9,Benign-only
GPR183,1880,0,2,42,44,Benign-only
GPR19,2842,0,8,48,56,Benign-only
GPR20,2843,0,10,88,98,Benign-only
GPR21,2844,0,4,48,52,Benign-only
GPR22,2845,0,1,28,29,Benign-only
GPR25,2848,0,2,43,45,Benign-only
GPR26,2849,0,5,35,40,Benign-only
GPR27,2850,0,0,51,51,VUS/Other-only
GPR3,2827,0,1,33,34,Benign-only
GPR31,2853,0,6,56,62,Benign-only
GPR32,2854,0,5,51,56,Benign-only
GPR33,2856,0,5,53,58,Benign-only
GPR34,2857,0,4,10,14,Benign-only
GPR35,2859,0,26,59,85,Benign-only
GPR37,2861,0,10,72,82,Benign-only
GPR37L1,9283,0,5,73,78,Benign-only
GPR39,2863,0,9,73,82,Benign-only
GPR4,2828,0,1,41,42,Benign-only
GPR42,2866,0,2,0,2,Benign-only
GPR45,11250,0,58,164,222,Benign-only
GPR50,9248,0,11,80,91,Benign-only
GPR52,9293,0,2,39,41,Benign-only
GPR55,9290,0,4,47,51,Benign-only
GPR6,2830,0,3,48,51,Benign-only
GPR61,83873,0,0,49,49,VUS/Other-only
GPR62,118442,0,1,49,50,Benign-only
GPR63,81491,0,0,39,39,VUS/Other-only
GPR65,8477,0,3,32,35,Benign-only
GPR68,8111,0,10,56,66,Benign-only
GPR75,10936,0,1,79,80,Benign-only
GPR75-ASB3,100302652,0,1,16,17,Benign-only
GPR78,27201,0,7,94,101,Benign-only
GPR82,27197,0,5,28,33,Benign-only
GPR83,10888,0,2,84,86,Benign-only
GPR84,53831,0,2,42,44,Benign-only
GPR85,54329,0,2,38,40,Benign-only
GPR87,53836,0,3,57,60,Benign-only
GPR87;MED12L,-1,0,1,0,1,Benign-only
GPR88,54112,0,41,60,101,Benign-only
GPR89A,653519,0,0,41,41,VUS/Other-only
GPR89B,51463,0,0,16,16,VUS/Other-only
GPRASP1,9737,0,17,124,141,Benign-only
GPRASP2,114928,1,13,74,88,Multiclass
GPRASP3,80823,0,9,44,53,Benign-only
GPRC5A,9052,0,8,56,64,Benign-only
GPRC5B,51704,0,14,58,72,Benign-only
GPRC5C,55890,0,8,89,97,Benign-only
GPRC5D,55507,0,3,45,48,Benign-only
GPRC6A,222545,0,15,122,137,Benign-only
GPRIN1,114787,0,14,154,168,Benign-only
GPRIN2,9721,0,6,74,80,Benign-only
GPRIN3,285513,0,12,126,138,Benign-only
GPS1,2873,0,5,47,52,Benign-only
GPS2,2874,0,2,29,31,Benign-only
GPSM1,26086,0,4,145,149,Benign-only
GPSM2,29899,35,109,165,309,Multiclass
GPSM3,63940,0,5,18,23,Benign-only
GPT,2875,0,27,81,108,Benign-only
GPT2,84706,12,36,73,121,Multiclass
GPX1,2876,0,6,55,61,Benign-only
GPX2,2877,0,0,28,28,VUS/Other-only
GPX3,2878,0,0,30,30,VUS/Other-only
GPX4,2879,13,108,92,213,Multiclass
GPX5,2880,0,3,29,32,Benign-only
GPX6,257202,0,2,28,30,Benign-only
GPX7,2882,0,1,17,18,Benign-only
GPX8,493869,0,3,28,31,Benign-only
GRAMD1A,57655,0,4,106,110,Benign-only
GRAMD1B,57476,0,8,78,86,Benign-only
GRAMD1C,54762,0,6,77,83,Benign-only
GRAMD2A,196996,0,3,45,48,Benign-only
GRAMD2B,65983,0,7,48,55,Benign-only
GRAMD4,23151,0,4,80,84,Benign-only
GRAP,10750,1,1,15,17,Multiclass
GRAP2,9402,0,7,37,44,Benign-only
GRB10,2887,0,11,46,57,Benign-only
GRB14,2888,0,3,87,90,Benign-only
GRB2,2885,0,1,7,8,Benign-only
GRB7,2886,0,12,69,81,Benign-only
GREB1,9687,0,37,308,345,Benign-only
GREB1L,80000,68,168,219,455,Multiclass
GREM1,26585,1,234,223,458,Multiclass
GREM2,64388,0,1,21,22,Benign-only
GREM2;LOC100506929;LOC122152349;RGS7,-1,0,0,1,1,VUS/Other-only
GRHL1,29841,0,2,66,68,Benign-only
GRHL2,79977,22,151,141,314,Multiclass
GRHL3,57822,13,90,113,216,Multiclass
GRHPR,9380,145,299,116,560,Multiclass
GRIA1,2890,6,51,162,219,Multiclass
GRIA2,2891,39,40,154,233,Multiclass
GRIA3,2892,32,265,271,568,Multiclass
GRIA3;LOC113875007;LOC129391311;LOC130068627,-1,0,0,1,1,VUS/Other-only
GRIA4,2893,7,40,202,249,Multiclass
GRID1,2894,1,3,141,145,Multiclass
GRID2,2895,11,128,169,308,Multiclass
GRID2IP,392862,0,17,246,263,Benign-only
GRIK1,2897,0,16,136,152,Benign-only
GRIK2,2898,11,60,195,266,Multiclass
GRIK2;LOC126859750;LOC132089305;LOC132089306;LOC132089307,-1,0,0,1,1,VUS/Other-only
GRIK3,2899,0,15,104,119,Benign-only
GRIK4,2900,0,24,130,154,Benign-only
GRIK5,2901,0,7,109,116,Benign-only
GRIN1,2902,118,663,392,1173,Multiclass
GRIN2A,2903,292,925,950,2167,Multiclass
GRIN2B,2904,267,804,576,1647,Multiclass
GRIN2B;LOC126861462;LOC132090065,-1,0,0,1,1,VUS/Other-only
GRIN2C,2905,0,21,152,173,Benign-only
GRIN2D,2906,12,539,790,1341,Multiclass
GRIN3A,116443,0,8,142,150,Benign-only
GRIN3B,116444,0,17,248,265,Benign-only
GRINA,2907,0,2,48,50,Benign-only
GRIP1,23426,28,502,260,790,Multiclass
GRIP2,80852,0,3,91,94,Benign-only
GRIPAP1,56850,0,11,50,61,Benign-only
GRK1,6011,6,12,55,73,Multiclass
GRK2,156,0,6,7,13,Benign-only
GRK3,157,0,1,5,6,Benign-only
GRK4,2868,0,7,90,97,Benign-only
GRK5,2869,0,10,75,85,Benign-only
GRK6,2870,0,4,56,60,Benign-only
GRK7,131890,0,1,86,87,Benign-only
GRM1,2911,10,190,222,422,Multiclass
GRM2,2912,0,10,106,116,Benign-only
GRM3,2913,0,10,46,56,Benign-only
GRM4,2914,0,11,122,133,Benign-only
GRM5,2915,0,43,124,167,Benign-only
GRM6,2916,62,385,435,882,Multiclass
GRM7,2917,7,143,150,300,Multiclass
GRM7;GRM7-AS1,-1,0,0,1,1,VUS/Other-only
GRM7;GRM7-AS1;LOC132088980,-1,0,0,1,1,VUS/Other-only
GRM7;GRM7-AS2;GRM7-AS3;LOC105376944;LOC126806596;LOC129389018;LOC129936106;LOC132088977;LOC132088979,-1,0,0,1,1,VUS/Other-only
GRM7;GRM7-AS2;GRM7-AS3;LOC105376944;LOC129389018;LOC129936106;LOC132088977;LOC132088979,-1,0,0,1,1,VUS/Other-only
GRM8,2918,0,31,105,136,Benign-only
GRN,2896,121,262,343,726,Multiclass
GRP,2922,0,3,15,18,Benign-only
GRPEL1,80273,0,1,28,29,Benign-only
GRPEL2,134266,0,4,30,34,Benign-only
GRPR,2925,0,11,34,45,Benign-only
GRSF1,2926,0,8,68,76,Benign-only
GRTP1,79774,0,22,68,90,Benign-only
GRWD1,83743,2,3,91,96,Multiclass
GRXCR1,389207,13,57,85,155,Multiclass
GRXCR2,643226,5,41,56,102,Multiclass
GSAP,54103,0,15,99,114,Benign-only
GSC,145258,0,57,58,115,Benign-only
GSC2,2928,0,1,53,54,Benign-only
GSDMA,284110,0,7,49,56,Benign-only
GSDMB,55876,0,10,43,53,Benign-only
GSDMC,56169,0,8,60,68,Benign-only
GSDMD,79792,0,16,89,105,Benign-only
GSDME,1687,6,185,212,403,Multiclass
GSE1,23199,0,32,377,409,Benign-only
GSG1,83445,0,13,51,64,Benign-only
GSG1L,146395,0,0,26,26,VUS/Other-only
GSK3A,2931,0,2,34,36,Benign-only
GSK3B,2932,5,24,31,60,Multiclass
GSKIP,51527,0,4,15,19,Benign-only
GSN,2934,4,386,500,890,Multiclass
GSPT1,2935,0,1,71,72,Benign-only
GSPT2,23708,0,4,37,41,Benign-only
GSR,2936,5,91,127,223,Multiclass
GSR;LOC130000170,-1,0,0,1,1,VUS/Other-only
GSS,2937,55,245,144,444,Multiclass
GSTA1,2938,0,3,29,32,Benign-only
GSTA2,2939,0,6,26,32,Benign-only
GSTA3,2940,0,3,30,33,Benign-only
GSTA4,2941,0,2,22,24,Benign-only
GSTA5,221357,0,1,30,31,Benign-only
GSTCD,79807,0,3,71,74,Benign-only
GSTK1,373156,0,6,40,46,Benign-only
GSTM1,2944,0,6,12,18,Benign-only
GSTM2,2946,0,3,17,20,Benign-only
GSTM2;GSTM4,-1,0,1,0,1,Benign-only
GSTM3,2947,0,0,21,21,VUS/Other-only
GSTM4,2948,0,1,32,33,Benign-only
GSTM5,2949,0,8,29,37,Benign-only
GSTO1,9446,0,5,27,32,Benign-only
GSTO2,119391,0,1,31,32,Benign-only
GSTP1,2950,0,21,18,39,Benign-only
GSTT1,2952,0,1,14,15,Benign-only
GSTT2,2953,1,0,10,11,Pathogenic-only
GSTT2B,653689,0,2,6,8,Benign-only
GSTT4,25774,0,2,0,2,Benign-only
GSTZ1,2954,5,5,29,40,Multiclass
GSX1,219409,0,3,45,48,Benign-only
GSX2,170825,0,11,37,48,Benign-only
GTDC1,79712,0,5,31,36,Benign-only
GTF2A1,2957,0,0,25,25,VUS/Other-only
GTF2A1L,11036,0,1,34,35,Benign-only
GTF2A2,2958,0,0,9,9,VUS/Other-only
GTF2B,2959,0,0,14,14,VUS/Other-only
GTF2E1,2960,0,2,49,51,Benign-only
GTF2E2,2961,1,104,74,179,Multiclass
GTF2F1,2962,0,7,90,97,Benign-only
GTF2F2,2963,0,1,26,27,Benign-only
GTF2H1,2965,0,2,67,69,Benign-only
GTF2H2,2966,0,1,19,20,Benign-only
GTF2H2;LINC02197;LOC111089946;NAIP;SERF1A;SMN-AS1;SMN1;SNORD13B-2,-1,0,1,0,1,Benign-only
GTF2H2;LOC111089946;NAIP;SERF1A;SMN-AS1;SMN1;SNORD13B-2,-1,0,2,0,2,Benign-only
GTF2H2C;LOC101928924;MARVELD2;OCLN;SNORD13B-1,-1,0,1,0,1,Benign-only
GTF2H3,2967,0,2,30,32,Benign-only
GTF2H4,2968,0,3,42,45,Benign-only
GTF2H5,404672,7,27,30,64,Multiclass
GTF2I,2969,0,12,52,64,Benign-only
GTF2IRD1,9569,1,60,128,189,Multiclass
GTF2IRD2,84163,0,9,20,29,Benign-only
GTF2IRD2B,389524,0,3,28,31,Benign-only
GTF3A,2971,0,3,45,48,Benign-only
GTF3C1,2975,1,35,241,277,Multiclass
GTF3C2,2976,0,5,92,97,Benign-only
GTF3C3,9330,3,7,76,86,Multiclass
GTF3C4,9329,0,4,69,73,Benign-only
GTF3C5,9328,0,11,93,104,Benign-only
GTF3C6,112495,0,1,25,26,Benign-only
GTPBP1,9567,1,3,64,68,Multiclass
GTPBP10,85865,0,2,46,48,Benign-only
GTPBP2,54676,7,104,72,183,Multiclass
GTPBP3,84705,44,293,259,596,Multiclass
GTPBP4,23560,0,5,85,90,Benign-only
GTPBP8,29083,0,3,44,47,Benign-only
GTSE1,51512,0,34,120,154,Benign-only
GTSF1,121355,2,2,11,15,Multiclass
GTSF1L,149699,0,2,19,21,Benign-only
GUCA1A,2978,7,76,96,179,Multiclass
GUCA1A;CIMIP3;GUCA1ANB-GUCA1A,-1,0,0,1,1,VUS/Other-only
GUCA1A;GUCA1ANB-GUCA1A,-1,12,6,30,48,Multiclass
GUCA1A;GUCA1ANB-GUCA1A;CIMIP3,-1,0,0,2,2,VUS/Other-only
GUCA1A;GUCA1ANB-GUCA1A;GUCA1B,-1,1,0,0,1,Pathogenic-only
GUCA1ANB-GUCA1A,118142757,0,0,4,4,VUS/Other-only
GUCA1ANB-GUCA1A;CIMIP3;GUCA1A,-1,0,0,2,2,VUS/Other-only
GUCA1ANB-GUCA1A;GUCA1A,-1,5,9,8,22,Multiclass
GUCA1ANB-GUCA1A;GUCA1A;CIMIP3,-1,0,0,1,1,VUS/Other-only
GUCA1B,2979,0,88,136,224,Benign-only
GUCA1C,9626,0,3,32,35,Benign-only
GUCA2A,2980,0,1,16,17,Benign-only
GUCA2B,2981,0,4,10,14,Benign-only
GUCD1,83606,0,0,30,30,VUS/Other-only
GUCY1A1,2982,9,50,93,152,Multiclass
GUCY1A2,2977,0,1,82,83,Benign-only
GUCY1B1,2983,0,0,42,42,VUS/Other-only
GUCY2C,2984,10,389,548,947,Multiclass
GUCY2C;GUCY2C-AS1,-1,0,0,1,1,VUS/Other-only
GUCY2D,3000,196,699,648,1543,Multiclass
GUCY2F,2986,0,14,96,110,Benign-only
GUF1,60558,0,165,304,469,Benign-only
GUK1,2987,1,3,42,46,Multiclass
GULP1,51454,0,1,26,27,Benign-only
GUSB,2990,100,394,216,710,Multiclass
GVQW3,100506127,0,1,0,1,Benign-only
GXYLT1,283464,0,18,48,66,Benign-only
GXYLT1;LOC129390439;LOC130007692;LOC130007693;LOC130007694;YAF2,-1,0,1,0,1,Benign-only
GXYLT2,727936,0,3,80,83,Benign-only
GYG1,2992,39,164,145,348,Multiclass
GYG2,8908,0,138,86,224,Benign-only
GYG2;LOC126863189;XG,-1,0,0,1,1,VUS/Other-only
GYPA,2993,0,3,16,19,Benign-only
GYPB,2994,0,3,12,15,Benign-only
GYPC,2995,0,20,47,67,Benign-only
GYPE,2996,0,3,11,14,Benign-only
GYS1,2997,41,331,337,709,Multiclass
GYS2,2998,46,153,149,348,Multiclass
GZF1,64412,11,123,153,287,Multiclass
GZMA,3001,0,5,30,35,Benign-only
GZMB,3002,0,9,41,50,Benign-only
GZMH,2999,0,6,39,45,Benign-only
GZMK,3003,0,7,31,38,Benign-only
GZMM,3004,0,5,44,49,Benign-only
H1-0,3005,0,3,24,27,Benign-only
H1-1,3024,0,9,72,81,Benign-only
H1-10,8971,0,0,32,32,VUS/Other-only
H1-2,3006,0,5,126,131,Benign-only
H1-3,3007,0,10,107,117,Benign-only
H1-4,3008,34,92,105,231,Multiclass
H1-5,3009,0,0,59,59,VUS/Other-only
H1-6,3010,0,9,87,96,Benign-only
H1-7,341567,0,1,58,59,Benign-only
H1-8,132243,0,12,62,74,Benign-only
H19,283120,0,10,5,15,Benign-only
H19;HOTS;MRPL23,-1,0,1,1,2,Benign-only
H19;MRPL23,-1,0,1,0,1,Benign-only
H2AB1,474382,0,2,14,16,Benign-only
H2AC1,221613,0,1,30,31,Benign-only
H2AC11,8969,0,0,17,17,VUS/Other-only
H2AC12,85235,0,0,33,33,VUS/Other-only
H2AC13,8329,0,0,14,14,VUS/Other-only
H2AC14,8331,0,0,19,19,VUS/Other-only
H2AC15,8330,0,0,31,31,VUS/Other-only
H2AC16,8332,0,1,24,25,Benign-only
H2AC17,8336,0,0,26,26,VUS/Other-only
H2AC20,8338,0,0,7,7,VUS/Other-only
H2AC21,317772,0,6,19,25,Benign-only
H2AC25,92815,0,0,28,28,VUS/Other-only
H2AC4,8335,0,1,37,38,Benign-only
H2AC6,8334,0,1,12,13,Benign-only
H2AC7,3013,0,0,33,33,VUS/Other-only
H2AC8,3012,0,0,11,11,VUS/Other-only
H2AJ,55766,0,0,12,12,VUS/Other-only
H2AL3,115482686,0,1,0,1,Benign-only
H2AP,25763,0,4,12,16,Benign-only
H2AX,3014,0,1,8,9,Benign-only
H2AZ1,3015,0,0,5,5,VUS/Other-only
H2BC1,255626,0,1,38,39,Benign-only
H2BC10,8346,0,0,22,22,VUS/Other-only
H2BC11,8970,0,0,26,26,VUS/Other-only
H2BC12,85236,0,0,18,18,VUS/Other-only
H2BC12L,54145,0,1,0,1,Benign-only
H2BC13,8340,0,0,12,12,VUS/Other-only
H2BC14,8342,0,4,21,25,Benign-only
H2BC15,8341,0,0,12,12,VUS/Other-only
H2BC17,8348,0,1,13,14,Benign-only
H2BC18,440689,0,1,11,12,Benign-only
H2BC21,8349,0,0,20,20,VUS/Other-only
H2BC26,128312,0,0,21,21,VUS/Other-only
H2BC3,3018,0,0,24,24,VUS/Other-only
H2BC4,8347,0,0,19,19,VUS/Other-only
H2BC5,3017,0,0,15,15,VUS/Other-only
H2BC6,8344,0,0,27,27,VUS/Other-only
H2BC7,8343,0,0,28,28,VUS/Other-only
H2BC7;H2BC6,-1,0,1,0,1,Benign-only
H2BC8,8339,0,0,14,14,VUS/Other-only
H2BC9,8345,0,0,21,21,VUS/Other-only
H2BW1,158983,0,4,38,42,Benign-only
H2BW1;H2BW2;LOC126863297;LOC130068514;PLP1;RAB9B;TMSB15B;TMSB15B-AS1,-1,0,0,1,1,VUS/Other-only
H2BW2,286436,0,3,43,46,Benign-only
H3-3A,3020,17,5,29,51,Multiclass
H3-3B,3021,15,3,14,32,Multiclass
H3-4,8290,0,2,49,51,Benign-only
H3-5,440093,0,0,28,28,VUS/Other-only
H3-7,440686,0,2,0,2,Benign-only
H3C1,8350,0,1,44,45,Benign-only
H3C10,8357,0,0,7,7,VUS/Other-only
H3C11,8354,0,0,16,16,VUS/Other-only
H3C12,8356,0,0,12,12,VUS/Other-only
H3C13,653604,0,2,20,22,Benign-only
H3C2,8358,0,3,9,12,Benign-only
H3C2;LOC129996006,-1,0,0,0,1,VUS/Other-only
H3C3,8352,0,0,13,13,VUS/Other-only
H3C4,8351,0,1,15,16,Benign-only
H3C6,8353,0,0,35,35,VUS/Other-only
H3C7,8968,0,0,5,5,VUS/Other-only
H3C8,8355,0,0,25,25,VUS/Other-only
H4C1,8359,0,0,13,13,VUS/Other-only
H4C11,8363,2,6,16,24,Multiclass
H4C12,8362,0,3,17,20,Benign-only
H4C13,8368,0,0,18,18,VUS/Other-only
H4C16,121504,0,0,12,12,VUS/Other-only
H4C2,8366,0,6,44,50,Benign-only
H4C3,8364,8,8,38,54,Multiclass
H4C4,8360,0,2,34,36,Benign-only
H4C5,8367,6,7,31,44,Multiclass
H4C6,8361,0,1,22,23,Benign-only
H4C7,8369,0,0,29,29,VUS/Other-only
H4C8,8365,0,0,17,17,VUS/Other-only
H4C9,8294,0,3,26,29,Benign-only
H6PD,9563,4,119,181,304,Multiclass
HAAO,23498,10,8,49,67,Multiclass
HABP2,3026,0,92,170,262,Benign-only
HABP2;NRAP,-1,0,2,0,2,Benign-only
HABP4,22927,0,3,64,67,Benign-only
HACD1,9200,12,88,81,181,Multiclass
HACD2,201562,0,1,20,21,Benign-only
HACD3,51495,0,1,52,53,Benign-only
HACD4,401494,0,2,46,48,Benign-only
HACE1,57531,33,163,119,315,Multiclass
HACE1;LOC110121109;LOC113121300;LOC129389593,-1,0,0,1,1,VUS/Other-only
HACL1,26061,0,10,104,114,Benign-only
HACL2,10994,0,4,1,5,Benign-only
HADH,3033,29,192,97,319,Multiclass
HADHA,3030,222,612,238,1072,Multiclass
HADHA;GAREM2,-1,0,0,1,1,VUS/Other-only
HADHB,3032,96,324,160,580,Multiclass
HAGH,3029,0,2,49,51,Benign-only
HAGHL,84264,0,3,64,67,Benign-only
HAL,3034,1,26,161,191,Multiclass
HAMP,57817,4,56,21,81,Multiclass
HAND1,9421,0,60,117,177,Benign-only
HAND2,9464,1,19,54,74,Multiclass
HAO1,54363,1,1,58,60,Multiclass
HAO1;LOC112694729;LOC126862966;LOC130065405;TMX4,-1,0,0,1,1,VUS/Other-only
HAO2,51179,0,5,49,54,Benign-only
HAP1,9001,0,16,107,123,Benign-only
HAPLN1,1404,0,2,48,50,Benign-only
HAPLN2,60484,0,2,43,45,Benign-only
HAPLN3,145864,0,4,98,102,Benign-only
HAPLN4,404037,0,2,65,67,Benign-only
HARBI1,283254,0,2,46,48,Benign-only
HARS1,3035,7,247,378,632,Multiclass
HARS1;LOC129994848;HARS2,-1,0,0,1,1,VUS/Other-only
HARS2,23438,19,96,142,257,Multiclass
HARS2;LOC129994848;HARS1,-1,0,0,1,1,VUS/Other-only
HAS1,3036,0,5,108,113,Benign-only
HAS2,3037,0,2,31,33,Benign-only
HAS3,3038,0,4,61,65,Benign-only
HASPIN,83903,0,12,130,142,Benign-only
HAT1,8520,0,0,32,32,VUS/Other-only
HAUS1,115106,0,1,45,46,Benign-only
HAUS2,55142,0,1,33,34,Benign-only
HAUS3,79441,0,2,91,93,Benign-only
HAUS4,54930,0,3,44,47,Benign-only
HAUS5,23354,0,13,120,133,Benign-only
HAUS6,54801,0,10,140,150,Benign-only
HAUS7,55559,0,23,44,67,Benign-only
HAUS8,93323,0,6,62,68,Benign-only
HAVCR1,26762,0,17,46,63,Benign-only
HAVCR2,84868,0,21,42,63,Benign-only
HAX1,10456,60,281,339,680,Multiclass
HBA-LCR;HBM;HBZ;NPRL3,-1,0,1,0,1,Benign-only
HBA-LCR;NPRL3,-1,0,0,1,1,VUS/Other-only
HBA1,3039,118,36,68,222,Multiclass
HBA1;HBA2;HBM;HBQ1;HBZ;LOC106804612;LOC106804613,-1,1,0,0,1,Pathogenic-only
HBA1;HBA2;HBM;HBQ1;LOC106804612;LOC106804613,-1,1,0,0,1,Pathogenic-only
HBA1;HBA2;HBM;HBQ1;LOC106804612;LOC106804613;LOC130058090;LOC130058091,-1,1,0,0,1,Pathogenic-only
HBA1;HBA2;LOC106804612,-1,3,0,0,3,Pathogenic-only
HBA1;HBA2;LOC106804612;LOC106804613,-1,1,0,0,1,Pathogenic-only
HBA1;LOC106804613,-1,2,5,3,10,Multiclass
HBA2,3040,156,33,84,273,Multiclass
HBA2;LOC106804612,-1,1,9,3,13,Multiclass
HBB,3043,270,846,260,1376,Multiclass
HBB;HBD;LOC106099062;LOC106099063;LOC107133510;LOC110006319,-1,1,0,0,1,Pathogenic-only
HBB;LOC106099062;LOC107133510,-1,2,0,1,3,Pathogenic-only
HBB;LOC107133510;LOC106099062,-1,0,1,0,1,Benign-only
HBB;LOC107133510;LOC110006319,-1,0,2,1,3,Benign-only
HBD,3045,2,4,30,36,Multiclass
HBE1,3046,0,1,16,17,Benign-only
HBEGF,1839,0,1,17,18,Benign-only
HBG1,3047,0,11,10,21,Benign-only
HBG1;LOC106099064,-1,0,2,1,3,Benign-only
HBG2,3048,5,8,15,28,Multiclass
HBG2;LOC106099065,-1,0,1,0,1,Benign-only
HBM,3042,0,0,25,25,VUS/Other-only
HBP1,26959,0,1,54,55,Benign-only
HBQ1,3049,0,1,24,25,Benign-only
HBQ1;HBA1;LOC106804613;LOC130058090;LOC130058091,-1,1,0,0,1,Pathogenic-only
HBS1L,10767,0,5,67,72,Benign-only
HBZ,3050,0,1,13,14,Benign-only
HCAR1,27198,0,1,69,70,Benign-only
HCAR2,338442,0,3,60,63,Benign-only
HCAR3,8843,0,9,52,61,Benign-only
HCCS,3052,9,45,33,87,Multiclass
HCCS-DT,121847985,1,0,0,1,Pathogenic-only
HCCS-DT;LOC121853050;LOC130067936;MID1,-1,1,0,0,1,Pathogenic-only
HCCS;HCCS-DT;LOC130067938,-1,1,0,0,1,Pathogenic-only
HCFC1,3054,10,1037,395,1442,Multiclass
HCFC1R1,54985,0,1,27,28,Benign-only
HCFC2,29915,0,3,52,55,Benign-only
HCG4;LOC554223,-1,0,0,2,2,VUS/Other-only
HCK,3055,1,27,68,96,Multiclass
HCLS1,3059,0,8,74,82,Benign-only
HCN1,348980,33,455,564,1052,Multiclass
HCN1;LOC126807381;LOC126807382,-1,0,0,1,1,VUS/Other-only
HCN1;LOC126807382,-1,0,0,1,1,VUS/Other-only
HCN2,610,9,75,258,342,Multiclass
HCN2;POLRMT,-1,1,0,0,1,Pathogenic-only
HCN3,57657,0,3,109,112,Benign-only
HCN4,10021,15,912,1253,2180,Multiclass
HCRT,3060,0,2,20,22,Benign-only
HCRTR1,3061,0,6,54,60,Benign-only
HCRTR2,3062,0,3,44,47,Benign-only
HCST,10870,0,0,9,9,VUS/Other-only
HDAC1,3065,1,3,31,35,Multiclass
HDAC10,83933,0,6,110,116,Benign-only
HDAC11,79885,0,4,48,52,Benign-only
HDAC2,3066,0,4,25,29,Benign-only
HDAC3,8841,2,7,25,34,Multiclass
HDAC4,9759,10,358,276,644,Multiclass
HDAC5,10014,0,16,131,147,Benign-only
HDAC6,10013,1,47,93,141,Multiclass
HDAC7,51564,0,13,147,160,Benign-only
HDAC8,55869,89,167,108,364,Multiclass
HDAC9,9734,0,20,95,115,Benign-only
HDC,3067,2,13,70,85,Multiclass
HDDC2,51020,0,3,32,35,Benign-only
HDDC3,374659,0,1,17,18,Benign-only
HDGF,3068,0,1,31,32,Benign-only
HDGFL1,154150,0,1,53,54,Benign-only
HDGFL2,84717,0,1,7,8,Benign-only
HDHD2,84064,0,1,36,37,Benign-only
HDHD3,81932,0,1,46,47,Benign-only
HDHD5,27440,0,12,82,94,Benign-only
HDLBP,3069,0,22,126,148,Benign-only
HDX,139324,0,8,57,65,Benign-only
HEATR1,55127,0,38,282,320,Benign-only
HEATR3,55027,3,11,78,92,Multiclass
HEATR4,399671,0,19,164,183,Benign-only
HEATR5A,25938,0,8,310,318,Benign-only
HEATR5B,54497,3,8,243,254,Multiclass
HEATR6,63897,0,5,176,181,Benign-only
HEATR9,256957,0,8,74,82,Benign-only
HEBP1,50865,0,0,22,22,VUS/Other-only
HEBP2,23593,0,1,30,31,Benign-only
HECA,51696,0,1,54,55,Benign-only
HECTD1,25831,3,21,260,284,Multiclass
HECTD2,143279,0,10,54,64,Benign-only
HECTD3,79654,0,8,106,114,Benign-only
HECTD4,283450,8,43,447,498,Multiclass
HECTD4;LOC130008808;LOC130008809;LOC130008810;PTPN11;RPH3A;RPL6,-1,1,0,0,1,Pathogenic-only
HECTD4;LOC130008809;LOC130008810;MIR1302-1;PTPN11;RPH3A;RPL6,-1,1,0,0,1,Pathogenic-only
HECW1,23072,0,8,198,206,Benign-only
HECW2,57520,36,154,320,510,Multiclass
HECW2;LOC129935324;LOC129935325,-1,1,0,0,1,Pathogenic-only
HEG1,57493,0,26,192,218,Benign-only
HELB,92797,0,15,157,172,Benign-only
HELLS,3070,15,282,160,457,Multiclass
HELQ,113510,0,13,130,143,Benign-only
HELT,391723,0,2,48,50,Benign-only
HELZ,9931,1,10,198,209,Multiclass
HELZ2,85441,0,77,551,628,Benign-only
HEMGN,55363,0,3,60,63,Benign-only
HEMK1,51409,0,5,43,48,Benign-only
HEMK2,29104,0,2,19,21,Benign-only
HENMT1,113802,0,10,56,66,Benign-only
HEPACAM,220296,20,102,176,298,Multiclass
HEPACAM2,253012,0,6,58,64,Benign-only
HEPH,9843,0,15,131,146,Benign-only
HEPHL1,341208,5,22,185,212,Multiclass
HEPN1,641654,0,1,0,1,Benign-only
HERC1,8925,50,858,843,1751,Multiclass
HERC2,8924,24,269,854,1147,Multiclass
HERC3,8916,0,3,90,93,Benign-only
HERC4,26091,0,5,69,74,Benign-only
HERC5,51191,0,17,123,140,Benign-only
HERC6,55008,0,16,133,149,Benign-only
HERPUD1,9709,1,3,48,52,Multiclass
HERPUD2,64224,0,0,48,48,VUS/Other-only
HES1,3280,0,2,30,32,Benign-only
HES2,54626,0,0,27,27,VUS/Other-only
HES3,390992,0,2,27,29,Benign-only
HES4,57801,0,0,66,66,VUS/Other-only
HES5,388585,0,2,29,31,Benign-only
HES6,55502,0,0,37,37,VUS/Other-only
HES7,84667,3,58,78,139,Multiclass
HESX1,8820,16,28,72,116,Multiclass
HEXA,3073,306,522,353,1181,Multiclass
HEXB,3074,219,435,188,842,Multiclass
HEXD,284004,0,24,107,131,Benign-only
HEXIM1,10614,0,2,37,39,Benign-only
HEXIM2,124790,0,1,43,44,Benign-only
HEXIM2;HEXIM2-AS2,-1,0,0,1,1,VUS/Other-only
HEY1,23462,0,9,36,45,Benign-only
HEY2,23493,1,5,49,55,Multiclass
HEYL,26508,0,4,58,62,Benign-only
HFE,3077,42,148,120,310,Multiclass
HFM1,164045,9,23,178,210,Multiclass
HGD,3081,149,195,132,476,Multiclass
HGF,3082,7,153,141,301,Multiclass
HGFAC,3083,0,13,165,178,Benign-only
HGH1,51236,0,0,5,5,VUS/Other-only
HGS,9146,0,16,112,128,Benign-only
HGSNAT,138050,178,653,387,1218,Multiclass
HHAT,55733,5,61,95,161,Multiclass
HHATL,57467,0,1,78,79,Benign-only
HHEX,3087,0,1,29,30,Benign-only
HHIP,64399,0,3,76,79,Benign-only
HHIPL1,84439,0,6,152,158,Benign-only
HHIPL2,79802,0,8,125,133,Benign-only
HHLA1,10086,0,9,87,96,Benign-only
HHLA2,11148,0,5,52,57,Benign-only
HIBADH,11112,0,1,43,44,Benign-only
HIBCH,26275,41,124,91,256,Multiclass
HIC1,3090,0,10,91,101,Benign-only
HIC2,23119,0,7,98,105,Benign-only
HID1,283987,7,9,124,140,Multiclass
HIF1A,3091,6,24,83,113,Multiclass
HIF1AN,55662,0,2,24,26,Benign-only
HIF3A,64344,0,23,123,146,Benign-only
HIGD1A,25994,0,1,14,15,Benign-only
HIGD1B,51751,0,3,18,21,Benign-only
HIGD1C,613227,0,1,10,11,Benign-only
HIGD2A,192286,0,1,9,10,Benign-only
HIKESHI,51501,5,38,19,62,Multiclass
HILPDA,29923,0,2,8,10,Benign-only
HINFP,25988,0,2,53,55,Benign-only
HINT1,3094,23,55,53,131,Multiclass
HINT2,84681,0,5,23,28,Benign-only
HINT3,135114,0,0,26,26,VUS/Other-only
HIP1,3092,0,33,130,163,Benign-only
HIP1R,9026,0,14,186,200,Benign-only
HIPK1,204851,0,5,113,118,Benign-only
HIPK2,28996,0,7,35,42,Benign-only
HIPK3,10114,0,5,140,145,Benign-only
HIPK4,147746,1,12,94,107,Multiclass
HIRA,7290,0,58,106,164,Benign-only
HIRIP3,8479,0,4,89,93,Benign-only
HIVEP1,3096,0,74,377,451,Benign-only
HIVEP2,3097,75,661,631,1367,Multiclass
HIVEP3,59269,0,23,4,27,Benign-only
HJURP,55355,0,22,108,130,Benign-only
HJV,148738,75,225,128,428,Multiclass
HK1,3098,35,349,418,802,Multiclass
HK2,3099,0,9,120,129,Benign-only
HK3,3101,0,23,193,216,Benign-only
HKDC1,80201,5,11,172,188,Multiclass
HLA-A,3105,1,5,2,8,Multiclass
HLA-B,3106,0,18,1,19,Benign-only
HLA-C,3107,0,8,0,8,Benign-only
HLA-DMA,3108,0,2,0,2,Benign-only
HLA-DOA,3111,0,2,0,2,Benign-only
HLA-DPA1,3113,0,3,0,3,Benign-only
HLA-DPB1,3115,0,9,1,10,Benign-only
HLA-DQA1,3117,0,12,0,12,Benign-only
HLA-DQB1,3119,1,8,0,9,Multiclass
HLA-DQB2,3120,0,2,0,2,Benign-only
HLA-DRA,3122,0,2,0,2,Benign-only
HLA-DRB1,3123,1,21,7,29,Multiclass
HLA-DRB5,3127,0,13,0,13,Benign-only
HLA-E,3133,0,1,0,1,Benign-only
HLA-F,3134,0,2,0,2,Benign-only
HLA-G,3135,0,6,0,6,Benign-only
HLCS,3141,189,533,278,1000,Multiclass
HLF,3131,0,1,25,26,Benign-only
HLTF,6596,0,18,118,136,Benign-only
HLX,3142,0,3,81,84,Benign-only
HM13,81502,0,0,42,42,VUS/Other-only
HMBOX1,79618,0,0,27,27,VUS/Other-only
HMBS,3145,150,269,270,689,Multiclass
HMCES,56941,0,4,58,62,Benign-only
HMCN1,83872,0,1364,2276,3640,Benign-only
HMCN2,256158,0,33,2,35,Benign-only
HMG20A,10363,0,2,44,46,Benign-only
HMG20B,10362,0,1,41,42,Benign-only
HMGA1,3159,0,3,7,10,Benign-only
HMGA2,8091,7,10,19,36,Multiclass
HMGB1,3146,5,7,10,22,Multiclass
HMGB2,3148,0,0,10,10,VUS/Other-only
HMGB3,3149,0,5,17,22,Benign-only
HMGB4,127540,0,1,29,30,Benign-only
HMGCL,3155,96,294,127,517,Multiclass
HMGCLL1,54511,0,1,53,54,Benign-only
HMGCR,3156,5,3,54,62,Multiclass
HMGCS1,3157,6,3,24,33,Multiclass
HMGCS2,3158,52,125,140,317,Multiclass
HMGN1,3150,0,2,24,26,Benign-only
HMGN3,9324,0,2,14,16,Benign-only
HMGN4,10473,0,0,13,13,VUS/Other-only
HMGN5,79366,0,5,10,15,Benign-only
HMGXB3,22993,0,13,173,186,Benign-only
HMGXB4,10042,0,1,55,56,Benign-only
HMHB1,57824,0,1,4,5,Benign-only
HMMR,3161,1,10,103,114,Multiclass
HMOX1,3162,22,181,103,306,Multiclass
HMOX2,3163,0,4,41,45,Benign-only
HMSD,284293,0,2,21,23,Benign-only
HMX1,3166,1,147,232,380,Multiclass
HMX2,3167,0,3,43,46,Benign-only
HMX3,340784,0,0,44,44,VUS/Other-only
HNF1A,6927,381,319,417,1122,Multiclass
HNF1B,6928,274,221,281,783,Multiclass
HNF4A,3172,157,210,275,642,Multiclass
HNF4G,3174,0,2,49,51,Benign-only
HNMT,3176,2,15,36,53,Multiclass
HNMT;LINC01832;LOC101928273;LOC122819161;LOC129934856;THSD7B,-1,0,0,1,1,VUS/Other-only
HNRNPA0,10949,0,1,20,21,Benign-only
HNRNPA1,3178,4,27,46,77,Multiclass
HNRNPA1L2,144983,0,0,49,49,VUS/Other-only
HNRNPA2B1,3181,2,287,96,385,Multiclass
HNRNPA2B1;NFE2L3,-1,0,3,0,3,Benign-only
HNRNPA3,220988,0,0,16,16,VUS/Other-only
HNRNPAB,3182,0,1,41,42,Benign-only
HNRNPC,3183,2,2,27,31,Multiclass
HNRNPCL1,343069,0,7,45,52,Benign-only
HNRNPCL2,440563,0,6,52,58,Benign-only
HNRNPD,3184,4,8,37,49,Multiclass
HNRNPDL,9987,3,203,277,483,Multiclass
HNRNPF,3185,0,1,21,22,Benign-only
HNRNPH1,3187,6,14,64,84,Multiclass
HNRNPH2,3188,12,23,42,77,Multiclass
HNRNPH2;RPL36A-HNRNPH2;GLA,-1,1,0,0,1,Pathogenic-only
HNRNPH3,3189,0,0,23,23,VUS/Other-only
HNRNPK,3190,76,140,101,317,Multiclass
HNRNPK;HNRNPK-AS1,-1,1,0,2,3,Pathogenic-only
HNRNPL,3191,0,6,56,62,Benign-only
HNRNPLL,92906,0,0,42,42,VUS/Other-only
HNRNPM,4670,0,5,87,92,Benign-only
HNRNPR,10236,5,10,73,88,Multiclass
HNRNPU,3192,146,600,358,1104,Multiclass
HNRNPUL1,11100,0,1,76,77,Benign-only
HNRNPUL2,221092,4,2,104,110,Multiclass
HOATZ,399949,0,0,2,2,VUS/Other-only
HOGA1,112817,135,236,147,518,Multiclass
HOMER1,9456,0,5,22,27,Benign-only
HOMER2,9455,2,106,95,203,Multiclass
HOMER3,9454,0,5,67,72,Benign-only
HOMEZ,57594,0,6,86,92,Benign-only
HOOK1,51361,0,5,95,100,Benign-only
HOOK2,29911,0,7,127,134,Benign-only
HOOK3,84376,0,2,53,55,Benign-only
HOPX,84525,0,5,19,24,Benign-only
HORMAD1,84072,1,4,30,35,Multiclass
HORMAD2,150280,0,3,26,29,Benign-only
HOXA1,3198,3,30,77,110,Multiclass
HOXA10,3206,0,2,81,83,Benign-only
HOXA11,3207,0,10,60,70,Benign-only
HOXA13,3209,4,68,148,220,Multiclass
HOXA2,3199,2,6,82,90,Multiclass
HOXA3,3200,1,5,73,79,Multiclass
HOXA4,3201,0,13,81,94,Benign-only
HOXA5,3202,0,1,23,24,Benign-only
HOXA6,3203,0,0,32,32,VUS/Other-only
HOXA7,3204,0,1,44,45,Benign-only
HOXA9,3205,0,1,59,60,Benign-only
HOXB-AS3;HOXB6;LOC130061088,-1,0,0,1,1,VUS/Other-only
HOXB1,3211,0,15,45,60,Benign-only
HOXB13,10481,1,379,876,1256,Multiclass
HOXB2,3212,0,2,66,68,Benign-only
HOXB3,3213,0,1,76,77,Benign-only
HOXB4,3214,0,0,43,43,VUS/Other-only
HOXB5,3215,0,0,30,30,VUS/Other-only
HOXB6,3216,0,7,37,44,Benign-only
HOXB7,3217,0,3,48,51,Benign-only
HOXB8,3218,0,1,26,27,Benign-only
HOXB9,3219,0,3,40,43,Benign-only
HOXC10,3226,0,1,49,50,Benign-only
HOXC11,3227,0,2,51,53,Benign-only
HOXC12,3228,0,3,43,46,Benign-only
HOXC13,3229,2,15,72,89,Multiclass
HOXC4,3221,0,2,39,41,Benign-only
HOXC5,3222,0,2,38,40,Benign-only
HOXC6,3223,0,0,23,23,VUS/Other-only
HOXC8,3224,0,0,29,29,VUS/Other-only
HOXC9,3225,0,1,34,35,Benign-only
HOXD1,3231,0,1,46,47,Benign-only
HOXD10,3236,0,20,72,92,Benign-only
HOXD11,3237,0,5,66,71,Benign-only
HOXD12,3238,0,2,64,66,Benign-only
HOXD13,3239,20,36,101,157,Multiclass
HOXD3,3232,0,3,64,67,Benign-only
HOXD4,3233,0,3,36,39,Benign-only
HOXD8,3234,0,0,64,64,VUS/Other-only
HOXD9,3235,0,2,64,66,Benign-only
HP,3240,0,21,50,71,Benign-only
HP1BP3,50809,0,3,47,50,Benign-only
HPCA,3208,0,34,28,62,Benign-only
HPCAL1,3241,0,0,17,17,VUS/Other-only
HPCAL4,51440,0,0,21,21,VUS/Other-only
HPD,3242,38,273,119,430,Multiclass
HPDL,84842,24,14,59,97,Multiclass
HPF1,54969,0,1,1,2,Benign-only
HPGD,3248,23,78,89,190,Multiclass
HPGD;HPGD-AS2,-1,0,0,1,1,VUS/Other-only
HPGDS,27306,0,6,16,22,Benign-only
HPN,3249,0,3,61,64,Benign-only
HPR,3250,0,18,66,84,Benign-only
HPRT1,3251,84,102,63,249,Multiclass
HPS1,3257,190,677,326,1193,Multiclass
HPS1;MIR4685,-1,1,0,0,1,Pathogenic-only
HPS3,84343,279,725,334,1338,Multiclass
HPS4,89781,85,478,307,870,Multiclass
HPS4;LOC130067147,-1,0,1,1,2,Benign-only
HPS5,11234,124,609,380,1113,Multiclass
HPS6,79803,96,190,296,582,Multiclass
HPSE,10855,0,8,71,79,Benign-only
HPSE2,60495,19,99,149,267,Multiclass
HPX,3263,0,17,71,88,Benign-only
HR,55806,24,135,330,489,Multiclass
HRAS,3265,48,337,289,674,Multiclass
HRAS;LRRC56,-1,1,0,1,2,Pathogenic-only
HRC,3270,0,19,89,108,Benign-only
HRC;LOC130064904;PPFIA3;TRPM4,-1,0,0,1,1,VUS/Other-only
HRCT1,646962,0,11,49,60,Benign-only
HRG,3273,0,42,93,135,Benign-only
HRH1,3269,0,7,30,37,Benign-only
HRH2,3274,0,2,15,17,Benign-only
HRH3,11255,0,5,42,47,Benign-only
HRH4,59340,0,5,53,58,Benign-only
HRK,8739,0,1,19,20,Benign-only
HRNR,388697,0,54,4,58,Benign-only
HROB,78995,0,0,4,4,VUS/Other-only
HRURF,120766137,0,0,1,1,VUS/Other-only
HS1BP3,64342,0,11,66,77,Benign-only
HS2ST1,9653,1,10,42,53,Multiclass
HS3ST1,9957,0,1,50,52,Benign-only
HS3ST2,9956,0,0,29,29,VUS/Other-only
HS3ST3A1,9955,0,0,75,75,VUS/Other-only
HS3ST3B1,9953,0,4,63,67,Benign-only
HS3ST4,9951,0,1,62,63,Benign-only
HS3ST5,222537,0,0,40,40,VUS/Other-only
HS3ST6,64711,0,3,78,81,Benign-only
HS6ST1,9394,0,69,98,167,Benign-only
HS6ST1;LOC121725102,-1,0,0,1,1,VUS/Other-only
HS6ST2,90161,1,11,77,89,Multiclass
HS6ST2;HS6ST2-AS1;LOC126863321;LOC126863322;LOC130068716;MBNL3;RAP2C-AS1,-1,0,0,1,1,VUS/Other-only
HS6ST3,266722,0,2,80,82,Benign-only
HS6ST3;LINC00359;LOC121838581;LOC129390608;MIR4501,-1,0,0,1,1,VUS/Other-only
HS6ST3;MIR4501,-1,0,1,0,1,Benign-only
HSALR1;PIEZO1,-1,0,6,2,8,Benign-only
HSBP1,3281,0,7,9,16,Benign-only
HSBP1L1,440498,0,1,4,5,Benign-only
HSCB,150274,0,2,37,39,Benign-only
HSD11B1,3290,0,5,21,26,Benign-only
HSD11B1L,374875,0,2,42,44,Benign-only
HSD11B2,3291,16,62,111,189,Multiclass
HSD17B1,3292,0,8,70,78,Benign-only
HSD17B10,3028,15,100,56,171,Multiclass
HSD17B10;HUWE1;LOC121627973;MIR6857;RIBC1;SMC1A,-1,0,0,1,1,VUS/Other-only
HSD17B11,51170,0,4,27,31,Benign-only
HSD17B12,51144,0,2,44,46,Benign-only
HSD17B13,345275,0,8,38,46,Benign-only
HSD17B14,51171,0,2,36,38,Benign-only
HSD17B2,3294,0,16,73,89,Benign-only
HSD17B3,3293,57,206,60,323,Multiclass
HSD17B3;SLC35D2-HSD17B3,-1,1,0,0,1,Pathogenic-only
HSD17B4,3295,247,763,322,1332,Multiclass
HSD17B6,8630,0,4,43,47,Benign-only
HSD17B7,51478,0,7,46,53,Benign-only
HSD17B8,7923,0,2,29,31,Benign-only
HSD3B1,3283,0,12,59,72,Benign-only
HSD3B2,3284,87,223,88,398,Multiclass
HSD3B7,80270,27,49,105,181,Multiclass
HSD3B7;STX1B,-1,0,0,1,1,VUS/Other-only
HSDL1,83693,0,2,54,56,Benign-only
HSDL2,84263,0,8,32,40,Benign-only
HSF1,3297,0,8,67,75,Benign-only
HSF2,3298,0,1,46,47,Benign-only
HSF2BP,11077,2,7,47,56,Multiclass
HSF4,3299,15,53,113,181,Multiclass
HSF5,124535,0,5,48,53,Benign-only
HSFX3,101928917,0,1,0,1,Benign-only
HSFX4,101927685,0,2,0,2,Benign-only
HSH2D,84941,0,2,34,36,Benign-only
HSP90AA1,3320,0,6,59,65,Benign-only
HSP90AB1,3326,0,7,51,58,Benign-only
HSP90B1,7184,0,3,77,80,Benign-only
HSPA12A,259217,0,2,93,95,Benign-only
HSPA12B,116835,0,9,100,109,Benign-only
HSPA13,6782,0,1,49,50,Benign-only
HSPA14,51182,0,4,52,56,Benign-only
HSPA1A,3303,0,0,29,29,VUS/Other-only
HSPA1B,3304,0,2,23,25,Benign-only
HSPA1L,3305,0,11,96,107,Benign-only
HSPA2,3306,0,3,51,54,Benign-only
HSPA4,3308,0,12,76,88,Benign-only
HSPA4L,22824,0,10,95,105,Benign-only
HSPA5,3309,0,5,34,39,Benign-only
HSPA6,3310,0,6,108,114,Benign-only
HSPA8,3312,0,5,25,30,Benign-only
HSPA9,3313,3,25,75,103,Multiclass
HSPB1,3315,38,123,214,375,Multiclass
HSPB2,3316,0,2,24,26,Benign-only
HSPB3,8988,0,24,51,75,Benign-only
HSPB6,126393,0,1,24,25,Benign-only
HSPB7,27129,0,3,39,42,Benign-only
HSPB8,26353,13,92,157,262,Multiclass
HSPB9,94086,0,3,24,27,Benign-only
HSPBAP1,79663,0,6,56,62,Benign-only
HSPBP1,23640,0,7,58,65,Benign-only
HSPD1,3329,6,142,183,331,Multiclass
HSPE1,3336,0,0,4,4,VUS/Other-only
HSPE1-MOB4,100529241,0,0,1,1,VUS/Other-only
HSPE1;HSPE1-MOB4,-1,0,1,0,1,Benign-only
HSPG2,3339,112,1429,1646,3187,Multiclass
HSPG2;LDLRAD2,-1,0,0,1,1,VUS/Other-only
HSPG2;LOC126805655,-1,0,1,1,2,Benign-only
HSPH1,10808,0,12,80,92,Benign-only
HTATIP2,10553,0,1,39,40,Benign-only
HTATSF1,27336,0,5,61,66,Benign-only
HTN1,3346,0,1,5,6,Benign-only
HTN3,3347,0,2,3,5,Benign-only
HTR1A,3350,0,18,42,60,Benign-only
HTR1B,3351,0,5,32,37,Benign-only
HTR1D,3352,0,4,64,68,Benign-only
HTR1E,3354,0,4,31,35,Benign-only
HTR1F,3355,0,0,34,34,VUS/Other-only
HTR2A,3356,0,14,28,42,Benign-only
HTR2B,3357,0,8,61,69,Benign-only
HTR2C,3358,1,11,33,45,Multiclass
HTR3A,3359,0,12,84,96,Benign-only
HTR3B,9177,0,6,74,80,Benign-only
HTR3C,170572,0,16,56,72,Benign-only
HTR3D,200909,0,16,75,91,Benign-only
HTR3E,285242,0,16,66,82,Benign-only
HTR4,3360,0,9,52,61,Benign-only
HTR5A,3361,0,5,55,60,Benign-only
HTR6,3362,0,14,72,86,Benign-only
HTR7,3363,0,3,53,56,Benign-only
HTRA1,5654,35,115,181,331,Multiclass
HTRA2,27429,13,171,148,332,Multiclass
HTRA2;LOXL3,-1,0,1,0,1,Benign-only
HTRA3,94031,0,3,80,83,Benign-only
HTRA4,203100,0,4,65,69,Benign-only
HTT,3064,11,425,264,700,Multiclass
HUNK,30811,0,5,89,94,Benign-only
HUS1,3364,0,2,34,36,Benign-only
HUS1B,135458,0,10,61,71,Benign-only
HUWE1,10075,74,862,946,1882,Multiclass
HUWE1;LOC126863262;MIR98;MIRLET7F2,-1,0,0,1,1,VUS/Other-only
HUWE1;LOC126863263,-1,0,0,2,2,VUS/Other-only
HVCN1,84329,0,1,19,20,Benign-only
HYAL1,3373,52,209,133,394,Multiclass
HYAL2,8692,3,9,79,91,Multiclass
HYAL3,8372,0,8,57,65,Benign-only
HYAL4,23553,0,2,66,68,Benign-only
HYCC1,84668,19,153,189,361,Multiclass
HYCC1;KLHL7;KLHL7-DT;LOC126859965;LOC129998060;LOC129998061;LOC129998062;LOC129998063,-1,0,0,2,2,VUS/Other-only
HYCC2,285172,0,1,57,58,Benign-only
HYDIN,54768,73,191,328,592,Multiclass
HYI,81888,0,8,45,53,Benign-only
HYI;SZT2,-1,0,1,0,1,Benign-only
HYKK,123688,0,3,36,39,Benign-only
HYLS1,219844,23,124,53,200,Multiclass
HYLS1;PUS3,-1,1,0,6,7,Pathogenic-only
HYOU1,10525,0,306,519,825,Benign-only
HYPK,25764,0,5,17,22,Benign-only
IAH1,285148,0,0,41,41,VUS/Other-only
IAPP,3375,0,0,4,4,VUS/Other-only
IARS1,3376,28,189,245,462,Multiclass
IARS2,55699,25,313,268,606,Multiclass
IBA57,200205,32,115,161,308,Multiclass
IBSP,3381,0,3,45,48,Benign-only
IBTK,25998,0,8,120,128,Benign-only
ICA1,3382,0,6,81,87,Benign-only
ICA1L,130026,0,5,49,54,Benign-only
ICAM1,3383,0,19,69,88,Benign-only
ICAM2,3384,0,7,39,46,Benign-only
ICAM3,3385,0,10,77,87,Benign-only
ICAM4,3386,0,13,41,54,Benign-only
ICAM5,7087,0,4,87,91,Benign-only
ICE1,23379,0,43,297,340,Benign-only
ICE2,79664,0,15,145,160,Benign-only
ICE2;LOC130057196;LOC130057197;RORA;RORA-AS1,-1,1,0,0,1,Pathogenic-only
ICMT,23463,0,1,32,33,Benign-only
ICOS,29851,12,89,80,181,Multiclass
ICOSLG,23308,3,146,149,298,Multiclass
ID1,3397,0,1,37,38,Benign-only
ID2,3398,0,1,23,24,Benign-only
ID3,3399,0,0,18,18,VUS/Other-only
ID4,3400,0,0,30,30,VUS/Other-only
IDE,3416,0,7,104,111,Benign-only
IDH1,3417,6,185,275,466,Multiclass
IDH2,3418,3,117,149,269,Multiclass
IDH3A,3419,17,163,116,296,Multiclass
IDH3B,3420,21,146,165,332,Multiclass
IDH3G,3421,0,2,27,29,Benign-only
IDI1,3422,0,1,37,38,Benign-only
IDI2,91734,0,3,36,39,Benign-only
IDNK,414328,0,6,35,41,Benign-only
IDO1,3620,0,7,51,58,Benign-only
IDO2,169355,0,7,61,68,Benign-only
IDS,3423,788,373,200,1361,Multiclass
IDS;LOC106050102,-1,0,0,3,3,VUS/Other-only
IDUA,3425,409,850,493,1752,Multiclass
IDUA;SLC26A1,-1,4,4,8,16,Multiclass
IER2,9592,0,1,36,37,Benign-only
IER3,8870,0,3,19,22,Benign-only
IER3IP1,51124,1,66,50,117,Multiclass
IER5,51278,0,3,57,60,Benign-only
IER5L,389792,0,3,78,81,Benign-only
IFFO1,25900,0,1,91,92,Benign-only
IFFO2,126917,0,0,79,79,VUS/Other-only
IFI16,3428,0,17,97,114,Benign-only
IFI27,3429,0,3,12,15,Benign-only
IFI27L1,122509,0,1,20,21,Benign-only
IFI27L2,83982,0,2,19,21,Benign-only
IFI30,10437,0,3,41,44,Benign-only
IFI35,3430,0,5,47,52,Benign-only
IFI44,10561,0,6,63,69,Benign-only
IFI44L,10964,0,10,66,76,Benign-only
IFI6,2537,0,1,18,19,Benign-only
IFIH1,64135,22,643,948,1613,Multiclass
IFIT1,3434,0,1,59,60,Benign-only
IFIT1B,439996,0,6,67,73,Benign-only
IFIT2,3433,0,7,49,56,Benign-only
IFIT3,3437,0,5,58,63,Benign-only
IFIT5,24138,0,4,49,53,Benign-only
IFITM1,8519,0,3,6,9,Benign-only
IFITM10,402778,0,2,45,47,Benign-only
IFITM2,10581,0,1,31,32,Benign-only
IFITM3,10410,0,1,20,21,Benign-only
IFITM5,387733,2,83,72,157,Multiclass
IFITM5;PGGHG,-1,1,0,0,1,Pathogenic-only
IFNA1,3439,0,6,7,13,Benign-only
IFNA10,3446,0,5,46,51,Benign-only
IFNA13,3447,0,2,21,23,Benign-only
IFNA14,3448,0,4,35,39,Benign-only
IFNA16,3449,0,4,41,45,Benign-only
IFNA17,3451,0,3,38,41,Benign-only
IFNA2,3440,0,8,28,36,Benign-only
IFNA21,3452,0,4,36,40,Benign-only
IFNA4,3441,0,6,32,38,Benign-only
IFNA5,3442,0,4,29,33,Benign-only
IFNA6,3443,0,6,28,34,Benign-only
IFNA7,3444,0,5,38,43,Benign-only
IFNA8,3445,0,3,26,29,Benign-only
IFNAR1,3454,23,151,155,329,Multiclass
IFNAR2,3455,13,155,148,316,Multiclass
IFNAR2-IL10RB;IL10RB,-1,0,0,1,1,VUS/Other-only
IFNAR2;IFNAR2-IL10RB;IL10RB,-1,0,1,0,1,Benign-only
IFNB1,3456,0,5,29,34,Benign-only
IFNE,338376,0,3,31,34,Benign-only
IFNG,3458,0,12,20,32,Benign-only
IFNGR1,3459,25,134,241,400,Multiclass
IFNGR2,3460,5,134,99,238,Multiclass
IFNK,56832,0,1,24,25,Benign-only
IFNL1,282618,0,7,33,40,Benign-only
IFNL2,282616,0,10,34,44,Benign-only
IFNL3,282617,0,10,38,50,Benign-only
IFNL3;IFNL4,-1,0,0,0,1,VUS/Other-only
IFNLR1,163702,0,16,67,83,Benign-only
IFNW1,3467,0,3,34,37,Benign-only
IFRD1,3475,0,14,60,74,Benign-only
IFRD2,7866,0,8,94,102,Benign-only
IFT122,55764,89,416,499,1004,Multiclass
IFT140,9742,220,835,922,1977,Multiclass
IFT140;TMEM204,-1,1,0,0,1,Pathogenic-only
IFT172,26160,143,803,814,1760,Multiclass
IFT20,90410,0,1,18,19,Benign-only
IFT22,64792,0,3,32,35,Benign-only
IFT25,51668,0,8,16,24,Benign-only
IFT27,11020,13,87,69,169,Multiclass
IFT38,23059,0,1,3,4,Benign-only
IFT43,112752,38,155,109,302,Multiclass
IFT46,56912,0,4,46,50,Benign-only
IFT52,51098,4,130,87,221,Multiclass
IFT54,26146,5,6,2,13,Multiclass
IFT56,79989,3,64,61,128,Multiclass
IFT57,55081,2,104,150,256,Multiclass
IFT70A,92104,0,7,85,92,Benign-only
IFT70B,150737,0,20,85,105,Benign-only
IFT74,80173,49,276,246,571,Multiclass
IFT80,57560,59,273,351,683,Multiclass
IFT80;TRIM59-IFT80,-1,0,1,0,1,Benign-only
IFT81,28981,49,212,236,497,Multiclass
IFT88,8100,0,214,338,552,Benign-only
IFTAP,119710,0,0,4,4,VUS/Other-only
IGBP1,3476,0,14,39,53,Benign-only
IGBP1C;RAD51C;TEX14,-1,1,0,0,1,Pathogenic-only
IGDCC3,9543,0,8,123,131,Benign-only
IGDCC4,57722,0,12,219,231,Benign-only
IGF1,3479,6,60,110,176,Multiclass
IGF1;LINC02456,-1,2,0,3,5,Pathogenic-only
IGF1R,3480,73,425,723,1221,Multiclass
IGF1R;LOC126862245,-1,1,0,0,1,Pathogenic-only
IGF2,3481,19,50,91,160,Multiclass
IGF2;INS-IGF2,-1,1,0,0,1,Pathogenic-only
IGF2BP1,10642,0,6,44,50,Benign-only
IGF2BP2,10644,0,3,56,59,Benign-only
IGF2BP3,10643,0,1,56,57,Benign-only
IGF2R,3482,2,52,273,327,Multiclass
IGFALS,3483,11,55,225,291,Multiclass
IGFBP1,3484,0,4,34,38,Benign-only
IGFBP3,3486,0,3,35,38,Benign-only
IGFBP4,3487,1,3,30,34,Multiclass
IGFBP5,3488,0,0,42,42,VUS/Other-only
IGFBP6,3489,0,7,32,39,Benign-only
IGFBP7,3490,1,4,34,39,Multiclass
IGFBPL1,347252,0,4,70,74,Benign-only
IGFL1,374918,0,1,25,26,Benign-only
IGFL2,147920,0,3,21,24,Benign-only
IGFL3,388555,0,1,23,24,Benign-only
IGFL4,444882,0,0,16,16,VUS/Other-only
IGFLR1,79713,0,3,65,68,Benign-only
IGFN1,91156,0,126,756,882,Benign-only
IGH,3492,0,2,0,2,Benign-only
IGH;IGHD1-7,-1,0,2,0,2,Benign-only
IGH;IGHE,-1,0,1,0,1,Benign-only
IGH;IGHG2,-1,0,1,0,1,Benign-only
IGH;IGHM,-1,1,5,0,6,Multiclass
IGH;IGHV3-16,-1,0,1,0,1,Benign-only
IGH;IGHV3-21,-1,0,1,0,1,Benign-only
IGH;IGHV4-39,-1,0,1,0,1,Benign-only
IGH;IGHV4-59,-1,0,1,0,1,Benign-only
IGH;IGHV4-61,-1,0,1,0,1,Benign-only
IGHE;IGH,-1,0,1,0,1,Benign-only
IGHG2;IGH,-1,0,1,0,1,Benign-only
IGHM,3507,1,4,0,5,Multiclass
IGHMBP2,3508,164,650,532,1346,Multiclass
IGIP,492311,0,1,3,4,Benign-only
IGK;IGKV1D-12,-1,0,1,0,1,Benign-only
IGK;IGKV2D-40,-1,0,1,0,1,Benign-only
IGK;IGKV3D-15,-1,0,1,0,1,Benign-only
IGLL1,3543,0,111,147,258,Benign-only
IGLL5,100423062,0,7,29,36,Benign-only
IGLON5,402665,0,1,59,60,Benign-only
IGSF1,3547,24,97,142,263,Multiclass
IGSF10,285313,0,184,491,675,Benign-only
IGSF11,152404,0,0,53,53,VUS/Other-only
IGSF21,84966,0,6,87,93,Benign-only
IGSF22,283284,0,8,198,206,Benign-only
IGSF23,147710,0,2,40,42,Benign-only
IGSF3,3321,2,21,173,196,Multiclass
IGSF5,150084,0,6,46,52,Benign-only
IGSF6,10261,0,3,48,51,Benign-only
IGSF6;LOC101927814;LOC130058624;LOC130058625;LOC130058626;LOC130058627;METTL9;OTOA,-1,0,0,2,2,VUS/Other-only
IGSF6;LOC130058625;LOC130058626;LOC130058627;METTL9;OTOA,-1,0,0,2,2,VUS/Other-only
IGSF8,93185,0,2,106,108,Benign-only
IGSF9,57549,0,12,199,211,Benign-only
IGSF9B,22997,0,9,0,9,Benign-only
IHH,3549,41,86,189,316,Multiclass
IHO1,339834,0,4,66,70,Benign-only
IK,3550,0,4,38,42,Benign-only
IK;NDUFA2,-1,0,1,0,1,Benign-only
IKBIP,121457,0,4,61,65,Benign-only
IKBKB,3551,32,494,282,808,Multiclass
IKBKE,9641,0,12,81,93,Benign-only
IKBKG,8517,55,28,47,130,Multiclass
IKZF1,10320,23,146,249,420,Multiclass
IKZF2,22807,0,22,66,88,Benign-only
IKZF3,22806,1,8,58,67,Multiclass
IKZF4,64375,0,0,65,65,VUS/Other-only
IKZF5,64376,2,4,15,21,Multiclass
IKZF5;LOC130004876;ACADSB,-1,0,1,0,1,Benign-only
IL10,3586,0,78,58,136,Benign-only
IL10RA,3587,20,210,222,452,Multiclass
IL10RB,3588,15,121,122,258,Multiclass
IL11,3589,0,3,41,44,Benign-only
IL11RA,3590,21,59,24,104,Multiclass
IL12A,3592,0,6,22,28,Benign-only
IL12B,3593,16,102,118,236,Multiclass
IL12RB1,3594,69,264,264,597,Multiclass
IL12RB2,3595,0,239,410,649,Benign-only
IL12RB2;LOC129930735;LOC129930736;LOC129930737,-1,1,0,0,1,Pathogenic-only
IL13,3596,0,3,8,11,Benign-only
IL13RA1,3597,0,6,36,42,Benign-only
IL13RA2,3598,0,6,21,27,Benign-only
IL13RA2;LRCH2;SNORA35B,-1,0,0,1,1,VUS/Other-only
IL15,3600,0,2,14,16,Benign-only
IL15RA,3601,0,14,34,48,Benign-only
IL16,3603,0,24,192,216,Benign-only
IL17A,3605,0,7,24,31,Benign-only
IL17B,27190,0,5,37,42,Benign-only
IL17C,27189,0,6,42,48,Benign-only
IL17D,53342,0,5,38,43,Benign-only
IL17F,112744,0,63,102,165,Benign-only
IL17RA,23765,22,427,512,961,Multiclass
IL17RB,55540,0,8,62,70,Benign-only
IL17RC,84818,6,366,494,866,Multiclass
IL17RD,54756,3,107,169,279,Multiclass
IL17RE,132014,0,17,95,112,Benign-only
IL17REL,400935,0,10,68,78,Benign-only
IL18,3606,0,6,7,13,Benign-only
IL18BP,10068,0,60,141,201,Benign-only
IL18R1,8809,0,6,48,56,Benign-only
IL18RAP,8807,0,11,64,75,Benign-only
IL19,29949,0,7,32,39,Benign-only
IL1A,3552,0,8,31,39,Benign-only
IL1B,3553,0,6,14,20,Benign-only
IL1F10,84639,0,3,17,20,Benign-only
IL1R1,3554,0,7,38,45,Benign-only
IL1R2,7850,0,17,57,74,Benign-only
IL1RAP,3556,0,9,31,40,Benign-only
IL1RAPL1,11141,30,146,138,314,Multiclass
IL1RAPL1;LOC113875019;LOC126863235;LOC130068072;LOC130068073;MIR4666B,-1,0,0,1,1,VUS/Other-only
IL1RAPL1;LOC113875019;LOC126863235;LOC130068073;MIR4666B,-1,0,0,1,1,VUS/Other-only
IL1RAPL1;LOC126863234;MIR6134,-1,0,0,1,1,VUS/Other-only
IL1RAPL1;LOC126863235;LOC130068072;LOC130068073;MIR4666B,-1,1,0,0,1,Pathogenic-only
IL1RAPL1;LOC130068072,-1,1,0,0,1,Pathogenic-only
IL1RAPL2,26280,0,5,56,61,Benign-only
IL1RAPL2;TEX13A,-1,0,2,0,2,Benign-only
IL1RN,3557,11,118,99,228,Multiclass
IL20,50604,0,2,15,17,Benign-only
IL20RA,53832,0,2,74,76,Benign-only
IL20RB,53833,0,5,36,41,Benign-only
IL21,59067,0,52,72,124,Benign-only
IL21R,50615,9,205,209,423,Multiclass
IL22,50616,0,4,22,26,Benign-only
IL22RA1,58985,0,18,96,114,Benign-only
IL22RA2,116379,0,2,28,30,Benign-only
IL23A,51561,0,0,16,16,VUS/Other-only
IL23R,149233,0,177,247,424,Benign-only
IL24,11009,0,9,20,29,Benign-only
IL25,64806,0,3,30,33,Benign-only
IL26,55801,0,2,30,32,Benign-only
IL27,246778,0,6,31,37,Benign-only
IL27RA,9466,0,14,87,101,Benign-only
IL2RA,3559,11,158,174,343,Multiclass
IL2RB,3560,11,251,211,473,Multiclass
IL2RG,3561,156,204,130,490,Multiclass
IL3,3562,0,10,12,22,Benign-only
IL31,386653,0,5,24,29,Benign-only
IL31RA,133396,0,26,90,116,Benign-only
IL32,9235,0,14,55,69,Benign-only
IL33,90865,0,10,41,51,Benign-only
IL33R,9173,0,22,84,106,Benign-only
IL34,146433,0,9,38,47,Benign-only
IL36A,27179,0,2,27,29,Benign-only
IL36B,27177,0,1,13,14,Benign-only
IL36G,56300,0,1,27,28,Benign-only
IL36R,8808,0,11,81,92,Benign-only
IL36RN,26525,12,78,99,189,Multiclass
IL37,27178,2,6,24,32,Multiclass
IL3RA,3563,0,8,0,8,Benign-only
IL4,3565,0,1,17,18,Benign-only
IL40,100141515,0,0,1,1,VUS/Other-only
IL4I1,259307,0,3,74,77,Benign-only
IL4I1;NUP62,-1,0,4,0,4,Benign-only
IL4R,3566,0,29,96,125,Benign-only
IL5,3567,0,5,10,15,Benign-only
IL5RA,3568,0,8,62,70,Benign-only
IL6,3569,0,7,12,19,Benign-only
IL6R,3570,1,183,140,324,Multiclass
IL6ST,3572,16,223,379,618,Multiclass
IL7,3574,0,5,20,25,Benign-only
IL7R,3575,62,300,212,574,Multiclass
IL9,3578,0,4,20,24,Benign-only
IL9R,3581,0,12,0,12,Benign-only
IL9R;LOC107522039;LOC107838685;SPRY3;VAMP7;WASIR1,-1,0,0,2,2,VUS/Other-only
IL9R;WASIR1,-1,0,5,0,5,Benign-only
ILDR1,286676,27,101,176,304,Multiclass
ILDR2,387597,0,2,92,94,Benign-only
ILF2,3608,0,0,17,17,VUS/Other-only
ILF3,3609,0,9,90,99,Benign-only
ILK,3611,0,248,267,515,Benign-only
ILKAP,80895,0,1,31,32,Benign-only
ILRUN,64771,0,0,1,1,VUS/Other-only
ILVBL,10994,0,12,73,85,Benign-only
IMMP1L,196294,0,0,27,27,VUS/Other-only
IMMP1L;LOC126861175;LOC129390272;LOC130005470;DCDC1;DNAJC24,-1,0,0,1,1,VUS/Other-only
IMMP2L,83943,0,4,25,29,Benign-only
IMMP2L;LOC129389845,-1,0,1,0,1,Benign-only
IMMT,10989,0,13,79,92,Benign-only
IMP3,55272,0,0,35,35,VUS/Other-only
IMP4,92856,0,1,58,59,Benign-only
IMPA1,3612,1,13,38,52,Multiclass
IMPA2,3613,0,5,46,51,Benign-only
IMPACT,55364,0,0,17,17,VUS/Other-only
IMPDH1,3614,30,277,321,628,Multiclass
IMPDH2,3615,3,3,68,74,Multiclass
IMPG1,3617,66,239,441,746,Multiclass
IMPG1;LOC129996739;LOC132089463;MYO6,-1,0,0,1,1,VUS/Other-only
IMPG2,50939,125,290,581,996,Multiclass
INA,9118,1,2,62,65,Multiclass
INAFM1,255783,0,2,47,49,Benign-only
INAVA,55765,0,9,5,14,Benign-only
INCA1,388324,0,5,33,38,Benign-only
INCENP,3619,0,83,190,273,Benign-only
INF2,64423,46,886,655,1587,Multiclass
ING1,3621,0,9,79,88,Benign-only
ING2,3622,0,0,18,18,VUS/Other-only
ING3,54556,0,2,23,25,Benign-only
ING4,51147,0,1,15,16,Benign-only
ING5,84289,0,1,21,22,Benign-only
INHA,3623,0,11,44,55,Benign-only
INHBA,3624,0,0,37,37,VUS/Other-only
INHBB,3625,0,4,59,63,Benign-only
INHBC,3626,0,4,42,46,Benign-only
INHBE,83729,0,3,47,50,Benign-only
INIP,58493,0,0,3,3,VUS/Other-only
INKA1,389119,0,6,40,46,Benign-only
INKA2,55924,0,3,60,63,Benign-only
INMT,11185,0,12,50,62,Benign-only
INO80,54617,2,29,159,190,Multiclass
INO80B,83444,0,2,47,49,Benign-only
INO80C,125476,0,5,38,43,Benign-only
INO80D,54891,0,4,116,120,Benign-only
INO80E,283899,0,2,53,55,Benign-only
INPP1,3628,0,6,50,56,Benign-only
INPP4A,3631,2,19,89,110,Multiclass
INPP4B,8821,0,5,85,90,Benign-only
INPP5A,3632,0,4,51,55,Benign-only
INPP5B,3633,0,52,123,175,Benign-only
INPP5D,3635,0,1,6,7,Benign-only
INPP5E,56623,76,367,380,823,Multiclass
INPP5F,22876,0,3,132,135,Benign-only
INPP5J,27124,0,6,120,126,Benign-only
INPP5K,51763,7,52,84,143,Multiclass
INPPL1,3636,35,350,315,700,Multiclass
INS,3630,32,44,63,144,Multiclass
INS-IGF2,723961,1,9,18,28,Multiclass
INS-IGF2;INS,-1,0,1,0,1,Benign-only
INS;INS-IGF2,-1,2,2,0,4,Multiclass
INS;TH,-1,0,2,0,2,Benign-only
INSC,387755,0,7,103,110,Benign-only
INSIG1,3638,0,2,28,30,Benign-only
INSIG2,51141,0,2,18,20,Benign-only
INSL3,3640,3,17,25,45,Multiclass
INSL4,3641,0,6,34,40,Benign-only
INSL5,10022,0,1,14,15,Benign-only
INSL6,11172,0,5,49,54,Benign-only
INSL6;JAK2,-1,0,0,1,1,VUS/Other-only
INSM1,3642,0,3,72,75,Benign-only
INSM2,84684,0,4,104,108,Benign-only
INSR,3643,46,315,330,691,Multiclass
INSRR,3645,0,44,168,212,Benign-only
INSRR;NTRK1,-1,0,3,0,3,Benign-only
INSYN1,388135,0,0,1,1,VUS/Other-only
INSYN2A,642938,0,7,94,101,Benign-only
INSYN2B,100131897,0,11,81,92,Benign-only
INTS1,26173,19,181,510,710,Multiclass
INTS10,55174,0,1,86,87,Benign-only
INTS11,54973,5,25,123,153,Multiclass
INTS12,57117,0,4,41,45,Benign-only
INTS13,55726,0,3,54,57,Benign-only
INTS14,81556,0,1,57,58,Benign-only
INTS15,79034,0,2,9,11,Benign-only
INTS2,57508,0,4,125,129,Benign-only
INTS3,65123,0,0,53,53,VUS/Other-only
INTS4,92105,0,6,115,121,Benign-only
INTS5,80789,0,7,125,132,Benign-only
INTS6,26512,3,2,83,88,Multiclass
INTS6L,203522,0,3,5,8,Benign-only
INTS7,25896,0,0,102,102,VUS/Other-only
INTS8,55656,1,15,98,114,Multiclass
INTS9,55756,0,3,88,91,Benign-only
INTU,27152,5,159,279,443,Multiclass
INVS,27130,124,452,475,1051,Multiclass
IP6K1,9807,0,0,40,40,VUS/Other-only
IP6K2,51447,0,2,39,41,Benign-only
IP6K3,117283,0,4,73,77,Benign-only
IPCEF1,26034,0,5,31,36,Benign-only
IPMK,253430,0,5,52,57,Benign-only
IPO11,51194,0,12,110,122,Benign-only
IPO13,9670,0,5,93,98,Benign-only
IPO4,79711,0,9,177,186,Benign-only
IPO5,3843,0,4,2,6,Benign-only
IPO7,10527,0,1,82,83,Benign-only
IPO8,10526,24,31,112,167,Multiclass
IPO9,55705,0,2,91,93,Benign-only
IPP,3652,0,1,79,80,Benign-only
IPPK,64768,0,1,79,80,Benign-only
IQCA1,79781,0,0,19,19,VUS/Other-only
IQCB1,9657,87,223,270,580,Multiclass
IQCC,55721,0,14,75,89,Benign-only
IQCD,115811,0,0,10,10,VUS/Other-only
IQCE,23288,8,65,148,221,Multiclass
IQCF1,132141,0,2,40,42,Benign-only
IQCF2,389123,0,2,20,22,Benign-only
IQCF3,401067,0,6,21,27,Benign-only
IQCF5,389124,0,0,26,26,VUS/Other-only
IQCF6,440956,0,0,20,20,VUS/Other-only
IQCG,84223,1,4,8,13,Multiclass
IQCG;LOC107133517;LOC126806937;LOC126806938;LOC129938327;LOC129938328;LRCH3,-1,0,0,1,1,VUS/Other-only
IQCH,64799,0,24,129,153,Benign-only
IQCJ,654502,0,0,23,23,VUS/Other-only
IQCJ-SCHIP1,100505385,0,1,65,66,Benign-only
IQCK,124152,0,5,47,52,Benign-only
IQCN,80726,6,54,250,310,Multiclass
IQGAP1,8826,0,16,145,161,Benign-only
IQGAP2,10788,0,20,205,225,Benign-only
IQGAP3,128239,0,24,247,271,Benign-only
IQSEC1,9922,2,61,208,271,Multiclass
IQSEC2,23096,218,583,555,1356,Multiclass
IQSEC3,440073,0,18,145,163,Benign-only
IQUB,154865,0,6,109,115,Benign-only
IRAG1,10335,0,18,153,171,Benign-only
IRAG2,4033,0,5,65,70,Benign-only
IRAK1,3654,0,21,62,83,Benign-only
IRAK1BP1,134728,0,2,42,44,Benign-only
IRAK1BP1;PHIP,-1,0,0,2,2,VUS/Other-only
IRAK2,3656,0,10,95,105,Benign-only
IRAK3,11213,2,9,93,104,Multiclass
IRAK4,51135,32,150,179,361,Multiclass
IREB2,3658,2,131,149,282,Multiclass
IRF1,3659,0,14,19,33,Benign-only
IRF2,3660,0,4,35,39,Benign-only
IRF2BP1,26145,0,4,62,66,Benign-only
IRF2BP2,359948,3,291,502,796,Multiclass
IRF2BP2;LOC129932812,-1,0,0,1,1,VUS/Other-only
IRF2BPL,64207,88,130,317,535,Multiclass
IRF2BPL;LOC107984638,-1,1,0,0,1,Pathogenic-only
IRF3,3661,0,23,63,86,Benign-only
IRF4,3662,2,189,143,334,Multiclass
IRF5,3663,1,13,53,67,Multiclass
IRF6,3664,113,84,136,333,Multiclass
IRF7,3665,1,302,456,759,Multiclass
IRF8,3394,1,206,220,427,Multiclass
IRF9,10379,0,115,141,256,Benign-only
IRGC,56269,0,6,69,75,Benign-only
IRGM,345611,0,5,36,41,Benign-only
IRGQ,126298,0,1,76,77,Benign-only
IRS1,3667,0,28,166,194,Benign-only
IRS2,8660,0,25,115,140,Benign-only
IRS4,8471,3,27,132,162,Multiclass
IRX1,79192,0,10,80,90,Benign-only
IRX1;LINC01017;LINC01019;LINC02063;LOC110120635;LOC123493262;LOC126807296;LOC126807297;LOC126807298,-1,1,0,0,1,Pathogenic-only
IRX2,153572,0,6,76,82,Benign-only
IRX2-DT,153571,0,0,1,1,VUS/Other-only
IRX3,79191,0,4,81,85,Benign-only
IRX4,50805,0,29,92,121,Benign-only
IRX5,10265,0,37,95,132,Benign-only
IRX6,79190,0,1,104,105,Benign-only
ISCA1,81689,0,22,16,38,Benign-only
ISCA2,122961,5,38,49,92,Multiclass
ISCA2;LOC130056095;NPC2,-1,0,0,1,1,VUS/Other-only
ISCU,23479,2,130,62,194,Multiclass
ISG15,9636,2,72,72,146,Multiclass
ISG20,3669,0,8,34,42,Benign-only
ISG20L2,81875,0,5,32,37,Benign-only
ISL1,3670,0,5,38,43,Benign-only
ISL2,64843,0,0,39,39,VUS/Other-only
ISLR,3671,0,9,74,83,Benign-only
ISLR2,57611,1,3,81,85,Multiclass
ISM1,140862,0,4,65,69,Benign-only
ISM2,145501,0,10,93,103,Benign-only
ISOC1,51015,0,1,49,50,Benign-only
ISOC2,79763,0,0,54,54,VUS/Other-only
IST1,9798,0,5,48,53,Benign-only
ISX,91464,0,5,33,38,Benign-only
ISY1,57461,0,0,9,9,VUS/Other-only
ISY1-RAB43,100534599,0,0,1,1,VUS/Other-only
ISYNA1,51477,0,11,65,76,Benign-only
ITCH,83737,17,290,196,503,Multiclass
ITFG1,81533,0,3,74,77,Benign-only
ITFG1;ITFG1-AS2;LOC112449713;LOC130058947;LOC130058948;PHKB,-1,0,0,1,1,VUS/Other-only
ITFG2,55846,1,2,76,79,Multiclass
ITGA1,3672,0,12,149,161,Benign-only
ITGA10,8515,0,4,161,165,Benign-only
ITGA11,22801,0,14,195,209,Benign-only
ITGA2,3673,0,169,196,365,Benign-only
ITGA2;LOC116158515;LOC116158516;LOC129993880;LOC129993881;MOCS2;MOCS2-DT,-1,0,0,1,1,VUS/Other-only
ITGA2;MOCS2,-1,0,6,1,7,Benign-only
ITGA2B,3674,256,272,435,963,Multiclass
ITGA3,3675,24,274,233,531,Multiclass
ITGA4,3676,0,20,103,123,Benign-only
ITGA4;CERKL,-1,1,0,0,1,Pathogenic-only
ITGA5,3678,0,14,127,141,Benign-only
ITGA6,3655,50,483,261,794,Multiclass
ITGA7,3679,60,530,492,1082,Multiclass
ITGA8,8516,20,215,206,441,Multiclass
ITGA9,3680,0,22,136,158,Benign-only
ITGAD,3681,0,12,174,186,Benign-only
ITGAE,3682,0,27,179,206,Benign-only
ITGAL,3683,0,20,87,107,Benign-only
ITGAM,3684,0,466,623,1089,Benign-only
ITGAV,3685,4,9,141,154,Multiclass
ITGAX,3687,0,26,156,182,Benign-only
ITGB1,3688,0,9,63,73,Benign-only
ITGB1BP1,9270,0,2,20,22,Benign-only
ITGB1BP2,26548,0,7,37,44,Benign-only
ITGB2,3689,67,440,343,850,Multiclass
ITGB3,3690,189,415,346,951,Multiclass
ITGB3BP,23421,0,1,18,19,Benign-only
ITGB4,3691,152,1034,565,1751,Multiclass
ITGB5,3693,0,5,98,103,Benign-only
ITGB6,3694,6,61,131,198,Multiclass
ITGB7,3695,0,15,103,118,Benign-only
ITGB8,3696,0,4,97,101,Benign-only
ITGBL1,9358,0,4,70,74,Benign-only
ITGBL1;LOC121468006;LOC124946330;LOC126088081;LOC126861831;LOC126861832;NALCN;NALCN-AS1,-1,0,0,1,1,VUS/Other-only
ITGBL1;LOC121468006;LOC124946330;LOC126861832;NALCN,-1,0,0,1,1,VUS/Other-only
ITIH1,3697,0,14,149,163,Benign-only
ITIH2,3698,0,3,140,143,Benign-only
ITIH3,3699,0,9,135,144,Benign-only
ITIH4,3700,0,25,107,132,Benign-only
ITIH5,80760,0,17,145,162,Benign-only
ITIH6,347365,0,12,209,221,Benign-only
ITK,3702,21,290,270,581,Multiclass
ITLN1,55600,0,9,47,56,Benign-only
ITLN2,142683,0,8,55,63,Benign-only
ITM2A,9452,0,4,29,33,Benign-only
ITM2A;LOC109286564;LOC126863283;TBX22,-1,0,0,1,1,VUS/Other-only
ITM2B,9445,1,57,109,167,Multiclass
ITM2B;LOC124885096;LOC130009751;LOC130009752;LOC130009753;LOC130009754;LOC130009755;RB1;RB1-DT,-1,1,0,0,1,Pathogenic-only
ITM2C,81618,0,4,39,43,Benign-only
ITPA,3704,39,166,116,323,Multiclass
ITPK1,3705,0,9,60,69,Benign-only
ITPKA,3706,0,2,59,61,Benign-only
ITPKB,3707,0,25,113,138,Benign-only
ITPKC,80271,0,6,111,117,Benign-only
ITPR1,3708,77,1061,1001,2139,Multiclass
ITPR2,3709,0,36,261,297,Benign-only
ITPR3,3710,2,208,411,621,Multiclass
ITPRID1,223075,0,12,143,155,Benign-only
ITPRID2,6744,0,5,202,207,Benign-only
ITPRID2;LOC126806441;LOC129388962;LOC129388963;LOC129388964;PDE1A;PPP1R1C,-1,0,0,1,1,VUS/Other-only
ITPRIP,85450,0,7,103,110,Benign-only
ITPRIPL1,150771,0,2,87,89,Benign-only
ITPRIPL2,162073,0,1,70,71,Benign-only
ITSN1,6453,26,84,296,406,Multiclass
ITSN2,50618,0,132,289,421,Benign-only
IVD,3712,169,406,199,774,Multiclass
IVL,3713,0,29,120,149,Benign-only
IVNS1ABP,10625,0,5,39,44,Benign-only
IWS1,55677,0,10,82,92,Benign-only
IYD,389434,8,43,50,101,Multiclass
IZUMO1,284359,0,2,38,40,Benign-only
IZUMO1R,390243,0,1,42,43,Benign-only
IZUMO2,126123,0,4,34,38,Benign-only
IZUMO3,100129669,0,2,0,2,Benign-only
IZUMO4,113177,0,1,45,46,Benign-only
JADE1,79960,0,4,75,79,Benign-only
JADE2,23338,0,6,96,102,Benign-only
JADE3,9767,0,7,63,70,Benign-only
JAG1,182,434,756,791,1981,Multiclass
JAG1;MIR6870,-1,1,0,0,1,Pathogenic-only
JAG2,3714,5,66,250,321,Multiclass
JAGN1,84522,3,64,87,154,Multiclass
JAK1,3716,2,442,386,830,Multiclass
JAK2,3717,5,219,322,546,Multiclass
JAK3,3718,134,802,389,1325,Multiclass
JAKMIP1,152789,1,22,58,81,Multiclass
JAKMIP2,9832,0,0,55,55,VUS/Other-only
JAKMIP3,282973,0,4,138,142,Benign-only
JAM2,58494,2,25,38,65,Multiclass
JAM3,83700,14,120,95,229,Multiclass
JAML,120425,0,0,5,5,VUS/Other-only
JARID2,3720,26,76,229,331,Multiclass
JAZF1,221895,0,2,18,20,Benign-only
JCAD,57608,0,31,245,276,Benign-only
JCHAIN,3512,0,3,13,16,Benign-only
JDP2,122953,0,1,30,31,Benign-only
JHY,79864,0,2,3,5,Benign-only
JKAMP,51528,4,1,30,35,Multiclass
JMJD1C,221037,4,543,1002,1549,Multiclass
JMJD4,65094,0,7,89,96,Benign-only
JMJD4;SNAP47,-1,0,0,1,1,VUS/Other-only
JMJD6,23210,0,1,46,47,Benign-only
JMJD7,100137047,0,2,17,19,Benign-only
JMJD7-PLA2G4B,8681,0,6,68,74,Benign-only
JMJD7-PLA2G4B;PLA2G4B,-1,0,3,1,4,Benign-only
JMJD7;JMJD7-PLA2G4B,-1,0,0,1,1,VUS/Other-only
JMJD8,339123,0,4,88,92,Benign-only
JMJD8;RHBDL1;STUB1;WDR24,-1,0,0,1,1,VUS/Other-only
JMJD8;STUB1,-1,2,1,0,3,Multiclass
JMY,133746,0,8,138,146,Benign-only
JOSD1,9929,0,1,15,16,Benign-only
JOSD2,126119,0,1,36,37,Benign-only
JPH1,56704,4,13,72,89,Multiclass
JPH1;LOC126860420;LOC129390012;LOC130000617;LOC130000618;LOC130000619;LY96,-1,0,0,1,1,VUS/Other-only
JPH2,57158,5,426,623,1054,Multiclass
JPH3,57338,0,61,183,244,Benign-only
JPH4,84502,0,1,70,71,Benign-only
JPT1,51155,0,6,20,26,Benign-only
JPT2,90861,0,3,39,42,Benign-only
JRK,8629,0,27,23,50,Benign-only
JRKL,8690,0,0,38,38,VUS/Other-only
JSRP1,126306,0,4,53,57,Benign-only
JTB,10899,0,3,18,21,Benign-only
JUN,3725,0,2,20,22,Benign-only
JUNB,3726,0,0,34,34,VUS/Other-only
JUND,3727,0,4,55,59,Benign-only
JUP,3728,34,593,715,1342,Multiclass
KAAG1,353219,0,0,8,8,VUS/Other-only
KALRN,8997,0,25,15,40,Benign-only
KANK1,23189,1,421,606,1028,Multiclass
KANK1;KANK1-AS1;LOC124210605;LOC126860553;LOC126860554;LOC129390062,-1,0,0,2,2,VUS/Other-only
KANK1;LOC130001443,-1,0,0,1,1,VUS/Other-only
KANK2,25959,1,231,294,526,Multiclass
KANK3,256949,0,10,149,159,Benign-only
KANK4,163782,0,144,243,387,Benign-only
KANSL1,284058,117,671,530,1318,Multiclass
KANSL1L,151050,0,7,128,135,Benign-only
KANSL2,54934,0,0,43,43,VUS/Other-only
KANSL3,55683,0,2,104,106,Benign-only
KARS1,3735,27,219,243,489,Multiclass
KARS1;LOC126862402,-1,0,1,0,1,Benign-only
KARS1;TERF2IP,-1,0,1,0,1,Benign-only
KASH5,147872,2,10,88,100,Multiclass
KAT14,57325,1,0,7,8,Pathogenic-only
KAT2A,2648,1,8,74,83,Multiclass
KAT2B,8850,0,50,81,131,Benign-only
KAT5,10524,1,12,85,98,Multiclass
KAT5;RNASEH2C,-1,0,0,1,1,VUS/Other-only
KAT6A,7994,193,1002,699,1894,Multiclass
KAT6B,23522,154,669,763,1586,Multiclass
KAT7,11143,0,1,49,50,Benign-only
KAT8,84148,6,16,121,143,Multiclass
KATNA1,11104,0,0,65,65,VUS/Other-only
KATNAL1,84056,0,2,53,55,Benign-only
KATNAL2,83473,0,50,88,138,Benign-only
KATNB1,10300,9,244,144,397,Multiclass
KATNBL1,79768,0,1,45,46,Benign-only
KATNIP,23247,41,336,402,779,Multiclass
KAZALD1,81621,0,7,60,67,Benign-only
KAZN,23254,0,2,107,109,Benign-only
KBTBD11,9920,0,6,187,193,Benign-only
KBTBD12,166348,0,2,108,110,Benign-only
KBTBD13,390594,3,219,462,684,Multiclass
KBTBD2,25948,0,1,41,42,Benign-only
KBTBD3,143879,0,2,68,70,Benign-only
KBTBD4,55709,0,1,58,59,Benign-only
KBTBD6,89890,0,8,53,61,Benign-only
KBTBD7,84078,0,3,70,73,Benign-only
KBTBD8,84541,0,0,67,67,VUS/Other-only
KCMF1,56888,0,2,23,25,Benign-only
KCNA1,3736,38,238,428,704,Multiclass
KCNA10,3744,0,7,84,91,Benign-only
KCNA2,3737,61,189,305,555,Multiclass
KCNA3,3738,16,12,87,115,Multiclass
KCNA4,3739,0,7,72,79,Benign-only
KCNA5,3741,0,134,430,564,Benign-only
KCNA6,3742,3,2,75,80,Multiclass
KCNA7,3743,0,0,88,88,VUS/Other-only
KCNAB1,7881,0,5,24,29,Benign-only
KCNAB2,8514,0,37,48,85,Benign-only
KCNAB3,9196,0,0,69,69,VUS/Other-only
KCNB1,3745,114,377,312,803,Multiclass
KCNB2,9312,2,16,90,108,Multiclass
KCNC1,3746,17,239,263,519,Multiclass
KCNC2,3747,11,12,123,146,Multiclass
KCNC3,3748,7,180,261,448,Multiclass
KCNC4,3749,0,9,97,106,Benign-only
KCND1,3750,0,10,72,82,Benign-only
KCND2,3751,9,195,269,473,Multiclass
KCND3,3752,29,357,308,694,Multiclass
KCNE1,3753,18,126,173,317,Multiclass
KCNE2,9992,0,54,87,141,Benign-only
KCNE3,10008,0,40,70,110,Benign-only
KCNE4,23704,0,0,20,20,VUS/Other-only
KCNE5,23630,0,36,77,113,Benign-only
KCNF1,3754,0,3,46,49,Benign-only
KCNG1,3755,0,1,39,40,Benign-only
KCNG2,26251,0,4,83,87,Benign-only
KCNG3,170850,0,0,49,49,VUS/Other-only
KCNG4,93107,0,10,122,132,Benign-only
KCNH1,3756,19,436,385,840,Multiclass
KCNH2,3757,722,1169,1515,3406,Multiclass
KCNH3,23416,0,12,114,126,Benign-only
KCNH4,23415,0,7,122,129,Benign-only
KCNH5,27133,9,395,423,827,Multiclass
KCNH6,81033,0,12,184,196,Benign-only
KCNH7,90134,0,9,102,111,Benign-only
KCNH8,131096,1,7,122,130,Multiclass
KCNIP1,30820,0,1,16,17,Benign-only
KCNIP2,30819,0,0,28,28,VUS/Other-only
KCNIP3,30818,0,2,44,46,Benign-only
KCNIP4,80333,0,1,17,18,Benign-only
KCNJ1,3758,71,111,135,317,Multiclass
KCNJ10,3766,25,123,251,399,Multiclass
KCNJ11,3767,75,112,231,424,Multiclass
KCNJ12,3768,0,2,69,71,Benign-only
KCNJ13,3769,5,58,171,234,Multiclass
KCNJ13;GIGYF2,-1,0,1,0,1,Benign-only
KCNJ15,3772,0,2,55,57,Benign-only
KCNJ16,3773,8,19,8,35,Multiclass
KCNJ16;KCNJ2;KCNJ2-AS1;LOC108021840;LOC126862626;LOC129390930;LOC130061538;LOC130061539;LOC130061540,-1,0,0,1,1,VUS/Other-only
KCNJ18,100134444,0,7,4,11,Benign-only
KCNJ2,3759,60,205,328,593,Multiclass
KCNJ3,3760,0,1,27,28,Benign-only
KCNJ4,3761,0,3,33,36,Benign-only
KCNJ5,3762,3,208,272,483,Multiclass
KCNJ5-AS1,219833,0,1,0,1,Benign-only
KCNJ6,3763,3,55,70,128,Multiclass
KCNJ6;KCNJ6-AS1,-1,0,0,1,1,VUS/Other-only
KCNJ8,3764,1,130,147,278,Multiclass
KCNJ8;KCNJ8-AS1,-1,0,0,1,1,VUS/Other-only
KCNJ9,3765,0,0,30,30,VUS/Other-only
KCNK1,3775,0,1,45,46,Benign-only
KCNK10,54207,0,4,62,66,Benign-only
KCNK12,56660,0,29,30,59,Benign-only
KCNK13,56659,0,4,53,57,Benign-only
KCNK15,60598,0,4,55,59,Benign-only
KCNK16,83795,0,5,34,39,Benign-only
KCNK17,89822,0,7,53,60,Benign-only
KCNK18,338567,3,33,57,93,Multiclass
KCNK2,3776,0,2,27,29,Benign-only
KCNK3,3777,4,103,164,271,Multiclass
KCNK4,50801,6,218,226,450,Multiclass
KCNK5,8645,0,6,57,63,Benign-only
KCNK6,9424,0,5,67,72,Benign-only
KCNK7,10089,0,7,47,54,Benign-only
KCNK9,51305,7,17,51,75,Multiclass
KCNK9;LOC130001252,-1,0,0,1,1,VUS/Other-only
KCNMA1,3778,46,679,696,1421,Multiclass
KCNMB1,3779,0,3,31,34,Benign-only
KCNMB2,10242,0,2,23,25,Benign-only
KCNMB3,27094,0,6,25,31,Benign-only
KCNMB4,27345,0,0,18,18,VUS/Other-only
KCNN1,3780,0,4,71,75,Benign-only
KCNN2,3781,19,33,156,208,Multiclass
KCNN2;KCNN2-AS1;LOC129994383;LOC129994384,-1,0,0,1,1,VUS/Other-only
KCNN3,3782,4,53,92,149,Multiclass
KCNN4,3783,4,53,101,158,Multiclass
KCNQ1,3784,530,849,782,2161,Multiclass
KCNQ1;KCNQ1OT1,-1,1,475,36,512,Multiclass
KCNQ1;LOC132089927;LOC132090832;KCNQ1-AS1;KCNQ1OT1;LOC106783508,-1,1,0,0,1,Pathogenic-only
KCNQ1DN,55539,0,1,0,1,Benign-only
KCNQ1OT1,10984,0,0,2,2,VUS/Other-only
KCNQ1OT1;KCNQ1,-1,1,1,0,2,Multiclass
KCNQ2,3785,726,796,656,2178,Multiclass
KCNQ3,3786,50,612,723,1385,Multiclass
KCNQ4,9132,42,181,254,477,Multiclass
KCNQ5,56479,29,434,373,836,Multiclass
KCNQ5;KCNQ5-AS1;KHDC1L;LOC113175017;LOC122539213;LOC126859710,-1,0,0,1,1,VUS/Other-only
KCNQ5;KCNQ5-DT;LOC129996711,-1,0,0,2,2,VUS/Other-only
KCNRG,283518,0,1,38,39,Benign-only
KCNS1,3787,0,11,71,82,Benign-only
KCNS2,3788,0,4,41,45,Benign-only
KCNS3,3790,0,3,71,74,Benign-only
KCNT1,57582,76,1335,984,2395,Multiclass
KCNT2,343450,15,37,226,278,Multiclass
KCNU1,157855,0,20,152,172,Benign-only
KCNV1,27012,0,0,21,21,VUS/Other-only
KCNV2,169522,75,236,446,757,Multiclass
KCNV2;LOC124210607,-1,0,0,1,1,VUS/Other-only
KCP,375616,0,16,186,202,Benign-only
KCTD1,284252,4,47,147,198,Multiclass
KCTD10,83892,0,0,25,25,VUS/Other-only
KCTD11,147040,0,1,34,35,Benign-only
KCTD12,115207,0,3,38,41,Benign-only
KCTD13,253980,0,0,42,42,VUS/Other-only
KCTD14,65987,0,1,49,50,Benign-only
KCTD15,79047,0,0,44,44,VUS/Other-only
KCTD16,57528,0,1,45,46,Benign-only
KCTD17,79734,3,97,85,185,Multiclass
KCTD18,130535,0,9,73,82,Benign-only
KCTD19,146212,1,11,113,125,Multiclass
KCTD2,23510,0,1,28,29,Benign-only
KCTD20,222658,0,0,45,45,VUS/Other-only
KCTD21,283219,0,1,38,39,Benign-only
KCTD3,51133,1,7,80,88,Multiclass
KCTD4,386618,0,0,25,25,VUS/Other-only
KCTD5,54442,0,1,27,28,Benign-only
KCTD6,200845,0,0,12,12,VUS/Other-only
KCTD7,154881,30,184,213,427,Multiclass
KCTD8,386617,0,2,83,85,Benign-only
KCTD9,54793,0,0,17,17,VUS/Other-only
KDELR1,10945,0,1,11,12,Benign-only
KDELR2,11014,0,6,27,33,Benign-only
KDELR3,11015,0,2,30,32,Benign-only
KDF1,126695,4,26,90,120,Multiclass
KDM1A,23028,13,510,654,1177,Multiclass
KDM1B,221656,0,3,63,66,Benign-only
KDM2A,22992,20,3,85,108,Multiclass
KDM2B,84678,15,33,227,275,Multiclass
KDM3A,55818,0,15,136,151,Benign-only
KDM3B,51780,40,77,280,397,Multiclass
KDM4A,9682,0,12,105,117,Benign-only
KDM4B,23030,34,89,288,411,Multiclass
KDM4C,23081,0,17,151,168,Benign-only
KDM4D,55693,0,3,59,62,Benign-only
KDM4E,390245,0,8,97,105,Benign-only
KDM5A,5927,9,49,203,261,Multiclass
KDM5B,10765,94,76,308,478,Multiclass
KDM5C,8242,178,384,408,970,Multiclass
KDM6A,7403,144,515,555,1214,Multiclass
KDM6B,23135,78,196,466,740,Multiclass
KDM6B;LOC121587574,-1,2,0,0,2,Pathogenic-only
KDM7A,80853,0,1,88,89,Benign-only
KDM8,79831,0,12,68,80,Benign-only
KDR,3791,2,34,140,176,Multiclass
KDSR,2531,4,9,46,59,Multiclass
KEAP1,9817,0,12,49,61,Benign-only
KEL,3792,1,14,94,109,Multiclass
KERA,11081,12,19,55,86,Multiclass
KGD4,92259,0,0,10,10,VUS/Other-only
KHDC1,80759,0,5,32,37,Benign-only
KHDC1L,100129128,0,0,18,18,VUS/Other-only
KHDC3L,154288,3,5,36,44,Multiclass
KHDC4,22889,0,2,74,76,Benign-only
KHDRBS1,10657,1,0,34,35,Pathogenic-only
KHDRBS2,202559,0,0,62,62,VUS/Other-only
KHDRBS3,10656,0,0,41,41,VUS/Other-only
KHK,3795,0,25,81,106,Benign-only
KHNYN,23351,0,3,95,98,Benign-only
KHSRP,8570,0,7,55,62,Benign-only
KIAA0040,9674,0,1,8,9,Benign-only
KIAA0232,9778,0,15,152,167,Benign-only
KIAA0319,9856,0,16,149,165,Benign-only
KIAA0319L,79932,0,25,96,121,Benign-only
KIAA0408,9729,0,10,96,106,Benign-only
KIAA0513,9764,0,3,81,84,Benign-only
KIAA0586,9786,159,671,730,1560,Multiclass
KIAA0753,9851,43,243,251,537,Multiclass
KIAA0754;MACF1,-1,0,3,0,3,Benign-only
KIAA0825,285600,7,7,53,67,Multiclass
KIAA0825;LOC126807453;LOC129994218;LOC129994219;SLF1,-1,0,0,1,1,VUS/Other-only
KIAA0930,23313,2,5,53,60,Multiclass
KIAA1143,57456,0,0,26,26,VUS/Other-only
KIAA1191,57179,0,4,46,50,Benign-only
KIAA1210,57481,0,33,169,202,Benign-only
KIAA1217,56243,0,32,277,309,Benign-only
KIAA1328,57536,0,6,71,77,Benign-only
KIAA1549,57670,6,653,864,1523,Multiclass
KIAA1549L,25758,0,21,254,275,Benign-only
KIAA1586,57691,1,7,99,107,Multiclass
KIAA1586;ZNF451,-1,1,0,0,1,Pathogenic-only
KIAA1614,57710,0,19,206,225,Benign-only
KIAA1671,85379,0,14,151,165,Benign-only
KIAA1755,85449,0,25,179,204,Benign-only
KIAA1958,158405,0,4,44,48,Benign-only
KIAA2012,100652824,0,2,0,2,Benign-only
KIAA2013,90231,0,2,97,99,Benign-only
KICS2,144577,0,3,2,5,Benign-only
KIDINS220,57498,46,355,533,934,Multiclass
KIF11,3832,174,460,333,967,Multiclass
KIF12,113220,12,54,104,170,Multiclass
KIF13A,63971,0,15,215,230,Benign-only
KIF13B,23303,0,14,253,267,Benign-only
KIF14,9928,35,196,250,481,Multiclass
KIF15,56992,2,28,144,174,Multiclass
KIF16B,55614,0,20,222,242,Benign-only
KIF17,57576,0,20,178,198,Benign-only
KIF18A,81930,0,7,106,113,Benign-only
KIF18B,146909,0,1,1,2,Benign-only
KIF19,124602,0,40,206,246,Benign-only
KIF1A,547,198,1604,1240,3042,Multiclass
KIF1A;LOC126806583,-1,1,0,0,1,Pathogenic-only
KIF1B,23095,1,1563,2351,3915,Multiclass
KIF1C,10749,36,361,339,736,Multiclass
KIF1C;LOC126862472,-1,1,0,0,1,Pathogenic-only
KIF20A,10112,1,211,350,562,Multiclass
KIF20B,9585,0,31,252,283,Benign-only
KIF21A,55605,11,85,258,354,Multiclass
KIF21B,23046,0,28,291,319,Benign-only
KIF22,3835,8,193,224,425,Multiclass
KIF23,9493,3,153,231,387,Multiclass
KIF24,347240,0,29,173,202,Benign-only
KIF25,3834,0,8,69,77,Benign-only
KIF26A,26153,8,69,503,580,Multiclass
KIF26B,55083,1,64,339,404,Multiclass
KIF27,55582,0,19,184,203,Benign-only
KIF2A,3796,4,397,222,623,Multiclass
KIF2B,84643,0,9,96,105,Benign-only
KIF2C,11004,0,2,84,86,Benign-only
KIF3A,11127,0,2,45,47,Benign-only
KIF3B,9371,0,7,68,75,Benign-only
KIF3C,3797,0,3,98,101,Benign-only
KIF4A,24137,1,36,184,221,Multiclass
KIF4B,285643,0,12,166,178,Benign-only
KIF5A,3798,89,709,599,1397,Multiclass
KIF5B,3799,4,14,99,117,Multiclass
KIF5C,3800,10,162,101,273,Multiclass
KIF6,221458,0,2,112,115,Benign-only
KIF7,374654,100,659,888,1647,Multiclass
KIF9,64147,0,6,110,116,Benign-only
KIF9-AS1;LOC129936664;LOC129936665;LOC129936666;SETD2,-1,0,0,1,1,VUS/Other-only
KIF9;KIF9-AS1,-1,0,0,1,1,VUS/Other-only
KIFAP3,22920,0,1,64,65,Benign-only
KIFBP,26128,12,72,146,230,Multiclass
KIFC1,3833,0,18,80,98,Benign-only
KIFC2,90990,0,20,177,197,Benign-only
KIFC3,3801,0,2,115,117,Benign-only
KIN,22944,0,1,43,44,Benign-only
KIR2DL1,3802,0,9,0,9,Benign-only
KIR2DL3,3804,0,11,65,76,Benign-only
KIR2DL4,3805,0,26,51,77,Benign-only
KIR2DS4,3809,0,11,24,35,Benign-only
KIR3DL1,3811,0,8,79,87,Benign-only
KIR3DL2,3812,0,13,81,94,Benign-only
KIR3DL3,115653,0,8,55,63,Benign-only
KIRREL1,55243,1,5,120,126,Multiclass
KIRREL2,84063,0,7,110,117,Benign-only
KIRREL3,84623,3,47,115,165,Multiclass
KISS1,3814,1,31,36,68,Multiclass
KISS1R,84634,14,61,112,187,Multiclass
KISS1R;LOC130062853,-1,0,0,1,1,VUS/Other-only
KIT,3815,98,1440,1620,3158,Multiclass
KITLG,4254,4,54,69,127,Multiclass
KIZ,55857,53,182,238,473,Multiclass
KL,9365,1,181,364,546,Multiclass
KLB,152831,1,73,154,228,Multiclass
KLC1,3831,0,1,48,49,Benign-only
KLC2,64837,1,62,124,187,Multiclass
KLC3,147700,0,9,131,140,Benign-only
KLC4,89953,2,1,98,101,Multiclass
KLF1,10661,13,69,129,211,Multiclass
KLF10,7071,0,128,174,302,Benign-only
KLF11,8462,0,118,207,325,Benign-only
KLF12,11278,0,0,47,47,VUS/Other-only
KLF13,51621,0,12,58,70,Benign-only
KLF13;LOC106736477;LOC125078053;OTUD7A,-1,0,0,1,1,VUS/Other-only
KLF14,136259,0,0,61,61,VUS/Other-only
KLF15,28999,0,5,67,72,Benign-only
KLF16,83855,0,1,50,51,Benign-only
KLF17,128209,0,9,64,73,Benign-only
KLF18,105378952,0,13,0,13,Benign-only
KLF2,10365,0,6,49,55,Benign-only
KLF3,51274,0,0,38,38,VUS/Other-only
KLF4,9314,0,12,74,86,Benign-only
KLF5,688,0,1,57,58,Benign-only
KLF6,1316,0,5,14,19,Benign-only
KLF7,8609,1,12,54,67,Multiclass
KLF8,11279,0,12,30,42,Benign-only
KLF9,687,0,2,16,18,Benign-only
KLHDC1,122773,0,1,61,62,Benign-only
KLHDC10,23008,0,0,27,27,VUS/Other-only
KLHDC2,23588,0,0,33,33,VUS/Other-only
KLHDC3,116138,0,1,29,30,Benign-only
KLHDC4,54758,0,11,144,155,Benign-only
KLHDC7A,127707,0,14,130,144,Benign-only
KLHDC7B,113730,0,20,106,126,Benign-only
KLHDC8A,55220,0,3,51,54,Benign-only
KLHDC8B,200942,0,64,113,177,Benign-only
KLHDC9,126823,0,5,56,61,Benign-only
KLHL1,57626,0,7,105,112,Benign-only
KLHL10,317719,0,20,52,72,Benign-only
KLHL11,55175,0,1,48,49,Benign-only
KLHL12,59349,0,0,47,47,VUS/Other-only
KLHL13,90293,0,10,31,41,Benign-only
KLHL13;LOC125467775;LOC130068572;LOC130068573;LOC130068574;LOC130068575;MIR1277;WDR44,-1,0,0,1,1,VUS/Other-only
KLHL14,57565,0,1,58,59,Benign-only
KLHL15,80311,2,26,70,98,Multiclass
KLHL17,339451,0,18,180,198,Benign-only
KLHL18,23276,0,1,70,71,Benign-only
KLHL2,11275,0,7,34,41,Benign-only
KLHL20,27252,3,6,62,71,Multiclass
KLHL21,9903,0,3,101,104,Benign-only
KLHL22,84861,0,2,66,68,Benign-only
KLHL23,151230,0,2,62,64,Benign-only
KLHL24,54800,12,35,68,115,Multiclass
KLHL25,64410,0,1,127,128,Benign-only
KLHL26,55295,0,6,99,105,Benign-only
KLHL28,54813,0,2,49,51,Benign-only
KLHL29,114818,0,5,138,143,Benign-only
KLHL3,26249,14,132,228,374,Multiclass
KLHL30,377007,0,10,128,138,Benign-only
KLHL31,401265,0,5,77,82,Benign-only
KLHL32,114792,0,3,64,67,Benign-only
KLHL33,123103,0,7,109,116,Benign-only
KLHL34,257240,0,1,76,77,Benign-only
KLHL35,283212,0,9,144,153,Benign-only
KLHL36,79786,0,10,128,138,Benign-only
KLHL38,340359,0,8,123,131,Benign-only
KLHL4,56062,0,4,52,56,Benign-only
KLHL40,131377,44,222,307,573,Multiclass
KLHL41,10324,27,143,178,348,Multiclass
KLHL42,57542,0,0,34,34,VUS/Other-only
KLHL5,51088,0,2,91,93,Benign-only
KLHL6,89857,0,3,64,67,Benign-only
KLHL7,55975,42,183,185,410,Multiclass
KLHL8,57563,0,0,52,52,VUS/Other-only
KLHL9,55958,0,50,157,207,Benign-only
KLK1,3816,0,5,34,39,Benign-only
KLK10,5655,0,2,40,42,Benign-only
KLK11,11012,1,6,39,46,Multiclass
KLK12,43849,0,9,43,52,Benign-only
KLK13,26085,0,2,56,58,Benign-only
KLK14,43847,0,3,32,35,Benign-only
KLK15,55554,0,2,40,42,Benign-only
KLK2,3817,0,5,43,48,Benign-only
KLK3,354,0,9,38,47,Benign-only
KLK4,9622,4,24,29,57,Multiclass
KLK5,25818,0,5,42,47,Benign-only
KLK6,5653,0,3,26,29,Benign-only
KLK7,5650,0,4,46,50,Benign-only
KLK8,11202,0,7,45,52,Benign-only
KLK9,284366,0,2,39,41,Benign-only
KLKB1,3818,10,48,84,142,Multiclass
KLKB1;CYP4V2,-1,0,0,2,2,VUS/Other-only
KLLN,100144748,0,6,45,51,Benign-only
KLLN;LOC130004273;MLDHR;PTEN,-1,0,1,1,2,Benign-only
KLLN;LOC130004273;PTEN,-1,0,3,1,4,Benign-only
KLLN;PTEN,-1,0,7,3,10,Benign-only
KLRB1,3820,0,3,41,44,Benign-only
KLRC1,3821,0,2,20,22,Benign-only
KLRC2,3822,0,8,28,36,Benign-only
KLRC3,3823,0,10,30,40,Benign-only
KLRC4,8302,0,0,17,17,VUS/Other-only
KLRC4-KLRK1,100528032,0,2,1,3,Benign-only
KLRD1,3824,0,3,15,18,Benign-only
KLRF1,51348,0,0,5,5,VUS/Other-only
KLRF2,100431172,0,2,39,41,Benign-only
KLRG1,10219,0,3,15,18,Benign-only
KLRG2,346689,0,2,71,73,Benign-only
KLRK1,22914,0,0,1,1,VUS/Other-only
KMO,8564,0,7,42,49,Benign-only
KMT2A,4297,503,1245,1775,3523,Multiclass
KMT2A;TTC36-AS1,-1,1,0,1,2,Pathogenic-only
KMT2B,9757,130,1305,973,2408,Multiclass
KMT2C,58508,171,1020,1154,2345,Multiclass
KMT2C;LOC129389938;LOC129999675,-1,0,0,1,1,VUS/Other-only
KMT2D,8085,918,3122,2373,6413,Multiclass
KMT2D;LOC126861520,-1,1,0,0,1,Pathogenic-only
KMT2E,55904,136,472,690,1298,Multiclass
KMT5A,387893,0,2,3,5,Benign-only
KMT5B,51111,65,51,117,233,Multiclass
KMT5C,84787,0,4,5,9,Benign-only
KNCN,148930,0,2,22,24,Benign-only
KNDC1,85442,0,42,322,364,Benign-only
KNG1,3827,7,24,100,131,Multiclass
KNL1,57082,22,162,182,366,Multiclass
KNOP1,400506,0,10,60,70,Benign-only
KNSTRN,90417,0,10,57,67,Benign-only
KNTC1,9735,0,10,223,233,Benign-only
KPLCE,100129271,0,0,3,3,VUS/Other-only
KPNA1,3836,0,2,31,33,Benign-only
KPNA2,3838,0,3,30,33,Benign-only
KPNA3,3839,3,4,49,56,Multiclass
KPNA4,3840,0,2,17,19,Benign-only
KPNA5,3841,0,0,46,46,VUS/Other-only
KPNA6,23633,0,0,32,32,VUS/Other-only
KPNA7,402569,0,244,290,534,Benign-only
KPNB1,3837,0,2,30,32,Benign-only
KPRP,448834,0,5,98,103,Benign-only
KPTN,11133,24,77,113,214,Multiclass
KRABD3,84626,0,3,0,3,Benign-only
KRAS,3845,88,214,118,420,Multiclass
KRBA1,84626,0,6,96,102,Benign-only
KRBA2,124751,0,4,50,54,Benign-only
KRBOX1,100506243,0,3,11,14,Benign-only
KRBOX4,55634,0,0,11,11,VUS/Other-only
KRBOX5,124411,0,1,12,13,Benign-only
KRCC1,51315,0,4,32,36,Benign-only
KREMEN1,83999,1,39,88,128,Multiclass
KREMEN2,79412,0,5,63,68,Benign-only
KRI1,65095,0,10,128,138,Benign-only
KRIT1,889,345,150,271,766,Multiclass
KRIT1;LOC113748416;ANKIB1,-1,0,0,1,1,VUS/Other-only
KRR1,11103,0,9,46,55,Benign-only
KRT1,3848,35,63,133,231,Multiclass
KRT10,3858,24,100,103,227,Multiclass
KRT10-AS1,147184,0,2,33,35,Benign-only
KRT10;KRT10-AS1,-1,1,0,0,1,Pathogenic-only
KRT12,3859,3,19,58,80,Multiclass
KRT13,3860,0,57,75,132,Benign-only
KRT14,3861,70,65,92,227,Multiclass
KRT15,3866,0,6,71,77,Benign-only
KRT16,3868,16,68,70,154,Multiclass
KRT17,3872,11,76,78,165,Multiclass
KRT18,3875,0,6,35,41,Benign-only
KRT18;KRT8;LOC106096416,-1,0,1,0,1,Benign-only
KRT19,3880,0,5,69,74,Benign-only
KRT2,3849,7,90,118,215,Multiclass
KRT20,54474,0,7,66,73,Benign-only
KRT222,125113,0,0,37,37,VUS/Other-only
KRT23,25984,0,5,60,65,Benign-only
KRT24,192666,0,13,75,88,Benign-only
KRT25,147183,2,40,73,115,Multiclass
KRT26,353288,0,8,76,84,Benign-only
KRT27,342574,0,4,61,65,Benign-only
KRT28,162605,0,7,76,83,Benign-only
KRT3,3850,3,44,106,153,Multiclass
KRT31,3881,0,6,53,59,Benign-only
KRT32,3882,0,1,72,73,Benign-only
KRT33A,3883,0,4,100,104,Benign-only
KRT33B,3884,0,3,81,84,Benign-only
KRT34,3885,0,8,59,67,Benign-only
KRT35,3886,0,8,81,89,Benign-only
KRT36,8689,0,7,81,88,Benign-only
KRT37,8688,0,3,85,88,Benign-only
KRT38,8687,0,8,74,82,Benign-only
KRT39,390792,0,5,66,71,Benign-only
KRT4,3851,0,65,110,175,Benign-only
KRT40,125115,0,2,68,70,Benign-only
KRT5,3852,81,74,140,295,Multiclass
KRT5;LOC126861526,-1,1,0,0,1,Pathogenic-only
KRT6A,3853,26,81,124,231,Multiclass
KRT6B,3854,4,82,150,236,Multiclass
KRT6C,286887,2,69,107,178,Multiclass
KRT7,3855,0,12,86,98,Benign-only
KRT71,112802,0,70,129,199,Benign-only
KRT72,140807,0,5,83,88,Benign-only
KRT73,319101,0,2,103,105,Benign-only
KRT74,121391,0,103,124,227,Benign-only
KRT75,9119,0,3,83,86,Benign-only
KRT76,51350,0,7,101,108,Benign-only
KRT77,374454,0,9,91,100,Benign-only
KRT78,196374,0,20,91,111,Benign-only
KRT79,338785,0,4,74,78,Benign-only
KRT8,3856,0,18,52,70,Benign-only
KRT80,144501,0,6,78,84,Benign-only
KRT81,3887,1,30,100,131,Multiclass
KRT81;KRT86,-1,0,1,0,1,Benign-only
KRT82,3888,0,1,102,103,Benign-only
KRT83,3889,3,99,130,232,Multiclass
KRT84,3890,0,8,114,122,Benign-only
KRT85,3891,0,53,105,158,Benign-only
KRT86,3892,2,63,80,145,Multiclass
KRT86;KRT81,-1,0,1,0,1,Benign-only
KRT9,3857,12,56,127,195,Multiclass
KRTAP1-1,81851,0,6,36,42,Benign-only
KRTAP1-3,81850,0,7,30,37,Benign-only
KRTAP1-5,83895,0,7,41,48,Benign-only
KRTAP10-1,386677,0,10,66,76,Benign-only
KRTAP10-10,353333,0,9,49,58,Benign-only
KRTAP10-10;TSPEAR,-1,0,3,0,3,Benign-only
KRTAP10-11,386678,0,22,63,85,Benign-only
KRTAP10-12,386685,0,7,61,68,Benign-only
KRTAP10-1;TSPEAR,-1,0,1,0,1,Benign-only
KRTAP10-2,386679,0,7,35,42,Benign-only
KRTAP10-3,386682,0,11,69,80,Benign-only
KRTAP10-3;TSPEAR,-1,0,1,0,1,Benign-only
KRTAP10-4,386672,0,17,80,97,Benign-only
KRTAP10-4;TSPEAR,-1,0,1,0,1,Benign-only
KRTAP10-5,386680,0,8,50,58,Benign-only
KRTAP10-5;TSPEAR,-1,0,1,0,1,Benign-only
KRTAP10-6,386674,0,10,64,74,Benign-only
KRTAP10-6;TSPEAR,-1,0,2,0,2,Benign-only
KRTAP10-7,386675,0,6,45,51,Benign-only
KRTAP10-7;TSPEAR,-1,0,1,0,1,Benign-only
KRTAP10-8,386681,0,8,45,53,Benign-only
KRTAP10-8;TSPEAR,-1,0,1,0,1,Benign-only
KRTAP10-9,386676,0,10,85,95,Benign-only
KRTAP11-1,337880,0,0,26,26,VUS/Other-only
KRTAP12-1,353332,0,3,12,15,Benign-only
KRTAP12-2,353323,0,5,20,25,Benign-only
KRTAP12-3,386683,0,0,21,21,VUS/Other-only
KRTAP12-4,386684,0,2,16,18,Benign-only
KRTAP12-4;TSPEAR,-1,0,1,0,1,Benign-only
KRTAP13-1,140258,0,3,33,36,Benign-only
KRTAP13-2,337959,0,3,33,36,Benign-only
KRTAP13-3,337960,0,2,22,24,Benign-only
KRTAP13-4,284827,0,0,20,20,VUS/Other-only
KRTAP15-1,254950,0,1,18,19,Benign-only
KRTAP16-1,100505753,0,9,95,104,Benign-only
KRTAP17-1,83902,0,1,16,17,Benign-only
KRTAP19-1,337882,0,3,21,24,Benign-only
KRTAP19-2,337969,0,3,6,9,Benign-only
KRTAP19-3,337970,0,1,20,21,Benign-only
KRTAP19-4,337971,0,0,10,10,VUS/Other-only
KRTAP19-5,337972,0,1,12,13,Benign-only
KRTAP19-6,337973,0,0,12,12,VUS/Other-only
KRTAP19-7,337974,0,2,9,11,Benign-only
KRTAP19-8,728299,0,1,11,12,Benign-only
KRTAP2-1,81872,0,1,30,31,Benign-only
KRTAP2-2,728279,0,1,20,21,Benign-only
KRTAP2-3,730755,0,0,26,26,VUS/Other-only
KRTAP2-4,85294,0,1,34,35,Benign-only
KRTAP20-1,337975,0,0,8,8,VUS/Other-only
KRTAP20-2,337976,0,0,5,5,VUS/Other-only
KRTAP20-3,337985,0,1,6,7,Benign-only
KRTAP21-1,337977,0,2,15,17,Benign-only
KRTAP21-2,337978,0,0,9,9,VUS/Other-only
KRTAP21-3,100288323,0,0,8,8,VUS/Other-only
KRTAP22-1,337979,0,0,5,5,VUS/Other-only
KRTAP22-2,100288287,0,0,6,6,VUS/Other-only
KRTAP23-1,337963,0,3,6,9,Benign-only
KRTAP24-1,643803,0,5,33,38,Benign-only
KRTAP25-1,100131902,0,2,14,16,Benign-only
KRTAP26-1,388818,0,2,30,32,Benign-only
KRTAP27-1,643812,0,5,25,30,Benign-only
KRTAP3-1,83896,0,3,19,22,Benign-only
KRTAP3-2,83897,0,0,18,18,VUS/Other-only
KRTAP3-3,85293,0,1,11,12,Benign-only
KRTAP4-1,85285,0,1,33,34,Benign-only
KRTAP4-11,653240,0,2,62,64,Benign-only
KRTAP4-12,83755,0,9,42,51,Benign-only
KRTAP4-16,85354,0,2,0,2,Benign-only
KRTAP4-2,85291,0,3,28,31,Benign-only
KRTAP4-3,85290,0,4,31,35,Benign-only
KRTAP4-4,84616,0,8,32,40,Benign-only
KRTAP4-5,85289,0,6,28,34,Benign-only
KRTAP4-6,81871,0,1,62,63,Benign-only
KRTAP4-7,100132476,0,4,52,56,Benign-only
KRTAP4-8,728224,0,7,32,39,Benign-only
KRTAP4-9,100132386,0,2,45,47,Benign-only
KRTAP5-1,387264,0,3,59,62,Benign-only
KRTAP5-10,387273,0,5,36,41,Benign-only
KRTAP5-11,440051,0,1,31,32,Benign-only
KRTAP5-2,440021,0,4,33,37,Benign-only
KRTAP5-3,387266,0,5,33,38,Benign-only
KRTAP5-4,387267,0,3,13,16,Benign-only
KRTAP5-5,439915,0,11,30,41,Benign-only
KRTAP5-6,440023,0,2,18,20,Benign-only
KRTAP5-7,440050,0,1,30,31,Benign-only
KRTAP5-8,57830,0,1,25,26,Benign-only
KRTAP5-9,3846,0,1,20,21,Benign-only
KRTAP6-1,337966,0,0,15,15,VUS/Other-only
KRTAP6-2,337967,0,1,15,16,Benign-only
KRTAP6-3,337968,0,1,11,12,Benign-only
KRTAP7-1,337878,0,0,5,5,VUS/Other-only
KRTAP8-1,337879,0,0,11,11,VUS/Other-only
KRTAP9-1,728318,0,3,40,43,Benign-only
KRTAP9-2,83899,0,0,42,42,VUS/Other-only
KRTAP9-3,83900,0,8,39,47,Benign-only
KRTAP9-4,85280,0,1,27,28,Benign-only
KRTAP9-6;KRTAP9-7;KRTAP9-8;KRTAP9-2;KRTAP9-3;KRTAP9-4;KRTAP9-9,-1,1,0,0,1,Pathogenic-only
KRTAP9-7,100505724,1,0,0,1,Pathogenic-only
KRTAP9-8,83901,0,1,33,34,Benign-only
KRTAP9-9,81870,3,2,25,30,Multiclass
KRTCAP2,200185,0,1,22,23,Benign-only
KRTCAP3,200634,0,4,45,49,Benign-only
KRTCAP3;IFT172,-1,0,1,0,1,Benign-only
KRTDAP,388533,0,0,16,16,VUS/Other-only
KSR1,8844,0,1,117,118,Benign-only
KSR2,283455,1,97,135,233,Multiclass
KTI12,112970,0,2,53,55,Benign-only
KTN1,3895,0,10,0,10,Benign-only
KXD1,79036,0,2,27,29,Benign-only
KY,339855,5,54,95,154,Multiclass
KYAT1,883,0,2,8,10,Benign-only
KYAT3,56267,0,1,2,3,Benign-only
KYNU,8942,16,17,71,104,Multiclass
L1CAM,3897,189,809,341,1339,Multiclass
L1TD1,54596,0,6,75,81,Benign-only
L2HGDH,79944,42,116,144,302,Multiclass
L3HYPDH,112849,0,1,69,70,Benign-only
L3MBTL1,26013,1,10,118,129,Multiclass
L3MBTL2,83746,0,5,81,86,Benign-only
L3MBTL3,84456,0,5,94,99,Benign-only
L3MBTL4,91133,0,4,90,94,Benign-only
LACC1,144811,4,10,48,62,Multiclass
LACRT,90070,0,2,24,26,Benign-only
LACTB,114294,0,5,74,79,Benign-only
LACTB2,51110,0,4,42,46,Benign-only
LACTBL1,646262,0,1,0,1,Benign-only
LAD1,3898,0,6,8,14,Benign-only
LAG3,3902,0,14,102,116,Benign-only
LAGE3,8270,0,25,56,81,Benign-only
LAIR1,3903,0,3,51,54,Benign-only
LAIR2,3904,0,5,20,25,Benign-only
LALBA,3906,0,0,9,9,VUS/Other-only
LAMA1,284217,122,639,846,1607,Multiclass
LAMA1;LOC112577592;LOC130062133;LRRC30;PTPRM,-1,0,1,0,1,Benign-only
LAMA2,3908,950,2517,1525,4992,Multiclass
LAMA2;LOC126859782;LOC129997126;LOC129997127;LOC129997128,-1,0,0,1,1,VUS/Other-only
LAMA3,3909,216,1267,576,2059,Multiclass
LAMA4,3910,4,896,1242,2142,Multiclass
LAMA5,3911,24,1094,1025,2143,Multiclass
LAMB1,3912,37,461,573,1071,Multiclass
LAMB2,3913,97,408,736,1241,Multiclass
LAMB3,3914,274,821,345,1440,Multiclass
LAMB4,22798,0,39,234,273,Benign-only
LAMC1,3915,0,124,196,320,Benign-only
LAMC2,3918,188,772,248,1208,Multiclass
LAMC3,10319,103,869,768,1740,Multiclass
LAMP1,3916,0,14,61,75,Benign-only
LAMP2,3920,137,318,284,739,Multiclass
LAMP3,27074,0,9,51,60,Benign-only
LAMP5,24141,0,3,37,40,Benign-only
LAMTOR1,55004,0,1,19,20,Benign-only
LAMTOR2,28956,0,39,43,82,Benign-only
LAMTOR3,8649,0,0,17,17,VUS/Other-only
LAMTOR4,389541,0,2,19,21,Benign-only
LAMTOR5,10542,0,1,17,18,Benign-only
LANCL1,10314,0,2,69,71,Benign-only
LANCL2,55915,0,4,65,69,Benign-only
LANCL3,347404,0,8,50,58,Benign-only
LAP3,51056,0,2,84,86,Benign-only
LAPTM4A,9741,0,0,35,35,VUS/Other-only
LAPTM4B,55353,0,7,49,56,Benign-only
LAPTM5,7805,0,0,38,38,VUS/Other-only
LARGE-AS1;LARGE1,-1,0,0,1,1,VUS/Other-only
LARGE1,9215,36,594,325,955,Multiclass
LARGE1;LOC121627939;LOC121627940;LOC130067278;LOC130067279,-1,1,0,0,1,Pathogenic-only
LARGE1;LOC125446220;SYN3,-1,0,0,1,1,VUS/Other-only
LARGE2,120071,0,1,12,13,Benign-only
LARGE2;PHF21A,-1,1,0,0,1,Pathogenic-only
LARP1,23367,0,6,112,118,Benign-only
LARP1B,55132,0,6,127,133,Benign-only
LARP4,113251,0,3,82,85,Benign-only
LARP4B,23185,0,17,100,117,Benign-only
LARP6,55323,0,4,76,80,Benign-only
LARP7,51574,82,135,145,362,Multiclass
LARP7;MIR302CHG,-1,4,0,0,4,Pathogenic-only
LARS1,51520,28,319,205,552,Multiclass
LARS2,23395,60,314,210,584,Multiclass
LARS2-AS1;LARS2,-1,1,0,0,1,Pathogenic-only
LAS1L,81887,5,99,139,243,Multiclass
LASP1,3927,0,4,28,32,Benign-only
LAT,27040,7,138,76,221,Multiclass
LAT2,7462,0,7,33,40,Benign-only
LATS1,9113,0,5,98,103,Benign-only
LATS2,26524,0,25,133,158,Benign-only
LAX1,54900,0,10,51,61,Benign-only
LAYN,143903,0,6,67,73,Benign-only
LBH,81606,0,1,20,21,Benign-only
LBHD1,79081,0,2,44,46,Benign-only
LBP,3929,0,20,70,90,Benign-only
LBR,3930,20,160,241,421,Multiclass
LBX1,10660,1,4,26,31,Multiclass
LBX2,85474,0,3,23,26,Benign-only
LCA5,167691,155,370,313,838,Multiclass
LCA5L,150082,0,4,85,89,Benign-only
LCAT,3931,29,143,148,320,Multiclass
LCE1A,353131,0,4,22,26,Benign-only
LCE1B,353132,0,0,19,19,VUS/Other-only
LCE1C,353133,0,4,15,19,Benign-only
LCE1D,353134,0,4,17,21,Benign-only
LCE1E,353135,0,1,23,24,Benign-only
LCE1F,353137,0,5,20,25,Benign-only
LCE2A,353139,0,3,23,26,Benign-only
LCE2B,26239,0,1,30,31,Benign-only
LCE2C,353140,0,3,23,26,Benign-only
LCE2D,353141,0,2,21,23,Benign-only
LCE3A,353142,0,1,13,14,Benign-only
LCE3B,353143,0,4,7,11,Benign-only
LCE3C,353144,0,3,9,12,Benign-only
LCE3D,84648,0,2,24,26,Benign-only
LCE3E,353145,0,1,23,24,Benign-only
LCE4A,199834,0,0,18,18,VUS/Other-only
LCE5A,254910,0,1,12,13,Benign-only
LCE6A,448835,0,0,9,9,VUS/Other-only
LCK,3932,14,201,103,318,Multiclass
LCLAT1,253558,0,4,48,52,Benign-only
LCMT1,51451,0,3,48,51,Benign-only
LCMT2,9836,0,7,166,173,Benign-only
LCN1,3933,0,5,38,43,Benign-only
LCN10,414332,0,4,31,35,Benign-only
LCN12,286256,0,5,31,36,Benign-only
LCN15,389812,0,4,21,25,Benign-only
LCN2,3934,0,8,25,33,Benign-only
LCN6,158062,0,6,31,37,Benign-only
LCN8,138307,0,4,34,38,Benign-only
LCN9,392399,0,3,18,21,Benign-only
LCNL1,401562,0,4,26,30,Benign-only
LCOR,84458,0,1,49,50,Benign-only
LCORL,254251,0,0,76,76,VUS/Other-only
LCP1,3936,1,4,53,58,Multiclass
LCP2,3937,0,32,69,101,Benign-only
LCT,3938,44,475,420,939,Multiclass
LCTL,197021,0,13,105,118,Benign-only
LDAF1,57146,0,2,17,19,Benign-only
LDAH,60526,0,4,45,49,Benign-only
LDB1,8861,11,2,35,48,Multiclass
LDB2,9079,0,3,29,32,Benign-only
LDB3,11155,34,530,880,1444,Multiclass
LDHA,3939,12,108,112,232,Multiclass
LDHAL6A,160287,0,1,48,49,Benign-only
LDHAL6B,92483,0,2,93,95,Benign-only
LDHB,3945,0,8,40,48,Benign-only
LDHC,3948,0,2,39,41,Benign-only
LDHD,197257,3,8,88,99,Multiclass
LDLR,3949,1937,998,1144,4079,Multiclass
LDLR;LDLR-AS1,-1,2,0,0,2,Pathogenic-only
LDLR;LDLR-AS1;LOC126862855;LOC126862856,-1,1,0,0,1,Pathogenic-only
LDLR;MIR6886,-1,3,0,0,3,Pathogenic-only
LDLRAD1,388633,0,4,27,31,Benign-only
LDLRAD2,401944,0,2,56,58,Benign-only
LDLRAD3,143458,0,6,43,49,Benign-only
LDLRAD4,753,0,1,45,46,Benign-only
LDLRAP1,26119,68,326,230,624,Multiclass
LDOC1,23641,0,1,6,7,Benign-only
LDOC1;SPANXC,-1,0,0,1,1,VUS/Other-only
LEAP2,116842,0,0,15,15,VUS/Other-only
LECT2,3950,0,0,15,15,VUS/Other-only
LEF1,51176,4,4,45,53,Multiclass
LEFTY1,10637,0,11,71,82,Benign-only
LEFTY2,7044,0,81,105,186,Benign-only
LEKR1,389170,0,3,80,83,Benign-only
LELP1,149018,0,0,14,14,VUS/Other-only
LEMD1,93273,0,3,26,29,Benign-only
LEMD2,221496,1,40,79,120,Multiclass
LEMD3,23592,67,311,521,899,Multiclass
LENEP,55891,0,1,6,7,Benign-only
LENG1,79165,0,2,60,62,Benign-only
LENG8,114823,0,4,124,128,Benign-only
LENG9,94059,0,8,87,95,Benign-only
LEO1,123169,1,3,86,90,Multiclass
LEP,3952,6,33,54,93,Multiclass
LEPR,3953,19,134,161,314,Multiclass
LEPR;LEPROT,-1,0,2,0,2,Benign-only
LEPROT,54741,0,1,11,12,Benign-only
LEPROTL1,23484,0,0,10,10,VUS/Other-only
LETM1,3954,3,161,161,325,Multiclass
LETM2,137994,0,3,63,66,Benign-only
LETMD1,25875,0,4,50,54,Benign-only
LEUTX,342900,0,3,21,24,Benign-only
LFNG,3955,7,177,122,306,Multiclass
LGALS1,3956,0,1,19,20,Benign-only
LGALS12,85329,0,5,60,65,Benign-only
LGALS13,29124,0,1,16,17,Benign-only
LGALS14,56891,0,0,24,24,VUS/Other-only
LGALS16,148003,0,2,29,31,Benign-only
LGALS2,3957,0,3,20,23,Benign-only
LGALS3,3958,0,8,34,42,Benign-only
LGALS3BP,3959,0,12,78,90,Benign-only
LGALS4,3960,0,5,43,48,Benign-only
LGALS7,3963,0,2,6,8,Benign-only
LGALS7B,653499,0,2,19,21,Benign-only
LGALS8,3964,0,8,34,42,Benign-only
LGALS9,3965,0,7,64,71,Benign-only
LGALS9B,284194,0,7,54,61,Benign-only
LGALS9C,654346,0,6,53,59,Benign-only
LGALSL,29094,0,1,16,17,Benign-only
LGI1,9211,62,182,275,519,Multiclass
LGI2,55203,0,4,57,61,Benign-only
LGI3,203190,12,8,98,118,Multiclass
LGI4,163175,10,44,84,138,Multiclass
LGMN,5641,0,4,76,80,Benign-only
LGR4,55366,0,16,105,121,Benign-only
LGR5,8549,0,15,110,125,Benign-only
LGR6,59352,0,15,139,154,Benign-only
LGSN,51557,0,10,82,92,Benign-only
LHB,3972,0,55,32,87,Benign-only
LHCGR,3973,39,91,137,267,Multiclass
LHFPL1,340596,0,1,23,24,Benign-only
LHFPL2,10184,0,0,32,32,VUS/Other-only
LHFPL3,375612,0,5,23,28,Benign-only
LHFPL3-AS1;LHFPL3,-1,1,0,0,1,Pathogenic-only
LHFPL4,375323,0,2,18,20,Benign-only
LHFPL5,222662,20,38,112,170,Multiclass
LHFPL6,10186,0,1,24,25,Benign-only
LHFPL7,255349,0,4,10,14,Benign-only
LHPP,64077,0,5,53,58,Benign-only
LHX1,3975,0,3,43,46,Benign-only
LHX2,9355,7,5,63,75,Multiclass
LHX3,8022,43,360,167,570,Multiclass
LHX4,89884,8,66,134,208,Multiclass
LHX5,64211,0,2,40,42,Benign-only
LHX6,26468,0,1,40,41,Benign-only
LHX8,431707,0,4,46,50,Benign-only
LHX9,56956,0,1,44,45,Benign-only
LIAS,11019,30,217,185,432,Multiclass
LIAT1,400566,0,23,7,30,Benign-only
LIF,3976,0,2,29,31,Benign-only
LIFR,3977,170,678,438,1286,Multiclass
LIFR;LIFR-AS1,-1,0,1,0,1,Benign-only
LIG1,3978,2,495,316,813,Multiclass
LIG3,3980,7,46,128,181,Multiclass
LIG4,3981,108,289,367,764,Multiclass
LILRA1,11024,0,12,113,125,Benign-only
LILRA2,11027,0,18,110,128,Benign-only
LILRA3,11026,0,8,5,13,Benign-only
LILRA4,23547,0,12,83,95,Benign-only
LILRA5,353514,0,5,38,43,Benign-only
LILRA6,79168,0,5,10,15,Benign-only
LILRA6;LILRB3,-1,0,5,0,5,Benign-only
LILRB1,10859,0,15,146,161,Benign-only
LILRB2,10288,0,22,116,138,Benign-only
LILRB3,11025,0,14,97,111,Benign-only
LILRB3;LILRA6,-1,0,1,0,1,Benign-only
LILRB4,11006,0,4,0,4,Benign-only
LILRB5,10990,0,13,106,119,Benign-only
LIM2,3982,1,24,76,101,Multiclass
LIMA1,51474,0,3,97,100,Benign-only
LIMCH1,22998,0,12,167,179,Benign-only
LIMD1,8994,0,7,93,100,Benign-only
LIMD2,80774,0,0,18,18,VUS/Other-only
LIME1,54923,0,3,39,42,Benign-only
LIMK1,3984,0,45,77,122,Benign-only
LIMK2,3985,0,5,100,105,Benign-only
LIMS1,3987,0,4,60,64,Benign-only
LIMS2,55679,2,169,205,376,Multiclass
LIN28A,79727,0,1,22,23,Benign-only
LIN28B,389421,0,4,25,29,Benign-only
LIN37,55957,0,2,49,51,Benign-only
LIN52,91750,0,0,16,16,VUS/Other-only
LIN54,132660,0,2,55,57,Benign-only
LIN7A,8825,0,2,23,25,Benign-only
LIN7B,64130,0,2,47,49,Benign-only
LIN7C,55327,0,0,16,16,VUS/Other-only
LIN9,286826,0,1,43,44,Benign-only
LINC00278;LOC108178989;MIR9985;PCDH11Y;RPS4Y1;SRY;TGIF2LY;ZFY;ZFY-AS1,-1,1,0,0,1,Pathogenic-only
LINC00373,105370306,1,0,0,1,Pathogenic-only
LINC00397;LOC126861813;MIR4500;MIR4500HG;SLITRK5,-1,1,0,0,1,Pathogenic-only
LINC00630;RAB40AL,-1,0,3,0,3,Benign-only
LINC00871,100506412,0,1,0,1,Benign-only
LINC00879,255025,0,1,0,1,Benign-only
LINC01052;LOC110120945;LOC124900161;LOC126861790;LOC126861791;MIR4704;MIR548X2;PCDH9;PCDH9-AS1,-1,0,0,1,1,VUS/Other-only
LINC01065;LOC112163664;LOC121468000;LOC130009856;LOC130009857;MIR759;OLFM4;PCDH8,-1,0,0,1,1,VUS/Other-only
LINC01115;LINC01939;LOC126806100;LOC126806101;LOC129932979;LOC129932980;SNTG2;SNTG2-AS1,-1,0,0,1,1,VUS/Other-only
LINC01140,339524,0,1,0,1,Benign-only
LINC01228;LINC01229;LOC130059466;LOC130059467;LOC130059468;LOC130059469;LOC130059470;LOC130059471;MAFTRR,-1,0,0,1,1,VUS/Other-only
LINC01237;LINC01238;LINC01880;LINC01881;LINC03100;LOC122889016;LOC132205954;LOC285097,-1,0,1,0,1,Benign-only
LINC01237;LINC01880;LINC01881;LINC03100;LOC122889016;LOC285097,-1,0,1,0,1,Benign-only
LINC01237;LINC01880;LOC122889016;LOC285097,-1,0,1,0,1,Benign-only
LINC01389,102724077,0,0,1,1,VUS/Other-only
LINC01409,105378580,0,1,0,1,Benign-only
LINC01412;LINC02993;LOC110121209;TEX41;ZEB2;ZEB2-AS1,-1,1,0,0,1,Pathogenic-only
LINC01412;LINC02993;LOC110121209;ZEB2;ZEB2-AS1,-1,1,0,0,1,Pathogenic-only
LINC01470,101927134,0,0,1,1,VUS/Other-only
LINC01487;LOC121725159;LOC123230397;LOC123230398;LOC126806850;LOC129389152;MME;STRIT1,-1,0,0,1,1,VUS/Other-only
LINC01487;LOC121725159;LOC123230397;LOC126806850;LOC129389152;MME,-1,0,0,1,1,VUS/Other-only
LINC01524,101927700,0,0,1,1,VUS/Other-only
LINC01541,100505776,0,1,0,1,Benign-only
LINC01560,203414,0,1,0,1,Benign-only
LINC01566,283914,0,1,0,1,Benign-only
LINC01620,140834,0,1,0,1,Benign-only
LINC01689;LOC129391237;LOC129391238,-1,0,0,1,1,VUS/Other-only
LINC01695;LINC01697,-1,0,1,0,1,Benign-only
LINC01716;LOC125387309;LOC126863065;LOC130066216;LOC130066217;TFAP2C,-1,0,0,1,1,VUS/Other-only
LINC01815;LOC102724542;LOC126806257;LOC129388880;LOC129388881,-1,0,1,0,1,Benign-only
LINC01851;LOC101927948;LOC101927967;LOC108021855;SNAR-H,-1,0,0,1,1,VUS/Other-only
LINC01916;LOC110120953;LOC126862780,-1,0,0,1,1,VUS/Other-only
LINC01949;LOC101929380,-1,0,3,0,3,Benign-only
LINC01978;LINC01979,-1,1,0,0,1,Pathogenic-only
LINC02018;LOC112935961;LOC129937069;LOC129937070;LOC129937071;LOC129937072;LOC129937073,-1,0,1,0,1,Benign-only
LINC02055,107986980,0,1,0,1,Benign-only
LINC02147;LINC02148;LINC02208;LINC02215;LINC02216;LOC126807488;LOC129994422;LOC129994423;LOC132089162,-1,0,0,1,1,VUS/Other-only
LINC02174;LINC02382;LINC02431;LINC02504;LOC129993378;LOC129993379;MIR6082,-1,0,1,0,1,Benign-only
LINC02223,646241,0,0,1,1,VUS/Other-only
LINC02250;LOC125078047;SNHG14;UBE3A,-1,1,0,0,1,Pathogenic-only
LINC02284;LOC126861952;LOC130055713;LOC130055714;LOC130055715;LOC130055716;LOC130055717;PELI2,-1,0,0,1,1,VUS/Other-only
LINC02284;PELI2,-1,0,0,1,1,VUS/Other-only
LINC02307;LOC126861930;LOC126861931;LOC129390623;LOC132090214;LOC132090215,-1,0,0,1,1,VUS/Other-only
LINC02315;LOC129390622,-1,0,0,1,1,VUS/Other-only
LINC02353;LINC02506;LOC105377651;LOC132089124;LOC132089125,-1,0,0,1,1,VUS/Other-only
LINC02374;LOC339975,-1,0,1,0,1,Benign-only
LINC02428;LOC126807129;TACR3;TACR3-AS1,-1,0,0,1,1,VUS/Other-only
LINC02456;IGF1,-1,0,0,2,2,VUS/Other-only
LINC02629;LOC126860913,-1,0,0,1,1,VUS/Other-only
LINC02650;LOC105378396;LOC121366067;LOC126860983;LOC126860984;NRG3;NRG3-AS1,-1,0,0,1,1,VUS/Other-only
LINC02661;LOC126861035;LOC132089879;LOC132089880;LOC132089881;LOC132089882;LOC132089883;LOC132089884;LOC132090825,-1,0,0,1,1,VUS/Other-only
LINC02687;LINC02696;LOC112081395;SYT13,-1,0,0,1,1,VUS/Other-only
LINC02693,339263,0,0,5,5,VUS/Other-only
LINC02694,400359,0,0,1,1,VUS/Other-only
LINC02706;LINC02714;LOC121392954;LOC126861407;LOC132089908,-1,0,1,0,1,Benign-only
LINC02714;LOC126861408,-1,0,1,0,1,Benign-only
LINC02843,286238,0,0,2,2,VUS/Other-only
LINC02860,285941,0,0,1,1,VUS/Other-only
LINC02870,170393,0,0,2,2,VUS/Other-only
LINC02874,283403,0,0,1,1,VUS/Other-only
LINC02875,388407,0,0,2,2,VUS/Other-only
LINC02897,388759,0,0,4,4,VUS/Other-only
LINC02898,400950,0,1,2,3,Benign-only
LINC02906,389676,0,0,1,1,VUS/Other-only
LINC02908,401563,0,1,3,4,Benign-only
LINC02909,196415,0,1,0,1,Benign-only
LINC02910,284756,0,1,1,2,Benign-only
LINC02913,414318,0,0,3,3,VUS/Other-only
LINC03042,389649,0,1,0,1,Benign-only
LINC03070;LOC126863193;LOC126863195;LOC130067907;LOC126863194;LOC126863196;LOC130067906;NLGN4X,-1,1,0,0,1,Pathogenic-only
LINC03077,128071542,0,0,1,1,VUS/Other-only
LINC03077;LOC125467768;LOC126863292;PCDH19,-1,1,0,0,1,Pathogenic-only
LINC03103,100507527,0,1,3,4,Benign-only
LINC03106,100506422,0,1,0,1,Benign-only
LINC03131;LOC124210615,-1,0,0,1,1,VUS/Other-only
LINC03131;LOC124210615;LOC130001558;PTPRD;PTPRD-DT,-1,0,0,1,1,VUS/Other-only
LINGO1,84894,0,32,87,119,Benign-only
LINGO2,158038,0,6,73,79,Benign-only
LINGO3,645191,0,1,76,77,Benign-only
LINGO4,339398,0,3,95,98,Benign-only
LINS1,55180,31,80,77,188,Multiclass
LIPA,3988,152,320,216,688,Multiclass
LIPC,3990,0,133,183,316,Benign-only
LIPE,3991,5,77,180,262,Multiclass
LIPF,8513,0,3,47,50,Benign-only
LIPG,9388,0,97,130,227,Benign-only
LIPH,200879,9,46,70,125,Multiclass
LIPI,149998,0,62,115,177,Benign-only
LIPJ,142910,0,1,35,36,Benign-only
LIPK,643414,0,5,52,57,Benign-only
LIPM,340654,0,2,51,53,Benign-only
LIPN,643418,0,53,79,132,Benign-only
LIPT1,51601,6,47,72,125,Multiclass
LIPT2,387787,2,40,97,139,Multiclass
LIPT2-AS1;LOC130006412,-1,0,4,0,4,Benign-only
LITAF,9516,7,127,135,269,Multiclass
LIX1,167410,0,0,30,30,VUS/Other-only
LIX1L,128077,0,1,47,48,Benign-only
LKAAEAR1,198437,0,2,47,49,Benign-only
LLCFC1,135927,0,0,1,1,VUS/Other-only
LLGL1,3996,0,23,152,175,Benign-only
LLGL2,3993,0,23,219,242,Benign-only
LLGL2;TSEN54,-1,1,0,0,1,Pathogenic-only
LLPH,84298,0,1,20,21,Benign-only
LMAN1,3998,11,59,146,216,Multiclass
LMAN1L,79748,0,10,74,84,Benign-only
LMAN2,10960,0,4,63,67,Benign-only
LMAN2L,81562,1,11,58,70,Multiclass
LMBR1,64327,4,179,141,324,Multiclass
LMBR1;SHH,-1,0,2,0,2,Benign-only
LMBR1;SHH;ZRS,-1,0,4,0,4,Benign-only
LMBR1;ZRS,-1,4,0,1,5,Pathogenic-only
LMBR1L,55716,0,1,64,65,Benign-only
LMBRD1,55788,58,318,154,530,Multiclass
LMBRD2,92255,10,16,112,138,Multiclass
LMCD1,29995,0,5,63,68,Benign-only
LMF1,64788,29,399,325,753,Multiclass
LMF2,91289,0,15,186,201,Benign-only
LMLN,89782,0,6,61,67,Benign-only
LMNA,4000,520,624,880,2024,Multiclass
LMNB1,4001,8,108,180,296,Multiclass
LMNB2,84823,2,336,310,648,Multiclass
LMNTD1,160492,0,3,52,55,Benign-only
LMNTD2,256329,0,20,158,178,Benign-only
LMO1,4004,0,0,17,17,VUS/Other-only
LMO2,4005,0,2,39,41,Benign-only
LMO3,55885,0,1,9,10,Benign-only
LMO4,8543,0,0,13,13,VUS/Other-only
LMO7,4008,0,28,239,267,Benign-only
LMO7DN,729420,0,2,0,2,Benign-only
LMOD1,25802,0,12,64,76,Benign-only
LMOD2,442721,4,9,83,96,Multiclass
LMOD3,56203,45,168,231,444,Multiclass
LMTK1,9625,0,31,284,315,Benign-only
LMTK2,22853,0,20,206,226,Benign-only
LMTK3,114783,0,13,198,211,Benign-only
LMX1A,4009,7,25,58,90,Multiclass
LMX1A;LMX1A-AS2,-1,1,0,1,2,Pathogenic-only
LMX1B,4010,135,248,270,653,Multiclass
LNCR-SMAL;LOC126859869;LOC126859870;LOC126859871;PRKN,-1,2,0,1,3,Pathogenic-only
LNCR-SMAL;LOC126859870;LOC126859871;PRKN,-1,1,0,0,1,Pathogenic-only
LNCR-SMAL;LOC126859871;PACRG;PRKN,-1,0,0,1,1,VUS/Other-only
LNCR-SMAL;LOC126859871;PRKN,-1,5,0,2,7,Pathogenic-only
LNCR-SMAL;PRKN,-1,2,0,2,4,Pathogenic-only
LNP1,348801,0,1,22,23,Benign-only
LNPEP,4012,0,3,112,115,Benign-only
LNPK,80856,7,11,18,36,Multiclass
LNX1,84708,0,5,108,114,Benign-only
LNX2,222484,0,6,94,100,Benign-only
LOC100131626;UBE4A,-1,0,0,1,1,VUS/Other-only
LOC100287944;POLR3B,-1,0,0,1,1,VUS/Other-only
LOC100422781,100422781,0,1,0,1,Benign-only
LOC100507346;PTCH1,-1,2,1,3,6,Multiclass
LOC100507464;LOC124174250;LOC124174251;LOC126860382;LOC126860383;LOC130000351;SNTG1,-1,0,0,1,1,VUS/Other-only
LOC100507464;LOC124174250;LOC124174251;LOC126860383;LOC126860384;LOC126860385;PXDNL;SNTG1,-1,0,0,1,1,VUS/Other-only
LOC100996318,100996318,0,1,0,1,Benign-only
LOC101927055;TTN,-1,1,0,1,2,Pathogenic-only
LOC101927157;CNGA1,-1,0,1,0,1,Benign-only
LOC101927159;PTPRT,-1,2,0,1,3,Pathogenic-only
LOC101927374;LOC110121119;LOC123002307;LOC123002308;LOC126806728;LOC126806729;ROBO1,-1,0,0,1,1,VUS/Other-only
LOC101927583,101927583,0,1,0,1,Benign-only
LOC101928008;SBF2,-1,2,0,1,3,Pathogenic-only
LOC101928095,101928095,0,1,0,1,Benign-only
LOC101928335;MID2,-1,1,0,0,1,Pathogenic-only
LOC101928437;LOC126863303;XACT,-1,0,0,1,1,VUS/Other-only
LOC101928438;LOC126860703;LOC130002242;LOC130002243;NR4A3,-1,0,0,1,1,VUS/Other-only
LOC101928764,101928764,0,1,0,1,Benign-only
LOC101929148;PRY;PRY2;RBMY1F;RBMY1J;TTTY5;TTTY6;TTTY6B,-1,0,0,1,1,VUS/Other-only
LOC101929148;PRY;RBMY1J;TTTY5;TTTY6,-1,0,0,1,1,VUS/Other-only
LOC102723451;LOC102723475;LOC102723553;LOC107983987,-1,0,0,3,3,VUS/Other-only
LOC102723769;LOC129391256;OR11H1;POTEH;POTEH-AS1;PSLNR,-1,1,0,0,1,Pathogenic-only
LOC102723968;LOC647264,-1,0,2,0,2,Benign-only
LOC102724058;SCN1A,-1,4,3,2,9,Multiclass
LOC102724058;SCN1A;SCN1A-AS1,-1,3,0,0,3,Pathogenic-only
LOC102724542;LOC112841601;LOC126806258;LOC129388880;LOC129388881;LOC129388882;LOC129388883,-1,0,1,0,1,Benign-only
LOC105369373;PPFIA1,-1,0,0,1,1,VUS/Other-only
LOC105369937;MYBPC1,-1,0,1,0,1,Benign-only
LOC105371856;TANC2,-1,0,0,1,1,VUS/Other-only
LOC105371933;LOC130060718;LOC130060719;LOC130060720;LOC130060721;LOC130060722;SLFN11;SLFN12,-1,0,1,0,1,Benign-only
LOC105373780;LOC105373782;LOC129935227;LOC129935228;ZNF804A,-1,0,1,0,1,Benign-only
LOC105374194;LOC126806871,-1,0,0,1,1,VUS/Other-only
LOC105374511;LOC126806996;LOC126806997,-1,0,0,1,1,VUS/Other-only
LOC105375387;LOC126860099;LOC126860100;STEAP1;STEAP2-AS1;TEX47;ZNF804B,-1,0,0,1,1,VUS/Other-only
LOC105375972;LOC124210614;LOC126860579;PTPRD,-1,0,0,2,2,VUS/Other-only
LOC105378311;MIR548F1;PCDH15,-1,0,0,1,1,VUS/Other-only
LOC105378311;PCDH15,-1,0,1,2,3,Benign-only
LOC105379109;LOC129389334;LOC129389335;LOC132089159;LOC132089160,-1,0,0,2,2,VUS/Other-only
LOC105379224;LOC124049159;LOC126860297;LOC129999814;LOC129999815;LOC129999816;LOC129999817;LOC129999818;LOC129999819,-1,0,1,0,1,Benign-only
LOC106099062;LOC107133510,-1,0,0,1,1,VUS/Other-only
LOC106099062;LOC107133510;HBB,-1,0,0,1,1,VUS/Other-only
LOC106501713;CLCNKB,-1,1,0,1,2,Pathogenic-only
LOC106728418,106728418,0,1,0,1,Benign-only
LOC106736476;LOC129390679;LOC129390680,-1,0,1,0,1,Benign-only
LOC106804612;HBA2,-1,1,0,0,1,Pathogenic-only
LOC106804612;LOC106804613;HBA2,-1,1,0,0,1,Pathogenic-only
LOC106804613,106804613,0,1,0,1,Benign-only
LOC106867047,106867047,0,1,0,1,Benign-only
LOC107197952;HOXA10-HOXA9;HOXA9,-1,0,0,1,1,VUS/Other-only
LOC107303338;VHL;FANCD2,-1,0,1,0,1,Benign-only
LOC107303339;LOC107303340;VHL,-1,1,0,0,1,Pathogenic-only
LOC107303340;VHL,-1,0,1,0,1,Benign-only
LOC107522031;LOC126862274;LOC126862275;RBFOX1,-1,1,0,1,2,Pathogenic-only
LOC107522039;LOC107838685;SPRY3;VAMP7,-1,0,0,2,2,VUS/Other-only
LOC107548112;REN,-1,1,0,0,1,Pathogenic-only
LOC107652445;LOC108251802;CNE-2;CNE4;CNE5;CNE6;CNE7;SHOX,-1,0,0,1,1,VUS/Other-only
LOC107652445;SHOX,-1,7,0,4,11,Pathogenic-only
LOC107982234;WT1,-1,1,1,2,4,Multiclass
LOC108021846;SOX9,-1,1,0,0,1,Pathogenic-only
LOC108178989;RPS4Y1;SRY;ZFY;ZFY-AS1,-1,1,0,0,1,Pathogenic-only
LOC108251802;CNE7,-1,0,0,2,2,VUS/Other-only
LOC108281134;LOC110120737;LOC126863332;SOX3,-1,1,0,0,1,Pathogenic-only
LOC108281134;LOC126863332;SOX3,-1,1,0,0,1,Pathogenic-only
LOC108281177;LOC108281178;SOX2;SOX2-OT,-1,1,0,0,1,Pathogenic-only
LOC108281177;SOX2;SOX2-OT,-1,1,0,1,2,Pathogenic-only
LOC108281182;NF1,-1,1,0,0,1,Pathogenic-only
LOC108663984;ALAS2,-1,0,0,1,1,VUS/Other-only
LOC108663996;LOC126859915;LOC129997715;LOC129997716;PDCD2;PSMB1;TBP,-1,0,0,1,1,VUS/Other-only
LOC108663996;LOC129997715;LOC129997716;LOC129997717;PDCD2;PSMB1;TBP,-1,0,0,1,1,VUS/Other-only
LOC108663996;TBP,-1,0,1,0,1,Benign-only
LOC108863620;STAR,-1,1,0,0,1,Pathogenic-only
LOC109580097;LOC110121346;LOC110121347;LOC121466731;LOC124855082;MAB21L1;NBEA,-1,1,0,0,1,Pathogenic-only
LOC109611589;RUNX2,-1,0,1,0,1,Benign-only
LOC110006319;HBB;LOC106099062;LOC107133510,-1,0,0,1,1,VUS/Other-only
LOC110006319;LOC107133510,-1,0,1,0,1,Benign-only
LOC110120570;LOC125177356;LOC126862412;LOC130059460;LOC130059461;LOC130059462;LOC130059463;WWOX,-1,0,0,1,1,VUS/Other-only
LOC110120688;LOC123497932;LOC129994186;LOC129994187;MEF2C;MEF2C-AS1,-1,1,0,0,1,Pathogenic-only
LOC110120801;MIR599;MIR875;VPS13B,-1,1,0,0,1,Pathogenic-only
LOC110120859;LOC110120911;LOC129390707;TCF12,-1,1,0,0,1,Pathogenic-only
LOC110120867;LOC110121390;LOC130062543;MIR4529;TCF4;TCF4-AS1,-1,1,0,0,1,Pathogenic-only
LOC110120867;LOC110121390;MIR4529;TCF4;TCF4-AS1,-1,1,0,0,1,Pathogenic-only
LOC110120880;LOC110120882;LOC110120883;LOC126863146;LOC130067396;LOC130067397;PICK1;POLR2F;POLR2F-AS1,-1,1,0,0,1,Pathogenic-only
LOC110121046;LOC129389619;LOC129389620;LOC129997012;RFPL4B,-1,0,0,1,1,VUS/Other-only
LOC110121071;LOC126806216;LOC129388861;MIR8485;NRXN1;NRXN1-DT,-1,2,0,0,2,Pathogenic-only
LOC110121071;LOC129388861;MIR8485;NRXN1,-1,3,0,0,3,Pathogenic-only
LOC110121072;LOC124210609;LOC126860558;LOC130001473;LOC130001474;LOC130001475;LOC130001476;RFX3,-1,0,0,1,1,VUS/Other-only
LOC110121203;LOC113743971;LOC126860264;LOC126860265;LOC129999767;LOC129999768;VIPR2,-1,1,0,0,1,Pathogenic-only
LOC110121267;SPEG;LOC126806518;DES,-1,0,0,1,1,VUS/Other-only
LOC110121330,110121330,0,1,0,1,Benign-only
LOC110806262,110806262,0,1,1,2,Benign-only
LOC110806306;TERC,-1,1,0,0,1,Pathogenic-only
LOC111365174;NRK;PWWP3B;SERPINA7,-1,1,0,1,2,Pathogenic-only
LOC111365189;LOC126862967;LOC130065408;LOC130065409;PLCB1;PLCB1-IT1,-1,0,0,1,1,VUS/Other-only
LOC111365204;PRDM13,-1,1,0,0,1,Pathogenic-only
LOC111429613;LOC126859745;LOC132089501;LOC132089502,-1,0,1,0,1,Benign-only
LOC111982876;MAT1A,-1,0,0,2,2,VUS/Other-only
LOC112272579;SNHG14;SNRPN,-1,0,3,0,3,Benign-only
LOC112449713;PHKB,-1,1,0,0,1,Pathogenic-only
LOC112529895;SCO1,-1,1,0,0,1,Pathogenic-only
LOC112529899;LOC130060389;RAI1,-1,1,0,0,1,Pathogenic-only
LOC112529901;LOC125177398;RPH3AL;RPH3AL-AS1,-1,0,0,1,1,VUS/Other-only
LOC112577486;PLOD1,-1,0,2,1,3,Benign-only
LOC112577564;LOC129929713;LOC129929714;LOC129929715;NCMAP;NCMAP-DT;RCAN3;SRRM1,-1,0,0,1,1,VUS/Other-only
LOC112694730;LOC125384577;LOC126862968;LOC129391155;PLCB1;PLCB4;RNU105B,-1,0,0,1,1,VUS/Other-only
LOC112806037;MERTK,-1,1,0,0,1,Pathogenic-only
LOC112806062;LOC132088804;PDE11A,-1,0,0,1,1,VUS/Other-only
LOC112806062;PDE11A,-1,1,0,0,1,Pathogenic-only
LOC112841601,112841601,0,1,0,1,Benign-only
LOC112935964,112935964,0,0,1,1,VUS/Other-only
LOC112997555;ALDH7A1,-1,0,0,1,1,VUS/Other-only
LOC113002590;NAIP;SERF1A;SERF1B;SMN-AS1;SMN1;SMN2,-1,0,1,0,1,Benign-only
LOC113687185,113687185,0,1,2,3,Benign-only
LOC113788261;LOC126860542;LOC130001254;TRAPPC9,-1,0,0,1,1,VUS/Other-only
LOC113839568;LOC124310585;LOC130002063;ROR2,-1,0,0,1,1,VUS/Other-only
LOC113875017;LOC125446276;LOC130068045;PRDX4;PTCHD1,-1,0,0,1,1,VUS/Other-only
LOC113939967;P2RY11;PPAN-P2RY11,-1,0,2,0,2,Benign-only
LOC114004413;NRG1;NRG1-IT1,-1,0,0,1,1,VUS/Other-only
LOC114827827;NPPA;NPPA-AS1,-1,0,1,0,1,Benign-only
LOC116276448;LOC126862291;SNX29-AS3,-1,0,1,0,1,Benign-only
LOC120285836;LOC126863092;MYT1;PCMTD2,-1,0,0,1,1,VUS/Other-only
LOC120285836;MYT1;PCMTD2,-1,0,0,1,1,VUS/Other-only
LOC120961746;LOC120961747;LOC126806199;SLC8A1;SLC8A1-AS1,-1,0,0,1,1,VUS/Other-only
LOC120961747;SLC8A1,-1,1,0,0,1,Pathogenic-only
LOC120977013;SCN2A,-1,0,0,1,1,VUS/Other-only
LOC121056762;LOC123493292;LOC123493293;LOC126807364;LOC129389278;WDR70,-1,0,1,0,1,Benign-only
LOC121132696;LOC129996771;TBX18;TBX18-AS1,-1,0,0,1,1,VUS/Other-only
LOC121132698;LOC126859728;LOC126859729;LOC126859730;LOC129389571,-1,0,0,1,1,VUS/Other-only
LOC121175348;MAGI2;MAGI2-AS3,-1,0,0,1,1,VUS/Other-only
LOC121627840;TSHZ1,-1,0,0,2,2,VUS/Other-only
LOC121740638;TFAP2A;TFAP2A-AS2,-1,0,0,1,1,VUS/Other-only
LOC121740738;LOC130001467;LOC130001468;LOC130001469;LOC130001470;LOC130001471;LOC130001472;VLDLR;VLDLR-AS1,-1,0,0,1,1,VUS/Other-only
LOC121838556;LOC124629419;LOC124629420;LOC130008331;MYF5;MYF6;PTPRQ,-1,1,0,0,1,Pathogenic-only
LOC121838570;LOC124849284;LOC130009203;LOC130009204;RIMBP2;STX2,-1,0,0,1,1,VUS/Other-only
LOC122056898;MIR12132;PATJ,-1,0,0,2,2,VUS/Other-only
LOC122094904;LOC129931240;SYT6,-1,0,1,0,1,Benign-only
LOC122152296;USH2A,-1,0,0,1,1,VUS/Other-only
LOC122152352;LOC122152353;LOC126806074;AKT3;LOC110120698;SDCCAG8,-1,0,0,1,1,VUS/Other-only
LOC122319696,122319696,0,1,0,1,Benign-only
LOC122539214;ZNF83,-1,0,1,0,1,Benign-only
LOC122756382;LPIN1,-1,1,0,0,1,Pathogenic-only
LOC122756690,122756690,0,1,0,1,Benign-only
LOC122819159;LOC129388922;RAB3GAP1;ZRANB3,-1,0,0,1,1,VUS/Other-only
LOC122819159;RAB3GAP1;SNORA40B;ZRANB3,-1,0,0,1,1,VUS/Other-only
LOC122861256;OSBPL6,-1,0,1,0,1,Benign-only
LOC123493256;PLEKHG4B,-1,0,0,1,1,VUS/Other-only
LOC123493290;LOC123493291;LOC126807359;LOC126807360,-1,0,1,0,1,Benign-only
LOC123864064;LOC129389644;PTPRK;PTPRK-AS1;THEMIS,-1,0,0,1,1,VUS/Other-only
LOC123956253;MTRNR2L6;TRB,-1,0,0,3,3,VUS/Other-only
LOC123956262;CNTNAP2;LOC129389920,-1,1,0,0,1,Pathogenic-only
LOC123956266,123956266,0,0,6,6,VUS/Other-only
LOC123987612;LOC126860290;LOC129389953;LOC129999779;LOC129999780;LOC129999781;MCPH1;MCPH1-DT,-1,0,0,1,1,VUS/Other-only
LOC124174250;LOC124174251;LOC126860384;LOC126860385;LOC129389985;PXDNL;SNTG1,-1,0,0,1,1,VUS/Other-only
LOC124174250;LOC124174251;LOC126860384;LOC126860385;PXDNL;SNTG1,-1,0,0,1,1,VUS/Other-only
LOC124174250;LOC124174251;LOC126860384;PXDNL;SNTG1,-1,0,0,1,1,VUS/Other-only
LOC124174250;LOC124174251;SNTG1,-1,0,0,2,2,VUS/Other-only
LOC124210606;LOC126860557,-1,0,0,1,1,VUS/Other-only
LOC124310584;LOC130002062;LOC132089710;MIR3910-1;MIR3910-2;ROR2,-1,1,0,0,1,Pathogenic-only
LOC124625856;LOC130006962;LOC130006963;LOC130006964;LOC130006965;UBASH3B,-1,0,0,1,1,VUS/Other-only
LOC124629333;LOC129390413;LOC129390414;SOX5,-1,0,0,1,1,VUS/Other-only
LOC124819399;LOC130008747;RAD9B;VPS29,-1,0,0,1,1,VUS/Other-only
LOC124819408;LOC128772386;MED13L;MIR620,-1,1,0,0,1,Pathogenic-only
LOC124900161;LOC126861792;PCDH9;PCDH9-AS2;PCDH9-AS3;PCDH9-AS4,-1,0,0,1,1,VUS/Other-only
LOC124946338;LOC130010097;LOC132090168;LOC132090169;LOC132090170;LOC132090171;MYO16,-1,0,0,1,1,VUS/Other-only
LOC125146396;LOC126862276;LOC126862277;LOC129390761;LOC129390762;LOC132090399;RBFOX1,-1,0,0,1,1,VUS/Other-only
LOC125368541;LOC126862688;LOC126862689;PTPRM;LOC121627822,-1,1,0,0,1,Pathogenic-only
LOC125371453;LOC129391033;LOC130063167;ZFR2,-1,0,0,1,1,VUS/Other-only
LOC125371498;LOC130064105;LOC130064106;LOC130064107;RPSA2;ZNF675;ZNF681,-1,0,1,0,1,Benign-only
LOC125371540;NOP53;NOP53-AS1;SNORD23,-1,0,0,1,1,VUS/Other-only
LOC125384560;LOC130065291;LOC130065292;LOC130065293;SIRPB1;SIRPD;SIRPG;SIRPG-AS1,-1,0,0,1,1,VUS/Other-only
LOC125387247;LOC126863009;LOC130065589;NINL,-1,1,0,0,1,Pathogenic-only
LOC125418059;LOC126653340;LOC126653341;LOC129391243;LOC129391244;LOC130066531;TIAM1,-1,0,0,1,1,VUS/Other-only
LOC125446274;LOC130068031;LOC130068032;LOC130068033;RPS6KA3,-1,0,0,1,1,VUS/Other-only
LOC125467766;TENT5D,-1,0,0,1,1,VUS/Other-only
LOC125467767;PCDH11X,-1,0,0,1,1,VUS/Other-only
LOC126088081;LOC126861831;NALCN;NALCN-AS1,-1,0,0,1,1,VUS/Other-only
LOC126653398;TSPEAR;TSPEAR-AS1,-1,0,1,0,1,Benign-only
LOC126805813,126805813,0,1,0,1,Benign-only
LOC126805818;LOC129931063;LOC129931064;LOC129931065;LOC129931066;LOC129931067;LOC129931068;NTNG1;PRMT6,-1,0,0,1,1,VUS/Other-only
LOC126806067;RYR2,-1,0,0,1,1,VUS/Other-only
LOC126806068;RYR2;ZP4,-1,0,0,1,1,VUS/Other-only
LOC126806082;SMYD3,-1,0,0,1,1,VUS/Other-only
LOC126806115;LOC126806116;LOC400940;MIR7158;SILC1,-1,1,0,0,1,Pathogenic-only
LOC126806216;MIR8485;NRXN1;NRXN1-DT,-1,1,0,0,1,Pathogenic-only
LOC126806264;POLR1A,-1,0,0,1,1,VUS/Other-only
LOC126806305;LOC126806306;LOC129934555;LOC129934556;MALL;MTLN;NPHP1,-1,2,0,0,2,Pathogenic-only
LOC126806305;LOC126806306;LOC129934555;MALL;MIR4436B1;MTLN;NPHP1,-1,0,2,0,2,Benign-only
LOC126806305;LOC126806306;MALL;NPHP1,-1,0,2,0,2,Benign-only
LOC126806306;LOC129934555;LOC129934556;MALL;MTLN;NPHP1,-1,2,0,1,3,Pathogenic-only
LOC126806306;LOC129934555;LOC129934556;MTLN;NPHP1,-1,0,0,2,2,VUS/Other-only
LOC126806306;NPHP1,-1,1,0,0,1,Pathogenic-only
LOC126806366;LOC126806367;LOC129934887;LOC129934888;MBD5;ORC4,-1,1,0,0,1,Pathogenic-only
LOC126806367;MBD5,-1,1,0,1,2,Pathogenic-only
LOC126806368;MMADHC,-1,0,0,1,1,VUS/Other-only
LOC126806420;TTN;TTN-AS1,-1,1,0,1,2,Pathogenic-only
LOC126806423;TTN;TTN-AS1,-1,1,0,0,1,Pathogenic-only
LOC126806424;TTN;TTN-AS1,-1,0,0,2,2,VUS/Other-only
LOC126806426;TTN;TTN-AS1,-1,1,0,0,1,Pathogenic-only
LOC126806428;TTN,-1,1,0,0,1,Pathogenic-only
LOC126806432;TTN,-1,0,0,1,1,VUS/Other-only
LOC126806462;SATB2,-1,1,0,0,1,Pathogenic-only
LOC126806529;PAX3,-1,1,0,0,1,Pathogenic-only
LOC126806878;TBL1XR1;TBL1XR1-AS1,-1,1,0,0,1,Pathogenic-only
LOC126806945;CRIPAK;UVSSA,-1,0,1,0,1,Benign-only
LOC126807124,126807124,0,1,0,1,Benign-only
LOC126807180;LOC126807181;LOC129993200;TTC29;TTC29-AS1,-1,0,0,1,1,VUS/Other-only
LOC126807185;LOC129389242;LOC129993215;LOC129993216;LOC129993217;LOC129993218;NR3C2,-1,1,0,0,1,Pathogenic-only
LOC126807212;TLL1,-1,1,0,0,1,Pathogenic-only
LOC126807223;SPATA4;WDR17,-1,0,0,1,1,VUS/Other-only
LOC126807272;LOC126807273,-1,0,1,0,1,Benign-only
LOC126807323;TRIO,-1,0,1,0,1,Benign-only
LOC126807437;MSH3,-1,0,0,1,1,VUS/Other-only
LOC126807619;NSD1,-1,1,0,0,1,Pathogenic-only
LOC126859653;SKIC2,-1,0,0,1,1,VUS/Other-only
LOC126859807;TNFAIP3,-1,1,0,0,1,Pathogenic-only
LOC126859827;TAB2,-1,1,0,1,2,Pathogenic-only
LOC126859869;LOC126859870;PRKN,-1,2,0,0,2,Pathogenic-only
LOC126859871;LNCR-SMAL;PRKN,-1,1,0,0,1,Pathogenic-only
LOC126859871;PRKN,-1,3,0,0,3,Pathogenic-only
LOC126859931;SDK1,-1,0,0,1,1,VUS/Other-only
LOC126860076,126860076,0,1,0,1,Benign-only
LOC126860202;BRAF,-1,0,0,1,1,VUS/Other-only
LOC126860278,126860278,0,2,0,2,Benign-only
LOC126860302,126860302,0,1,1,2,Benign-only
LOC126860330;NEFL,-1,0,0,1,1,VUS/Other-only
LOC126860369;ANK1,-1,1,0,0,1,Pathogenic-only
LOC126860388;LOC130000363;LOC130000364;LOC130000365;LOC130000366;LOC130000367;NPBWR1;RB1CC1,-1,1,0,0,1,Pathogenic-only
LOC126860565;LOC130001483;SLC1A1;SPATA6L,-1,0,0,2,2,VUS/Other-only
LOC126860573;GLDC;LOC113839554;LOC130001537,-1,1,0,0,1,Pathogenic-only
LOC126860975;ZMIZ1,-1,1,0,0,1,Pathogenic-only
LOC126861032;LOC130004672;LOC130004673;LOC130004674;LOC130004675;LOC130004676;SORCS1,-1,0,0,1,1,VUS/Other-only
LOC126861097;LOC126861098;LOC130004973;LOC130004974;LOC130004975;LOC130004976;TCERG1L;TCERG1L-AS1,-1,0,0,1,1,VUS/Other-only
LOC126861195;LOC126861196;LRRC4C,-1,0,0,1,1,VUS/Other-only
LOC126861323,126861323,0,1,0,1,Benign-only
LOC126861412;LOC130007152;RAD52;WNK1,-1,0,0,1,1,VUS/Other-only
LOC126861478;LOC126861479;SLCO1B1;SLCO1B3;SLCO1B3-SLCO1B7;SLCO1B7,-1,1,0,0,1,Pathogenic-only
LOC126861478;SLCO1B1;SLCO1B3;SLCO1B3-SLCO1B7;SLCO1B7,-1,0,0,1,1,VUS/Other-only
LOC126861492;LOC132090100;TMTC1,-1,0,0,1,1,VUS/Other-only
LOC126861498;LOC126861499;LOC130007664;LOC130007665;PKP2;SYT10,-1,0,0,1,1,VUS/Other-only
LOC126861571,126861571,0,1,0,1,Benign-only
LOC126861615;PAH,-1,0,0,1,1,VUS/Other-only
LOC126861687;LOC126861688;LOC132090041;LOC132090042;LOC132211108;TMEM132D,-1,0,1,0,1,Benign-only
LOC126861859;PRECSIT,-1,0,1,0,1,Benign-only
LOC126861898;MYH7,-1,1,0,0,1,Pathogenic-only
LOC126861921;MIPOL1,-1,0,0,1,1,VUS/Other-only
LOC126861930,126861930,0,1,0,1,Benign-only
LOC126862026;RIN3,-1,0,1,0,1,Benign-only
LOC126862075;PWRN2;PWRN4,-1,0,0,1,1,VUS/Other-only
LOC126862088;TRPM1,-1,0,0,2,2,VUS/Other-only
LOC126862264;MEFV,-1,0,1,0,1,Benign-only
LOC126862276;LOC126862277;LOC129390761;RBFOX1,-1,1,0,0,1,Pathogenic-only
LOC126862278;LOC126862279;RBFOX1,-1,0,0,1,1,VUS/Other-only
LOC126862279;RBFOX1,-1,0,0,2,2,VUS/Other-only
LOC126862481;POLR2A,-1,0,0,1,1,VUS/Other-only
LOC126862483;TP53;WRAP53,-1,0,0,1,1,VUS/Other-only
LOC126862493;MYH8;MYHAS,-1,0,0,1,1,VUS/Other-only
LOC126862565,126862565,0,1,0,1,Benign-only
LOC126862611;TLK2,-1,1,0,0,1,Pathogenic-only
LOC126862673;TBCD,-1,1,0,0,1,Pathogenic-only
LOC126862853;DNMT1,-1,0,0,1,1,VUS/Other-only
LOC126863133;TOM1,-1,0,0,1,1,VUS/Other-only
LOC126863188;SHANK3,-1,2,0,0,2,Pathogenic-only
LOC126863207;MID1,-1,0,0,1,1,VUS/Other-only
LOC126863243;LOC129391298;LOC129391299;MAOA;PINCR,-1,0,0,1,1,VUS/Other-only
LOC126863250;ZNF674;ZNF674-AS1,-1,0,0,2,2,VUS/Other-only
LOC126863256;WDR45,-1,0,0,1,1,VUS/Other-only
LOC126863281;LOC130068443;LOC130068444;LOC130068445;NEXMIF;RLIM;SLC16A2,-1,0,0,1,1,VUS/Other-only
LOC126863287,126863287,0,0,1,1,VUS/Other-only
LOC126863290,126863290,0,0,1,1,VUS/Other-only
LOC126863337,126863337,0,0,1,1,VUS/Other-only
LOC128092250;NRG1,-1,0,1,0,1,Benign-only
LOC128092252;TRPM7,-1,0,0,1,1,VUS/Other-only
LOC128772419;LOC128772420;LOC128849171;LOC128849173;LOC130059550;MPHOSPH6,-1,0,0,1,1,VUS/Other-only
LOC129388840;LOC129933456;NLRC4;SLC30A6;SLC30A6-DT;SPAST,-1,1,0,0,1,Pathogenic-only
LOC129388840;LOC129933456;SLC30A6;SLC30A6-DT;SPAST,-1,1,0,0,1,Pathogenic-only
LOC129389094;LOC129389095;LOC129389096;LOC129389097;ROBO2,-1,0,0,1,1,VUS/Other-only
LOC129389095;ROBO2,-1,0,0,1,1,VUS/Other-only
LOC129389292;LOC129993966;SREK1IP1;CWC27;LOC123493324,-1,0,0,1,1,VUS/Other-only
LOC129389595;LOC129996887;LOC129996888;POPDC1;POPDC1-AS1;POPDC3,-1,0,0,1,1,VUS/Other-only
LOC129389600;LOC129996910;LOC129996911;QRSL1;RTN4IP1;CRYBG1;LOC123775393,-1,0,0,1,1,VUS/Other-only
LOC129389633;LOC129389634;TRDN,-1,0,0,1,1,VUS/Other-only
LOC129389920;CNTNAP2-AS1;CNTNAP2;LOC123956262,-1,1,0,0,1,Pathogenic-only
LOC129389958;MSR1;TUSC3,-1,0,0,1,1,VUS/Other-only
LOC129390101;LOC129390102,-1,0,1,0,1,Benign-only
LOC129390347;MIR3920;PGR-AS1;TRPC6,-1,0,0,1,1,VUS/Other-only
LOC129390761;RBFOX1,-1,3,0,2,5,Pathogenic-only
LOC129390812;MAF;WWOX,-1,1,0,0,1,Pathogenic-only
LOC129390953,129390953,0,1,0,1,Benign-only
LOC129391106;RYR1,-1,1,0,0,1,Pathogenic-only
LOC129391177;LOC129391178;PTPRT,-1,0,0,1,1,VUS/Other-only
LOC129391298;LOC129391299;MAOA;MAOB;NDP;NDP-AS1,-1,0,0,1,1,VUS/Other-only
LOC129930237;MYCL,-1,0,0,1,1,VUS/Other-only
LOC129930245;PPT1,-1,1,0,0,1,Pathogenic-only
LOC129930432,129930432,0,1,0,1,Benign-only
LOC129930668;PGM1,-1,0,0,1,1,VUS/Other-only
LOC129930795;NEXN-AS1,-1,0,0,1,1,VUS/Other-only
LOC129931087;LOC129931088;TAF13,-1,1,0,0,1,Pathogenic-only
LOC129931299;WARS2;WARS2-AS1,-1,1,0,0,1,Pathogenic-only
LOC129931382;SF3B4,-1,0,0,1,1,VUS/Other-only
LOC129931896;LOC129931897;LOC129931898;SELE;SELL;SELP,-1,1,0,0,1,Pathogenic-only
LOC129932151;LOC129388709;LOC129388710;LOC129388711;LOC129388707;LOC129388708,-1,0,1,0,1,Benign-only
LOC129933272;PTRHD1,-1,1,0,0,1,Pathogenic-only
LOC129933454;LOC129933455;SPAST,-1,4,0,0,4,Pathogenic-only
LOC129933455;SPAST,-1,1,0,0,1,Pathogenic-only
LOC129933884;LOC129933885;LOC129933886;MDH1;WDPCP,-1,0,0,1,1,VUS/Other-only
LOC129934217,129934217,0,0,1,1,VUS/Other-only
LOC129934333;TMEM127,-1,1,0,0,1,Pathogenic-only
LOC129934555;LOC129934556;MALL;MTLN;LOC126806306;NPHP1,-1,0,0,1,1,VUS/Other-only
LOC129935043;SCN3A;SCN2A;LOC120977013,-1,0,0,1,1,VUS/Other-only
LOC129935183;TTN;TTN-AS1,-1,1,0,0,1,Pathogenic-only
LOC129935417,129935417,0,0,1,1,VUS/Other-only
LOC129935619;WNT10A,-1,0,0,1,1,VUS/Other-only
LOC129935691,129935691,0,1,0,1,Benign-only
LOC129936049,129936049,0,0,1,1,VUS/Other-only
LOC129936169;LOC129936170;PPARG,-1,1,0,0,1,Pathogenic-only
LOC129936177;LOC129936178;LOC129936179;LOC129936180;LOC129936181;LOC129936182;LOC129936183;RAF1;TMEM40,-1,0,0,1,1,VUS/Other-only
LOC129936177;LOC129936178;LOC129936179;LOC129936180;LOC129936181;RAF1;TMEM40,-1,0,0,1,1,VUS/Other-only
LOC129936244;XPC,-1,0,0,1,1,VUS/Other-only
LOC129936459;TRANK1,-1,0,0,1,1,VUS/Other-only
LOC129936696,129936696,0,1,0,1,Benign-only
LOC129936736;QARS1,-1,0,1,0,1,Benign-only
LOC129937401;MYLK,-1,0,1,0,1,Benign-only
LOC129937577;NEK11;NUDT16;NUDT16-DT,-1,0,1,0,1,Benign-only
LOC129938040,129938040,0,0,1,1,VUS/Other-only
LOC129991947;LOC129991948;LOC129991949;LOC129991950;MIR571;PIGG;ZNF141;ZNF721;ZNF732,-1,0,0,2,2,VUS/Other-only
LOC129992137;MSX1,-1,1,0,1,2,Pathogenic-only
LOC129992304;QDPR,-1,1,0,0,1,Pathogenic-only
LOC129992813;PKD2,-1,1,0,0,1,Pathogenic-only
LOC129993109;RAB33B;RAB33B-AS1,-1,0,0,1,1,VUS/Other-only
LOC129993110;RAB33B,-1,2,0,0,2,Pathogenic-only
LOC129993215;NR3C2,-1,0,1,0,1,Benign-only
LOC129993637;LOC129993638;LOC129993639;SEMA5A,-1,0,0,1,1,VUS/Other-only
LOC129993776;TARS1,-1,0,1,0,1,Benign-only
LOC129993810;LOC129993811;LOC129993812;NIPBL;NIPBL-DT,-1,1,0,0,1,Pathogenic-only
LOC129993944;LOC129993942;DEPDC1B;LOC123493321;LOC123493322;LOC129993943;PDE4D;PART1,-1,0,0,1,1,VUS/Other-only
LOC129994183;LOC129994184;MEF2C,-1,1,0,0,1,Pathogenic-only
LOC129994273;LOC129994274;LOC129994275;LOC129994276,-1,0,1,0,1,Benign-only
LOC129994740;REEP2,-1,0,0,1,1,VUS/Other-only
LOC129994985;TCOF1,-1,0,0,1,1,VUS/Other-only
LOC129995678;FARS2;LOC121099722;LOC126859565;LOC129995674;LOC129995675;LOC129995676;LOC129995677,-1,1,0,0,1,Pathogenic-only
LOC129996247;LOC129996248;LOC129996249;LOC129996245;LOC129996246;FANCE;MIR7111;RPL10A;TEAD3,-1,0,0,1,1,VUS/Other-only
LOC129996709;RIMS1,-1,0,0,1,1,VUS/Other-only
LOC129996727,129996727,0,0,1,1,VUS/Other-only
LOC129996911;QRSL1;RTN4IP1;CRYBG1;LOC123775393;LOC129389600;LOC129996910,-1,1,0,0,1,Pathogenic-only
LOC129997071;CEP85L;LOC110121273;LOC126859773;LOC129389626;LOC129997072;PLN,-1,0,0,1,1,VUS/Other-only
LOC129997635;LOC129997636;PRKN,-1,0,1,0,1,Benign-only
LOC129998021;TWIST1,-1,2,0,2,4,Pathogenic-only
LOC129998575,129998575,0,0,1,1,VUS/Other-only
LOC129998728;LOC129998729;PCLO,-1,0,0,1,1,VUS/Other-only
LOC129998797;PEX1;RBM48,-1,0,2,0,2,Benign-only
LOC129998833;SLC25A13,-1,0,0,1,1,VUS/Other-only
LOC129998852;NPTX2,-1,0,0,1,1,VUS/Other-only
LOC129998925,129998925,0,0,5,5,VUS/Other-only
LOC129999132;IMMP2L;LOC129389846;LOC129999130;LOC129999131,-1,0,0,1,1,VUS/Other-only
LOC129999845;LOC129999846;MSRA,-1,1,0,0,1,Pathogenic-only
LOC129999848;LOC129999849;MSRA,-1,1,0,0,1,Pathogenic-only
LOC130000041;LOC130000042;NKX2-6;NKX3-1,-1,0,1,0,1,Benign-only
LOC130000320;LOC130000321;POTEA;LOC130000319;HGSNAT;LOC121740716;LOC130000316;LOC130000317;LOC130000318,-1,0,0,1,1,VUS/Other-only
LOC130000825;VPS13B,-1,1,0,0,1,Pathogenic-only
LOC130001628,130001628,0,1,0,1,Benign-only
LOC130002133;PTCH1,-1,0,0,1,1,VUS/Other-only
LOC130002419,130002419,0,0,1,1,VUS/Other-only
LOC130003078,130003078,0,0,1,1,VUS/Other-only
LOC130003148;LOC130003147;LOC651337;EHMT1;LOC126860799,-1,1,0,0,1,Pathogenic-only
LOC130003769,130003769,0,1,0,1,Benign-only
LOC130004065;MICU1,-1,1,0,0,1,Pathogenic-only
LOC130004274;PTEN,-1,0,1,0,1,Benign-only
LOC130004775;NHLRC2,-1,0,0,1,1,VUS/Other-only
LOC130005030;LOC130005031;MTG1;SPRN,-1,0,1,0,1,Benign-only
LOC130006303;SHANK2,-1,0,1,0,1,Benign-only
LOC130006541;LOC130006542;DLG2,-1,1,0,0,1,Pathogenic-only
LOC130006833;IL10RA,-1,1,0,0,1,Pathogenic-only
LOC130008549;MYBPC1;LOC105369937;LOC121838561,-1,0,0,1,1,VUS/Other-only
LOC130009576;SMAD9,-1,0,0,3,3,VUS/Other-only
LOC130009810;RNASEH2B;RNASEH2B-AS1,-1,1,0,0,1,Pathogenic-only
LOC130009878;PIBF1,-1,0,0,1,1,VUS/Other-only
LOC130056226;SPATA7,-1,1,0,0,1,Pathogenic-only
LOC130056553;AMN;CDC42BPB,-1,1,0,0,1,Pathogenic-only
LOC130056709;NIPA1,-1,0,0,1,1,VUS/Other-only
LOC130056948;LOC130056949;CATSPER2;STRC,-1,1,0,0,1,Pathogenic-only
LOC130056949;CATSPER2;CKMT1B;LOC130056948;STRC,-1,0,0,1,1,VUS/Other-only
LOC130056973;SPG11,-1,1,0,0,1,Pathogenic-only
LOC130057222;TPM1;TPM1-AS,-1,0,0,1,1,VUS/Other-only
LOC130058209;LOC130058210;NTHL1;TSC2,-1,0,0,1,1,VUS/Other-only
LOC130059719;ZNF469,-1,0,0,1,1,VUS/Other-only
LOC130059798;ZNF778;ANKRD11;LOC125177395;LOC130059797,-1,1,0,0,1,Pathogenic-only
LOC130060082;SMIM48,-1,0,1,0,1,Benign-only
LOC130061278;TSPOAP1;TSPOAP1-AS1,-1,0,0,1,1,VUS/Other-only
LOC130061479;PSMD12,-1,0,0,1,1,VUS/Other-only
LOC130061539;KCNJ2;KCNJ2-AS1,-1,0,0,1,1,VUS/Other-only
LOC130061792;TMC6;TMC8,-1,0,0,1,1,VUS/Other-only
LOC130062108;LOC130062109;LOC130062110;LOC130062111;TGIF1,-1,1,0,0,1,Pathogenic-only
LOC130062145,130062145,0,0,1,1,VUS/Other-only
LOC130062899;STK11,-1,1,0,0,1,Pathogenic-only
LOC130063609;LOC130063610;LOC130063611;ZNF439;ZNF440;ZNF491,-1,0,0,1,1,VUS/Other-only
LOC130063648;MAN2B1,-1,1,0,0,1,Pathogenic-only
LOC130063650,130063650,0,0,1,1,VUS/Other-only
LOC130064475;LTBP4,-1,1,0,0,1,Pathogenic-only
LOC130064759,130064759,0,0,2,2,VUS/Other-only
LOC130065345;PANK2,-1,1,0,0,1,Pathogenic-only
LOC130065435;LOC130065436;MACROD2,-1,1,1,0,2,Multiclass
LOC130065472;SEC23B,-1,0,0,1,1,VUS/Other-only
LOC130065680,130065680,0,0,1,1,VUS/Other-only
LOC130066253,130066253,0,0,1,1,VUS/Other-only
LOC130066788;CSTB,-1,1,0,0,1,Pathogenic-only
LOC130066885;LOC130066886;LOC130066887;PRMT2;S100B,-1,0,1,0,1,Benign-only
LOC130066885;PRMT2,-1,0,0,1,1,VUS/Other-only
LOC130066885;PRMT2;S100B,-1,0,1,0,1,Benign-only
LOC130067032;LOC130067033;LOC130067034;LOC130067035;LOC130067036;LOC132090639;MAPK1;YPEL1,-1,0,0,1,1,VUS/Other-only
LOC130067574;TNFRSF13C,-1,0,0,1,1,VUS/Other-only
LOC130067861;SCO2;TYMP,-1,0,2,0,2,Benign-only
LOC130067862;SCO2;TYMP,-1,0,5,0,5,Benign-only
LOC130067908;PUDP,-1,0,0,1,1,VUS/Other-only
LOC130067988;MAGEB17;MAGEB17-AS1;LOC130067986;LOC130067987;LOC126863216;GRPR;LOC121627961;LOC126863215,-1,0,0,1,1,VUS/Other-only
LOC130068040;SMS,-1,0,0,1,1,VUS/Other-only
LOC130068078;TAB3,-1,0,1,0,1,Benign-only
LOC130068099;TSPAN7,-1,0,0,2,2,VUS/Other-only
LOC130068231;LOC130068232;SPACA5;SPACA5B;ZNF182;ZNF630;ZNF630-AS1,-1,0,0,1,1,VUS/Other-only
LOC130068450;LOC130068451;LOC130068452;UPRT;ZDHHC15,-1,0,1,0,1,Benign-only
LOC130068518;LOC130068519;LOC130068520;MIR548AN;RADX,-1,0,0,1,1,VUS/Other-only
LOC130068561;LOC130068562;PAK3,-1,0,0,1,1,VUS/Other-only
LOC130068621;NDUFA1;RNF113A,-1,0,1,0,1,Benign-only
LOC130068629;XIAP,-1,0,0,1,1,VUS/Other-only
LOC130068838;LOC130068839;NAA10,-1,0,0,1,1,VUS/Other-only
LOC131477896,131477896,1,0,0,1,Pathogenic-only
LOC131768270;SLC35A4,-1,0,0,6,6,VUS/Other-only
LOC132088691;LOC132088692;LOC132088693;LOC126805678;LOC126805679;LOC129388486;LOC129388487,-1,0,0,1,1,VUS/Other-only
LOC132088756;LOC132088757;LOC126806151;LOC132088754;LOC132088755;LINC00276;LOC105373438,-1,0,0,1,1,VUS/Other-only
LOC132088905;NAALADL2;NAALADL2-AS1,-1,0,0,1,1,VUS/Other-only
LOC132089650;PTGR1;ZNF483,-1,0,0,1,1,VUS/Other-only
LOC132089927;LOC132090832;KCNQ1;KCNQ1OT1;LOC106783508;KCNQ1-AS1,-1,1,0,0,1,Pathogenic-only
LOC132090076;SOX5,-1,1,0,0,1,Pathogenic-only
LOC132090156;MIR1267;NALF1,-1,0,1,0,1,Benign-only
LOC132090428;LOC132090429;WWOX,-1,0,0,1,1,VUS/Other-only
LOC132090486,132090486,0,1,0,1,Benign-only
LOC132090561;MACROD2;MACROD2-IT1,-1,1,1,0,2,Multiclass
LOC147380392;POLR1D,-1,0,7,0,7,Benign-only
LOC340512;ZNF462,-1,1,0,0,1,Pathogenic-only
LOC391322,391322,0,0,3,3,VUS/Other-only
LOC642361;NUTM2B-AS1,-1,0,1,0,1,Benign-only
LOC728392,728392,0,0,3,3,VUS/Other-only
LOC730100,730100,0,0,1,1,VUS/Other-only
LOC780529;OBI1-AS1,-1,0,1,0,1,Benign-only
LONP1,9361,19,636,389,1044,Multiclass
LONP2,83752,0,3,72,75,Benign-only
LONP2;SIAH1,-1,0,0,1,1,VUS/Other-only
LONRF1,91694,0,7,109,116,Benign-only
LONRF2,164832,0,6,102,108,Benign-only
LONRF3,79836,0,9,69,78,Benign-only
LORICRIN,4014,6,33,95,134,Multiclass
LOX,4015,52,231,355,638,Multiclass
LOX;SRFBP1,-1,1,0,1,2,Pathogenic-only
LOXHD1,125336,441,1547,706,2694,Multiclass
LOXL1,4016,0,5,75,80,Benign-only
LOXL2,4017,0,6,150,156,Benign-only
LOXL3,84695,3,249,265,517,Multiclass
LOXL4,84171,0,4,152,156,Benign-only
LPA,4018,0,34,269,303,Benign-only
LPAR1,1902,0,1,38,39,Benign-only
LPAR2,9170,0,5,43,48,Benign-only
LPAR3,23566,0,3,61,64,Benign-only
LPAR4,2846,0,2,32,34,Benign-only
LPAR5,57121,0,0,62,62,VUS/Other-only
LPAR6,10161,17,29,46,92,Multiclass
LPAR6;RB1,-1,1,1,0,2,Multiclass
LPCAT1,79888,0,7,77,84,Benign-only
LPCAT2,54947,0,10,49,59,Benign-only
LPCAT3,10162,0,6,42,48,Benign-only
LPCAT4,254531,0,2,64,66,Benign-only
LPGAT1,9926,0,1,25,26,Benign-only
LPIN1,23175,52,409,342,803,Multiclass
LPIN2,9663,47,462,450,959,Multiclass
LPIN3,64900,0,14,123,137,Benign-only
LPL,4023,149,435,251,835,Multiclass
LPO,4025,0,12,106,118,Benign-only
LPO;MPO,-1,1,0,0,1,Pathogenic-only
LPP,4026,2,46,102,150,Multiclass
LPXN,9404,0,4,49,53,Benign-only
LRAT,9227,29,82,149,260,Multiclass
LRATD1,151354,0,1,33,34,Benign-only
LRATD2,157638,0,1,38,39,Benign-only
LRBA,987,173,1034,1165,2372,Multiclass
LRBA;MAB21L2,-1,0,0,1,1,VUS/Other-only
LRCH1,23143,0,2,110,112,Benign-only
LRCH2,57631,0,6,58,64,Benign-only
LRCH2;RBMXL3,-1,0,3,0,3,Benign-only
LRCH3,84859,0,3,101,104,Benign-only
LRCH4,4034,0,10,129,139,Benign-only
LRCOL1,100507055,0,2,26,28,Benign-only
LRFN1,57622,1,2,85,88,Multiclass
LRFN2,57497,0,5,107,112,Benign-only
LRFN3,79414,0,3,108,111,Benign-only
LRFN4,78999,0,4,101,105,Benign-only
LRFN5,145581,0,2,67,69,Benign-only
LRG1,116844,0,7,60,67,Benign-only
LRGUK,136332,0,14,122,136,Benign-only
LRIF1,55791,0,7,97,104,Benign-only
LRIG1,26018,0,36,217,253,Benign-only
LRIG2,9860,9,30,149,188,Multiclass
LRIG3,121227,0,9,135,144,Benign-only
LRIT1,26103,0,5,107,112,Benign-only
LRIT2,340745,0,7,100,107,Benign-only
LRIT3,345193,2,168,266,436,Multiclass
LRMDA,83938,11,67,37,115,Multiclass
LRP1,4035,1,173,462,636,Multiclass
LRP10,26020,0,21,92,113,Benign-only
LRP11,84918,0,1,61,62,Benign-only
LRP12,29967,0,8,106,114,Benign-only
LRP1B,53353,0,67,459,526,Benign-only
LRP2,4036,193,2659,1914,4766,Multiclass
LRP2BP,55805,0,3,42,45,Benign-only
LRP3,4037,0,8,145,153,Benign-only
LRP4,4038,38,645,753,1436,Multiclass
LRP4;LRP4-AS1,-1,0,0,1,1,VUS/Other-only
LRP5,4041,192,936,1166,2294,Multiclass
LRP6,4040,62,282,405,749,Multiclass
LRP8,7804,0,20,113,133,Benign-only
LRPAP1,4043,6,25,81,112,Multiclass
LRPPRC,10128,319,1340,481,2140,Multiclass
LRR1,122769,0,5,57,62,Benign-only
LRRC1,55227,0,3,60,63,Benign-only
LRRC10,376132,0,64,141,205,Benign-only
LRRC10B,390205,0,1,61,62,Benign-only
LRRC14,9684,0,3,69,72,Benign-only
LRRC14B,389257,0,7,105,112,Benign-only
LRRC15,131578,0,5,121,126,Benign-only
LRRC17,10234,0,3,58,61,Benign-only
LRRC18,474354,0,5,47,52,Benign-only
LRRC19,64922,0,11,49,60,Benign-only
LRRC2,79442,0,4,52,56,Benign-only
LRRC20,55222,0,1,36,37,Benign-only
LRRC23,10233,0,2,47,49,Benign-only
LRRC24,441381,0,7,89,96,Benign-only
LRRC25,126364,0,5,41,46,Benign-only
LRRC26,389816,0,5,73,78,Benign-only
LRRC27,80313,0,16,87,103,Benign-only
LRRC28,123355,0,0,54,54,VUS/Other-only
LRRC29,26231,0,5,21,26,Benign-only
LRRC3,81543,0,5,60,65,Benign-only
LRRC30,339291,0,2,57,59,Benign-only
LRRC31,79782,0,5,68,73,Benign-only
LRRC32,2615,2,25,117,144,Multiclass
LRRC34,151827,0,4,63,67,Benign-only
LRRC36,55282,0,4,83,87,Benign-only
LRRC37A,9884,0,18,78,96,Benign-only
LRRC37A2,474170,0,19,131,150,Benign-only
LRRC37A2;GOSR2,-1,0,1,0,1,Benign-only
LRRC37A3,374819,0,30,183,213,Benign-only
LRRC37B,114659,0,19,134,153,Benign-only
LRRC38,126755,0,6,36,42,Benign-only
LRRC39,127495,0,4,49,53,Benign-only
LRRC3B,116135,0,1,21,22,Benign-only
LRRC3C,100505591,0,2,50,52,Benign-only
LRRC4,64101,0,6,76,82,Benign-only
LRRC40,55631,0,7,62,69,Benign-only
LRRC41,10489,0,4,107,111,Benign-only
LRRC42,115353,0,3,53,56,Benign-only
LRRC43,254050,0,4,89,93,Benign-only
LRRC45,201255,1,8,114,123,Multiclass
LRRC46,90506,0,5,39,44,Benign-only
LRRC47,57470,0,1,77,78,Benign-only
LRRC49,54839,0,2,85,87,Benign-only
LRRC4B,94030,0,3,70,73,Benign-only
LRRC4C,57689,0,1,54,55,Benign-only
LRRC51;LRTOMT,-1,2,3,1,6,Multiclass
LRRC52,440699,0,4,42,46,Benign-only
LRRC53,105378803,0,6,0,6,Benign-only
LRRC55,219527,0,2,48,50,Benign-only
LRRC56,115399,22,254,190,466,Multiclass
LRRC57,255252,0,1,24,25,Benign-only
LRRC58,116064,0,4,53,57,Benign-only
LRRC59,55379,0,2,46,48,Benign-only
LRRC61,65999,0,3,49,52,Benign-only
LRRC61;ZBED6CL,-1,0,4,13,17,Benign-only
LRRC66,339977,0,12,126,138,Benign-only
LRRC69,100130742,0,4,59,63,Benign-only
LRRC7,57554,4,29,148,181,Multiclass
LRRC70,100130733,0,4,83,87,Benign-only
LRRC71,149499,0,4,81,85,Benign-only
LRRC72,100506049,0,5,41,46,Benign-only
LRRC73,221424,0,0,37,37,VUS/Other-only
LRRC74A,145497,0,10,68,78,Benign-only
LRRC74B,400891,0,1,0,1,Benign-only
LRRC75A,388341,0,12,52,64,Benign-only
LRRC75B,388886,0,6,63,69,Benign-only
LRRC8A,56262,0,237,286,523,Benign-only
LRRC8B,23507,0,7,65,72,Benign-only
LRRC8C,84230,0,3,64,67,Benign-only
LRRC8D,55144,0,2,67,69,Benign-only
LRRC8E,80131,0,7,163,170,Benign-only
LRRC9,341883,0,1,0,1,Benign-only
LRRCC1,85444,1,64,152,217,Multiclass
LRRD1,401387,0,6,96,102,Benign-only
LRRFIP1,9208,0,9,132,141,Benign-only
LRRFIP2,9209,0,5,85,90,Benign-only
LRRIQ1,84125,0,22,248,270,Benign-only
LRRIQ3,127255,0,9,82,91,Benign-only
LRRIQ4,344657,0,3,95,98,Benign-only
LRRK1,79705,24,568,456,1048,Multiclass
LRRK2,120892,7,1529,2363,3899,Multiclass
LRRN1,57633,0,16,92,108,Benign-only
LRRN2,10446,0,3,94,97,Benign-only
LRRN3,54674,0,5,86,91,Benign-only
LRRN4,164312,0,11,122,133,Benign-only
LRRN4CL,221091,0,3,39,42,Benign-only
LRRTM1,347730,0,6,54,60,Benign-only
LRRTM2,26045,0,2,40,42,Benign-only
LRRTM3,347731,0,2,48,50,Benign-only
LRRTM4,80059,0,0,64,64,VUS/Other-only
LRSAM1,90678,85,397,447,929,Multiclass
LRTM1,57408,0,10,47,57,Benign-only
LRTM2,654429,0,5,60,65,Benign-only
LRTM3,643677,0,21,2,23,Benign-only
LRTOMT,220074,21,60,137,218,Multiclass
LRTOMT;ANAPC15,-1,0,0,1,1,VUS/Other-only
LRWD1,222229,0,8,118,126,Benign-only
LSAMP,4045,0,1,37,38,Benign-only
LSG1,55341,0,10,119,129,Benign-only
LSM1,27257,0,0,17,17,VUS/Other-only
LSM10,84967,0,0,16,16,VUS/Other-only
LSM11,134353,0,15,73,88,Benign-only
LSM12,124801,0,1,11,12,Benign-only
LSM14A,26065,0,2,43,45,Benign-only
LSM14B,149986,0,2,39,41,Benign-only
LSM3,27258,0,1,14,15,Benign-only
LSM4,25804,0,1,11,12,Benign-only
LSM5,23658,0,0,4,4,VUS/Other-only
LSM6,11157,0,0,6,6,VUS/Other-only
LSM7,51690,1,0,9,10,Pathogenic-only
LSM8,51691,0,1,0,1,Benign-only
LSMEM1,286006,0,0,13,13,VUS/Other-only
LSMEM2,132228,0,5,32,37,Benign-only
LSP1,4046,0,1,1,2,Benign-only
LSR,51599,3,69,155,227,Multiclass
LSS,4047,29,189,148,366,Multiclass
LST1,7940,0,5,10,15,Benign-only
LTA,4049,0,0,10,10,VUS/Other-only
LTA4H,4048,0,9,59,68,Benign-only
LTB,4050,0,7,12,19,Benign-only
LTB4R,1241,0,6,40,46,Benign-only
LTB4R2,56413,0,3,78,81,Benign-only
LTBP1,4052,5,49,306,360,Multiclass
LTBP2,4053,67,790,707,1564,Multiclass
LTBP3,4054,83,864,1004,1951,Multiclass
LTBP3;SCYL1,-1,0,0,1,1,VUS/Other-only
LTBP4,8425,64,650,559,1273,Multiclass
LTBR,4055,0,14,51,65,Benign-only
LTBR;SCNN1A,-1,0,2,0,2,Benign-only
LTC4S,4056,0,2,19,21,Benign-only
LTF,4057,0,23,99,122,Benign-only
LTK,4058,0,8,148,156,Benign-only
LTN1,26046,0,17,200,217,Benign-only
LTO1,220064,0,2,21,23,Benign-only
LTV1,84946,0,5,58,63,Benign-only
LUC7L,55692,0,0,53,53,VUS/Other-only
LUC7L2,51631,0,0,28,28,VUS/Other-only
LUC7L3,51747,0,1,31,32,Benign-only
LUM,4060,0,6,21,27,Benign-only
LURAP1,541468,0,6,34,40,Benign-only
LURAP1L,286343,0,1,59,60,Benign-only
LUZP1,7798,0,14,143,157,Benign-only
LUZP2,338645,0,1,43,44,Benign-only
LUZP4,51213,0,12,43,55,Benign-only
LVRN,206338,0,13,142,155,Benign-only
LXN,56925,0,4,20,24,Benign-only
LY6D,8581,0,0,14,14,VUS/Other-only
LY6E,4061,0,5,19,24,Benign-only
LY6G5B,58496,1,6,28,35,Multiclass
LY6G5C,80741,0,2,10,12,Benign-only
LY6G6C,80740,0,2,15,17,Benign-only
LY6G6D,58530,0,1,17,18,Benign-only
LY6G6F,259215,0,3,43,46,Benign-only
LY6H,4062,0,1,24,25,Benign-only
LY6K,54742,0,5,34,39,Benign-only
LY75,4065,0,13,10,23,Benign-only
LY75-CD302,100526664,0,0,7,7,VUS/Other-only
LY75;LY75-CD302,-1,0,2,0,2,Benign-only
LY86,9450,0,2,24,26,Benign-only
LY9,4063,0,12,92,105,Benign-only
LY96,23643,0,2,10,12,Benign-only
LYAR,55646,0,2,63,65,Benign-only
LYG1,129530,0,5,19,24,Benign-only
LYG2,254773,0,2,34,36,Benign-only
LYL1,4066,0,2,58,60,Benign-only
LYN,4067,0,171,125,296,Benign-only
LYNX1;LYNX1-SLURP2,-1,0,0,11,11,VUS/Other-only
LYNX1;LYNX1-SLURP2;SLURP2;SLURP2-AS1,-1,0,1,0,1,Benign-only
LYPD1,116372,0,0,15,15,VUS/Other-only
LYPD2,137797,0,3,31,34,Benign-only
LYPD3,27076,0,5,49,54,Benign-only
LYPD4,147719,0,0,25,25,VUS/Other-only
LYPD5,284348,0,2,29,31,Benign-only
LYPD6,130574,0,1,20,21,Benign-only
LYPD6B,130576,0,5,22,27,Benign-only
LYPLA1,10434,0,3,22,25,Benign-only
LYPLA2,11313,0,0,25,25,VUS/Other-only
LYPLAL1,127018,0,5,42,47,Benign-only
LYRM1,57149,0,3,21,24,Benign-only
LYRM2,57226,0,0,6,6,VUS/Other-only
LYRM4,57128,0,49,43,92,Benign-only
LYRM4;FARS2;LOC129995672,-1,0,0,1,1,VUS/Other-only
LYRM7,90624,12,43,27,82,Multiclass
LYRM9,201229,0,1,14,15,Benign-only
LYSET,26175,2,1,24,27,Multiclass
LYSMD1,388695,0,1,27,28,Benign-only
LYSMD2,256586,0,0,25,25,VUS/Other-only
LYSMD3,116068,0,4,35,39,Benign-only
LYSMD4,145748,0,2,46,48,Benign-only
LYST,1130,264,1874,1700,3838,Multiclass
LYVE1,10894,0,5,46,51,Benign-only
LYZ,4069,2,28,59,89,Multiclass
LYZL1,84569,0,6,33,39,Benign-only
LYZL2,119180,0,5,32,37,Benign-only
LYZL4,131375,0,3,25,28,Benign-only
LYZL6,57151,0,1,20,21,Benign-only
LZIC,84328,0,0,18,18,VUS/Other-only
LZTFL1,54585,17,85,89,191,Multiclass
LZTR1,8216,815,1281,2350,4446,Multiclass
LZTS1,11178,0,186,269,455,Benign-only
LZTS2,84445,0,4,147,151,Benign-only
LZTS3,9762,0,0,1,1,VUS/Other-only
M1AP,130951,5,10,82,97,Multiclass
M6PR,4074,0,0,24,24,VUS/Other-only
MAB21L1,4081,3,4,32,39,Multiclass
MAB21L1;NBEA,-1,0,1,0,1,Benign-only
MAB21L2,10586,8,16,33,57,Multiclass
MAB21L3,126868,0,3,52,55,Benign-only
MAB21L4,79919,0,1,8,9,Benign-only
MACC1,346389,0,8,124,132,Benign-only
MACF1,23499,17,882,912,1811,Multiclass
MACF1;KIAA0754,-1,0,1,0,1,Benign-only
MACIR,90355,0,0,2,2,VUS/Other-only
MACO1,55219,0,1,52,53,Benign-only
MACROD1,28992,0,3,51,54,Benign-only
MACROD2,140733,2,10,51,63,Multiclass
MACROH2A1,9555,1,4,23,28,Multiclass
MACROH2A2,55506,0,2,36,38,Benign-only
MAD1L1,8379,4,19,123,146,Multiclass
MAD2L1,4085,0,5,12,17,Benign-only
MAD2L1BP,9587,0,3,33,36,Benign-only
MAD2L2,10459,0,111,71,182,Benign-only
MADCAM1,8174,0,7,66,73,Benign-only
MADD,8567,32,42,268,342,Multiclass
MAEA,10296,0,4,45,49,Benign-only
MAEL,84944,2,3,40,45,Multiclass
MAF,4094,29,92,100,221,Multiclass
MAF1,84232,0,4,22,26,Benign-only
MAF;WWOX,-1,0,0,1,1,VUS/Other-only
MAFA,389692,2,9,67,78,Multiclass
MAFB,9935,24,44,147,215,Multiclass
MAFF,23764,0,3,17,20,Benign-only
MAFG,4097,0,2,16,18,Benign-only
MAFK,7975,0,0,15,15,VUS/Other-only
MAG,4099,12,168,179,359,Multiclass
MAGEA1,4100,0,2,25,27,Benign-only
MAGEA10,4109,0,3,35,38,Benign-only
MAGEA11,4110,0,4,23,27,Benign-only
MAGEA12,4111,0,6,43,49,Benign-only
MAGEA3,4102,0,17,50,67,Benign-only
MAGEA3-DT,105373370,0,1,0,1,Benign-only
MAGEA3;MAGEA6,-1,0,1,0,1,Benign-only
MAGEA4,4103,0,13,47,60,Benign-only
MAGEA6,4105,0,6,53,59,Benign-only
MAGEA8,4107,0,3,36,39,Benign-only
MAGEA9B,728269,0,1,3,4,Benign-only
MAGEB1,4112,0,6,44,50,Benign-only
MAGEB10,139422,0,3,18,21,Benign-only
MAGEB16,139604,0,2,37,39,Benign-only
MAGEB17,645864,0,2,0,2,Benign-only
MAGEB18,286514,0,5,27,32,Benign-only
MAGEB2,4113,0,11,47,58,Benign-only
MAGEB3,4114,0,4,32,36,Benign-only
MAGEB4,4115,0,8,29,37,Benign-only
MAGEB6,158809,0,15,68,83,Benign-only
MAGEB6B,392433,0,2,0,2,Benign-only
MAGEC1,9947,0,47,192,239,Benign-only
MAGEC2,51438,0,10,37,47,Benign-only
MAGEC3,139081,0,13,80,93,Benign-only
MAGED1,9500,0,11,80,91,Benign-only
MAGED2,10916,11,72,79,162,Multiclass
MAGEE1,57692,0,5,94,99,Benign-only
MAGEE2,139599,0,9,68,77,Benign-only
MAGEF1,64110,0,4,38,42,Benign-only
MAGEH1,28986,0,2,24,26,Benign-only
MAGEL2,54551,92,261,850,1203,Multiclass
MAGI1,9223,0,11,139,150,Benign-only
MAGI2,9863,7,241,385,633,Multiclass
MAGI3,260425,0,7,146,153,Benign-only
MAGIX,79917,0,3,38,41,Benign-only
MAGOH,4116,0,0,5,5,VUS/Other-only
MAGOHB,55110,0,1,16,17,Benign-only
MAGT1,84061,36,114,135,285,Multiclass
MAIP1,79568,0,1,0,1,Benign-only
MAJIN,283129,0,1,2,3,Benign-only
MAK,4117,90,288,230,608,Multiclass
MAK16,84549,0,3,31,34,Benign-only
MAL,4118,0,0,19,19,VUS/Other-only
MAL2,114569,0,0,11,11,VUS/Other-only
MALL,7851,0,2,6,8,Benign-only
MALRD1,340895,0,11,0,11,Benign-only
MALSU1,115416,0,3,53,56,Benign-only
MALT1,10892,24,253,197,474,Multiclass
MAMDC2,256691,0,8,85,93,Benign-only
MAMDC4,158056,0,20,246,266,Benign-only
MAML1,9794,0,15,155,170,Benign-only
MAML2,84441,0,10,139,149,Benign-only
MAML3,55534,0,5,76,81,Benign-only
MAMLD1,10046,5,61,91,157,Multiclass
MAMSTR,284358,0,1,64,65,Benign-only
MAN1A1,4121,0,4,85,89,Benign-only
MAN1A2,10905,0,1,44,45,Benign-only
MAN1B1,11253,45,269,261,575,Multiclass
MAN1C1,57134,0,5,84,89,Benign-only
MAN2A1,4124,0,12,154,166,Benign-only
MAN2A2,4122,2,17,176,195,Multiclass
MAN2B1,4125,343,980,418,1741,Multiclass
MAN2B2,23324,3,75,247,325,Multiclass
MAN2C1,4123,15,13,218,246,Multiclass
MANBA,4126,105,473,256,834,Multiclass
MANBAL,63905,0,1,15,16,Benign-only
MANEA,79694,0,0,75,75,VUS/Other-only
MANEAL,149175,1,4,60,65,Multiclass
MANF,7873,2,2,28,32,Multiclass
MANSC1,54682,0,10,63,73,Benign-only
MANSC4,100287284,0,4,37,41,Benign-only
MAOA,4128,17,79,128,224,Multiclass
MAOA;MAOB,-1,0,0,1,1,VUS/Other-only
MAOB,4129,0,12,43,55,Benign-only
MAP10,54627,0,19,146,165,Benign-only
MAP1A,4130,1,29,390,420,Multiclass
MAP1B,4131,38,156,406,600,Multiclass
MAP1LC3A,84557,0,0,9,9,VUS/Other-only
MAP1LC3B,81631,0,3,21,24,Benign-only
MAP1LC3B2,643246,0,3,15,18,Benign-only
MAP1LC3C,440738,0,1,22,23,Benign-only
MAP1S,55201,0,17,202,219,Benign-only
MAP2,4133,0,38,203,241,Benign-only
MAP2K1,5604,52,341,289,682,Multiclass
MAP2K2,5605,20,499,430,949,Multiclass
MAP2K3,5606,0,35,19,54,Benign-only
MAP2K4,6416,0,0,31,31,VUS/Other-only
MAP2K5,5607,0,4,33,37,Benign-only
MAP2K6,5608,0,0,17,17,VUS/Other-only
MAP2K7,5609,0,15,39,54,Benign-only
MAP3K1,4214,9,158,232,399,Multiclass
MAP3K10,4294,0,6,137,143,Benign-only
MAP3K11,4296,0,4,113,117,Benign-only
MAP3K12,7786,0,1,66,67,Benign-only
MAP3K13,9175,0,9,117,126,Benign-only
MAP3K14,9020,1,306,227,534,Multiclass
MAP3K14-AS1,100133991,0,1,0,1,Benign-only
MAP3K14;MAP3K14-AS1,-1,0,1,0,1,Benign-only
MAP3K15,389840,0,15,213,228,Benign-only
MAP3K15;PDHA1,-1,0,4,0,4,Benign-only
MAP3K19,80122,0,12,137,149,Benign-only
MAP3K2,10746,0,2,47,49,Benign-only
MAP3K20,51776,11,254,150,415,Multiclass
MAP3K20;MAP3K20-AS1,-1,0,24,0,24,Benign-only
MAP3K21,84451,0,2,6,8,Benign-only
MAP3K3,4215,1,21,91,113,Multiclass
MAP3K4,4216,0,9,188,197,Benign-only
MAP3K5,4217,0,15,118,133,Benign-only
MAP3K6,9064,1,26,200,227,Multiclass
MAP3K7,6885,22,155,179,356,Multiclass
MAP3K7CL,56911,0,1,34,35,Benign-only
MAP3K8,1326,0,129,136,265,Benign-only
MAP3K9,4293,0,4,160,164,Benign-only
MAP4,4134,0,19,170,189,Benign-only
MAP4K1,11184,0,7,70,77,Benign-only
MAP4K2,5871,0,7,120,127,Benign-only
MAP4K2;MEN1,-1,1,0,0,1,Pathogenic-only
MAP4K3,8491,0,7,98,105,Benign-only
MAP4K4,9448,15,57,179,251,Multiclass
MAP4K5,11183,0,4,102,106,Benign-only
MAP6,4135,0,14,74,88,Benign-only
MAP6D1,79929,0,1,41,42,Benign-only
MAP7,9053,0,6,140,146,Benign-only
MAP7D1,55700,0,9,142,151,Benign-only
MAP7D2,256714,0,14,107,121,Benign-only
MAP7D3,79649,0,21,106,127,Benign-only
MAP9,79884,0,5,83,88,Benign-only
MAPDA,161823,0,2,11,13,Benign-only
MAPK1,5594,12,11,33,56,Multiclass
MAPK10,5602,0,12,23,35,Benign-only
MAPK11,5600,0,4,34,38,Benign-only
MAPK12,6300,0,1,72,73,Benign-only
MAPK13,5603,0,5,51,56,Benign-only
MAPK14,1432,0,7,24,31,Benign-only
MAPK15,225689,0,10,113,123,Benign-only
MAPK1IP1L,93487,0,2,37,39,Benign-only
MAPK3,5595,1,11,30,42,Multiclass
MAPK4,5596,0,4,85,89,Benign-only
MAPK6,5597,0,1,69,70,Benign-only
MAPK7,5598,0,5,111,116,Benign-only
MAPK8,5599,0,21,0,21,Benign-only
MAPK8IP1,9479,0,6,123,129,Benign-only
MAPK8IP2,23542,0,1,39,40,Benign-only
MAPK8IP3,23162,19,148,353,520,Multiclass
MAPK9,5601,0,1,28,29,Benign-only
MAPKAP1,79109,0,5,37,42,Benign-only
MAPKAPK2,9261,0,5,33,38,Benign-only
MAPKAPK3,7867,0,105,187,292,Benign-only
MAPKAPK5,8550,1,3,52,56,Multiclass
MAPKBP1,23005,9,224,248,481,Multiclass
MAPRE1,22919,0,0,15,15,VUS/Other-only
MAPRE2,10982,3,21,27,51,Multiclass
MAPRE3,22924,0,0,21,21,VUS/Other-only
MAPT,4137,24,253,234,511,Multiclass
MARCHF1,55016,0,0,41,41,VUS/Other-only
MARCHF10,162333,0,13,97,110,Benign-only
MARCHF11,441061,0,2,74,76,Benign-only
MARCHF2,51257,0,2,47,49,Benign-only
MARCHF3,115123,0,0,31,31,VUS/Other-only
MARCHF4,57574,0,6,50,56,Benign-only
MARCHF5,54708,0,0,11,11,VUS/Other-only
MARCHF6,10299,0,1,86,87,Benign-only
MARCHF7,64844,0,4,92,96,Benign-only
MARCHF9,92979,0,0,67,67,VUS/Other-only
MARCKS,4082,1,7,83,91,Multiclass
MARCKSL1,65108,0,3,29,32,Benign-only
MARCO,8685,0,10,65,75,Benign-only
MARCOL,105378220,0,1,0,1,Benign-only
MARF1,9665,0,19,225,244,Benign-only
MARK1,4139,0,7,73,80,Benign-only
MARK2,2011,15,11,89,115,Multiclass
MARK3,4140,0,1,79,80,Benign-only
MARK4,57787,0,7,90,97,Benign-only
MARS1,4141,5,357,531,893,Multiclass
MARS2,92935,4,76,218,298,Multiclass
MARVELD1,83742,0,1,25,26,Benign-only
MARVELD2,153562,36,63,125,224,Multiclass
MARVELD3,91862,0,3,45,48,Benign-only
MAS1,4142,0,1,53,54,Benign-only
MAS1L,116511,0,3,56,59,Benign-only
MASP1,5648,20,157,191,368,Multiclass
MASP2,10747,2,37,144,183,Multiclass
MASP2;TARDBP,-1,1,1,1,3,Multiclass
MAST1,22983,13,292,386,691,Multiclass
MAST2,23139,0,25,241,266,Benign-only
MAST3,23031,6,67,207,280,Multiclass
MAST4,375449,0,51,322,373,Benign-only
MASTL,84930,0,74,132,206,Benign-only
MAT1A,4143,38,140,215,393,Multiclass
MAT2A,4144,1,220,102,323,Multiclass
MAT2B,27430,0,1,37,38,Benign-only
MATCAP1,653319,0,1,73,74,Benign-only
MATCAP2,23366,0,3,41,44,Benign-only
MATK,4145,0,8,64,72,Benign-only
MATN1,4146,0,6,77,83,Benign-only
MATN2,4147,0,6,128,134,Benign-only
MATN3,4148,9,114,230,353,Multiclass
MATN3;WDR35-DT,-1,1,0,0,1,Pathogenic-only
MATN4,8785,0,8,89,97,Benign-only
MATR3,9782,1,288,352,641,Multiclass
MAU2,23383,12,2,41,55,Multiclass
MAVS,57506,0,12,56,68,Benign-only
MAX,4149,54,262,297,613,Multiclass
MAZ,4150,0,6,103,109,Benign-only
MAZ;MVP-DT;PAGR1;PRRT2,-1,1,0,0,1,Pathogenic-only
MB,4151,1,4,20,25,Multiclass
MB21D2,151963,0,0,58,58,VUS/Other-only
MBD1,4152,0,9,62,71,Benign-only
MBD2,8932,0,1,48,49,Benign-only
MBD3,53615,0,3,0,3,Benign-only
MBD3L1,85509,0,2,30,32,Benign-only
MBD3L2,125997,0,1,0,1,Benign-only
MBD3L3,653657,0,1,0,1,Benign-only
MBD4,8930,144,416,800,1360,Multiclass
MBD5,55777,124,612,903,1639,Multiclass
MBD6,114785,0,17,166,183,Benign-only
MBIP,51562,0,3,35,38,Benign-only
MBL2,4153,0,19,97,116,Benign-only
MBLAC1,255374,0,0,36,36,VUS/Other-only
MBLAC2,153364,0,1,44,45,Benign-only
MBNL1,4154,0,4,31,35,Benign-only
MBNL2,10150,0,2,29,31,Benign-only
MBNL3,55796,0,2,28,30,Benign-only
MBOAT1,154141,0,6,65,71,Benign-only
MBOAT2,129642,0,5,46,51,Benign-only
MBOAT4,619373,0,10,46,56,Benign-only
MBOAT7,79143,21,27,134,182,Multiclass
MBOAT7;TSEN34,-1,0,1,0,1,Benign-only
MBP,4155,0,9,32,41,Benign-only
MBTD1,54799,0,0,43,43,VUS/Other-only
MBTPS1,8720,20,270,265,555,Multiclass
MBTPS2,51360,8,92,110,210,Multiclass
MC1R,4157,1,293,517,811,Multiclass
MC2R,4158,23,42,105,170,Multiclass
MC3R,4159,0,10,54,64,Benign-only
MC4R,4160,48,14,112,174,Multiclass
MC5R,4161,0,5,51,56,Benign-only
MCAM,4162,0,5,111,116,Benign-only
MCAT,27349,1,11,46,58,Multiclass
MCC,4163,0,20,175,195,Benign-only
MCCC1,56922,203,416,281,900,Multiclass
MCCC2,64087,196,374,238,808,Multiclass
MCCD1,401250,0,1,17,18,Benign-only
MCEE,84693,9,78,42,129,Multiclass
MCEMP1,199675,0,3,14,17,Benign-only
MCF2,4168,0,15,77,92,Benign-only
MCF2L,23263,0,48,143,191,Benign-only
MCF2L2,23101,0,15,144,159,Benign-only
MCFD2,90411,3,49,101,153,Multiclass
MCHR1,2847,0,10,76,86,Benign-only
MCHR2,84539,0,3,42,45,Benign-only
MCIDAS,345643,13,123,94,230,Multiclass
MCL1,4170,0,7,25,32,Benign-only
MCM10,55388,2,43,119,164,Multiclass
MCM2,4171,2,159,215,376,Multiclass
MCM3,4172,0,3,124,127,Benign-only
MCM3AP,8888,99,773,732,1604,Multiclass
MCM3AP;MCM3AP-AS1,-1,0,1,0,1,Benign-only
MCM3AP;YBEY,-1,0,1,0,1,Benign-only
MCM4,4173,3,317,391,711,Multiclass
MCM5,4174,0,184,282,466,Benign-only
MCM6,4175,0,9,107,116,Benign-only
MCM7,4176,6,11,145,162,Multiclass
MCM8,84515,10,18,107,135,Multiclass
MCM9,254394,9,32,148,189,Multiclass
MCMBP,79892,0,3,73,76,Benign-only
MCMDC2,157777,2,6,64,72,Multiclass
MCOLN1,57192,121,588,158,867,Multiclass
MCOLN2,255231,0,12,73,85,Benign-only
MCOLN3,55283,0,2,63,65,Benign-only
MCPH1,79648,106,676,347,1129,Multiclass
MCRIP1,348262,0,1,1,2,Benign-only
MCRIP2,84331,0,0,2,2,VUS/Other-only
MCRS1,10445,0,1,47,48,Benign-only
MCTP1,79772,0,7,101,108,Benign-only
MCTP2,55784,0,49,164,213,Benign-only
MCTS1,28985,0,2,5,7,Benign-only
MCU,90550,0,3,33,36,Benign-only
MCUB,55013,0,0,3,3,VUS/Other-only
MCUR1,63933,1,2,58,61,Multiclass
MDC1,9656,3,62,201,266,Multiclass
MDFI,4188,0,2,36,38,Benign-only
MDFIC,29969,3,8,67,78,Multiclass
MDGA1,266727,0,9,127,136,Benign-only
MDGA2,161357,1,4,35,40,Multiclass
MDH1,4190,0,11,33,44,Benign-only
MDH1B,130752,0,5,75,80,Benign-only
MDH2,4191,19,304,387,710,Multiclass
MDK,4192,0,0,17,17,VUS/Other-only
MDM1,56890,0,7,92,99,Benign-only
MDM2,4193,1,76,111,188,Multiclass
MDM4,4194,0,11,48,59,Benign-only
MDN1,23195,0,52,715,767,Benign-only
MDP1,145553,0,3,17,20,Benign-only
ME1,4199,0,1,57,58,Benign-only
ME2,4200,1,5,71,77,Multiclass
ME3,10873,0,3,73,76,Benign-only
MEA1,4201,0,1,33,34,Benign-only
MEA1;PPP2R5D,-1,1,0,0,1,Pathogenic-only
MEAF6,64769,0,0,16,16,VUS/Other-only
MEAK7,57707,0,23,133,156,Benign-only
MECOM,2122,29,616,1152,1797,Multiclass
MECP2,4204,793,647,511,1951,Multiclass
MECR,51102,29,208,94,331,Multiclass
MED1,5469,0,4,154,158,Benign-only
MED10,84246,0,1,17,18,Benign-only
MED11,400569,1,0,19,20,Pathogenic-only
MED12,9968,80,1137,927,2144,Multiclass
MED12L,116931,28,69,416,513,Multiclass
MED12L;P2RY12,-1,0,1,0,1,Benign-only
MED12L;P2RY13,-1,0,1,0,1,Benign-only
MED13,9969,73,134,433,640,Multiclass
MED13L,23389,273,737,587,1597,Multiclass
MED14,9282,0,6,74,80,Benign-only
MED15,51586,0,14,83,97,Benign-only
MED16,10025,1,32,220,253,Multiclass
MED17,9440,84,428,131,643,Multiclass
MED18,54797,0,1,30,31,Benign-only
MED19,219541,0,1,27,28,Benign-only
MED20,9477,0,11,34,45,Benign-only
MED21,9412,0,0,13,13,VUS/Other-only
MED22,6837,0,2,33,35,Benign-only
MED23,9439,20,49,164,233,Multiclass
MED24,9862,0,8,113,121,Benign-only
MED25,81857,7,444,346,797,Multiclass
MED26,9441,0,6,113,119,Benign-only
MED27,9442,0,7,34,41,Benign-only
MED28,80306,0,1,38,39,Benign-only
MED29,55588,1,4,31,36,Multiclass
MED30,90390,0,1,21,22,Benign-only
MED31,51003,0,0,17,17,VUS/Other-only
MED4,29079,0,1,26,27,Benign-only
MED6,10001,0,2,19,21,Benign-only
MED7,9443,0,0,22,22,VUS/Other-only
MED8,112950,0,0,26,26,VUS/Other-only
MED9,55090,0,2,20,22,Benign-only
MEDAG,84935,0,3,53,56,Benign-only
MEF2A,4205,1,15,35,51,Multiclass
MEF2B,100271849,0,0,8,8,VUS/Other-only
MEF2C,4208,112,265,190,567,Multiclass
MEF2C;MEF2C-AS2,-1,0,0,1,1,VUS/Other-only
MEF2D,4209,0,0,33,33,VUS/Other-only
MEFV,4210,19,529,507,1055,Multiclass
MEG3,55384,0,11,2,13,Benign-only
MEG8,79104,0,3,0,3,Benign-only
MEGF10,84466,52,448,575,1075,Multiclass
MEGF11,84465,0,8,182,190,Benign-only
MEGF6,1953,0,54,303,357,Benign-only
MEGF8,1954,32,522,608,1162,Multiclass
MEGF9,1955,0,5,101,106,Benign-only
MEI1,150365,9,25,151,185,Multiclass
MEIG1,644890,0,0,18,18,VUS/Other-only
MEIKIN,728637,0,3,0,3,Benign-only
MEIOB,254528,7,6,66,79,Multiclass
MEIOC,284071,0,2,0,2,Benign-only
MEIOSIN,388553,0,2,0,2,Benign-only
MEIS1,4211,0,1,28,29,Benign-only
MEIS2,4212,40,65,110,215,Multiclass
MEIS3,56917,0,5,79,84,Benign-only
MELK,9833,0,13,90,103,Benign-only
MELTF,4241,0,1,13,14,Benign-only
MEMO1,51072,0,0,15,15,VUS/Other-only
MEN1,4221,666,959,1227,2852,Multiclass
MEOX1,4222,5,56,62,123,Multiclass
MEOX2,4223,0,0,48,48,VUS/Other-only
MEP1A,4224,0,6,106,112,Benign-only
MEP1B,4225,0,1,85,86,Benign-only
MEPCE,56257,0,4,111,115,Benign-only
MEPE,56955,0,15,77,92,Benign-only
MERTK,10461,114,280,414,808,Multiclass
MESD,23184,5,41,57,103,Multiclass
MESP1,55897,0,39,110,149,Benign-only
MESP2,145873,72,298,140,510,Multiclass
MEST,4232,1,1,25,27,Multiclass
MET,4233,7,1824,2551,4382,Multiclass
METAP1,23173,0,1,35,36,Benign-only
METAP1D,254042,0,1,59,60,Benign-only
METAP2,10988,0,0,36,36,VUS/Other-only
METRN,79006,0,6,74,80,Benign-only
METRNL,284207,0,12,56,68,Benign-only
METTL1,4234,0,8,49,57,Benign-only
METTL13,51603,0,2,115,117,Benign-only
METTL14,57721,0,1,28,29,Benign-only
METTL15,196074,0,4,59,63,Benign-only
METTL16,79066,0,4,47,51,Benign-only
METTL17,64745,0,6,66,72,Benign-only
METTL18,92342,0,4,41,45,Benign-only
METTL21A,151194,0,0,25,25,VUS/Other-only
METTL21C,196541,0,6,40,46,Benign-only
METTL22,79091,0,11,93,104,Benign-only
METTL23,124512,17,6,43,66,Multiclass
METTL24,728464,0,1,67,68,Benign-only
METTL25,84190,0,11,90,101,Benign-only
METTL25B,51093,0,13,76,89,Benign-only
METTL26,84326,0,0,4,4,VUS/Other-only
METTL27,155368,0,10,35,45,Benign-only
METTL2A,339175,0,2,58,60,Benign-only
METTL2B,55798,0,2,49,51,Benign-only
METTL3,56339,0,0,37,37,VUS/Other-only
METTL4,64863,1,0,54,55,Pathogenic-only
METTL5,29081,10,1,36,47,Multiclass
METTL6,131965,0,1,46,47,Benign-only
METTL8,79828,0,4,56,60,Benign-only
METTL9,51108,0,1,18,19,Benign-only
MEX3A,92312,0,0,60,60,VUS/Other-only
MEX3B,84206,0,2,89,91,Benign-only
MEX3C,51320,0,2,4,6,Benign-only
MEX3D,399664,0,6,148,154,Benign-only
MFAP1,4236,0,1,25,26,Benign-only
MFAP2,4237,0,1,23,24,Benign-only
MFAP3,4238,0,3,50,53,Benign-only
MFAP3L,9848,0,4,46,50,Benign-only
MFAP4,4239,0,1,33,34,Benign-only
MFAP5,8076,3,149,151,303,Multiclass
MFF,56947,8,96,90,194,Multiclass
MFF-DT;COL4A3,-1,0,0,2,2,VUS/Other-only
MFGE8,4240,0,16,65,81,Benign-only
MFHAS1,9258,0,15,198,213,Benign-only
MFN1,55669,0,2,82,84,Benign-only
MFN2,9927,196,449,623,1268,Multiclass
MFNG,4242,0,1,53,54,Benign-only
MFRP,83552,60,264,291,615,Multiclass
MFRP;C1QTNF5,-1,0,1,9,10,Benign-only
MFSD1,64747,0,4,76,80,Benign-only
MFSD10,10227,0,3,66,69,Benign-only
MFSD11,79157,0,1,68,69,Benign-only
MFSD11;SRSF2,-1,1,0,0,1,Pathogenic-only
MFSD12,126321,0,8,0,8,Benign-only
MFSD13A,79847,0,1,2,3,Benign-only
MFSD14A,64645,0,0,3,3,VUS/Other-only
MFSD14B,84641,0,0,2,2,VUS/Other-only
MFSD14C,84278,0,1,0,1,Benign-only
MFSD2A,84879,3,107,87,197,Multiclass
MFSD2B,388931,0,4,57,61,Benign-only
MFSD3,113655,0,3,51,54,Benign-only
MFSD4A,148808,0,2,3,5,Benign-only
MFSD4B,91749,0,1,6,7,Benign-only
MFSD5,84975,0,0,44,44,VUS/Other-only
MFSD6,54842,0,6,92,98,Benign-only
MFSD6L,162387,0,22,89,111,Benign-only
MFSD8,256471,153,442,357,952,Multiclass
MFSD9,84804,0,6,66,72,Benign-only
MGA,23269,0,25,31,56,Benign-only
MGAM,8972,0,38,270,308,Benign-only
MGAM2,93432,0,1,0,1,Benign-only
MGARP,84709,0,4,28,32,Benign-only
MGAT1,4245,0,15,69,84,Benign-only
MGAT2,4247,8,28,124,160,Multiclass
MGAT3,4248,0,6,57,63,Benign-only
MGAT4A,11320,0,2,56,58,Benign-only
MGAT4B,11282,0,4,90,94,Benign-only
MGAT4C,25834,0,2,41,43,Benign-only
MGAT5,4249,0,2,51,53,Benign-only
MGAT5B,146664,0,9,121,130,Benign-only
MGLL,11343,0,5,32,37,Benign-only
MGME1,92667,12,80,98,190,Multiclass
MGMT,4255,0,7,36,43,Benign-only
MGP,4256,2,70,46,118,Multiclass
MGRN1,23295,0,13,116,129,Benign-only
MGST1,4257,0,3,22,25,Benign-only
MGST2,4258,0,3,20,23,Benign-only
MGST3,4259,0,2,21,23,Benign-only
MHRT;LOC114827851;LOC126861897;MIR208B;MYH6;MYH7,-1,0,0,1,1,VUS/Other-only
MHRT;MIR208B;LOC126861897;MYH7,-1,1,0,0,1,Pathogenic-only
MIA,8190,0,1,15,16,Benign-only
MIA2,4253,0,27,224,251,Benign-only
MIA3,375056,1,39,261,301,Multiclass
MIAT,440823,0,10,0,10,Benign-only
MIAT;MIATNB,-1,0,1,0,1,Benign-only
MIB1,57534,26,267,354,647,Multiclass
MIB2,142678,0,42,226,268,Benign-only
MICA,100507436,0,12,34,46,Benign-only
MICAL1,64780,2,524,725,1251,Multiclass
MICAL2,9645,0,26,264,290,Benign-only
MICAL2;MICALCL,-1,0,1,0,1,Benign-only
MICAL3,57553,0,26,341,367,Benign-only
MICALL1,85377,0,8,157,165,Benign-only
MICALL2,79778,0,55,228,283,Benign-only
MICB,4277,0,7,47,54,Benign-only
MICOS10,440574,0,2,24,26,Benign-only
MICOS10-NBL1,100532736,0,0,13,13,VUS/Other-only
MICOS13,125988,6,14,6,26,Multiclass
MICU1,10367,43,188,111,342,Multiclass
MICU2,221154,0,8,56,64,Benign-only
MICU3,286097,0,3,103,106,Benign-only
MID1,4281,64,250,142,456,Multiclass
MID1IP1,58526,0,4,16,20,Benign-only
MID2,11043,2,14,66,82,Multiclass
MIDEAS,91748,0,8,163,171,Benign-only
MIDN,90007,0,4,112,116,Benign-only
MIEF1,54471,0,6,69,75,Benign-only
MIEF2,125170,0,24,103,127,Benign-only
MIEN1,84299,0,1,15,16,Benign-only
MIER1,57708,0,2,55,57,Benign-only
MIER2,54531,0,8,94,102,Benign-only
MIER3,166968,0,2,42,44,Benign-only
MIF,4282,0,4,21,25,Benign-only
MIF4GD,57409,0,1,39,40,Benign-only
MIGA1,374986,0,0,10,10,VUS/Other-only
MIGA2,84895,0,3,9,12,Benign-only
MIIP,60672,0,20,65,85,Benign-only
MILR1;POLG2,-1,0,1,0,1,Benign-only
MIMS1,125228,5,0,0,5,Pathogenic-only
MINAR1,23251,0,10,164,174,Benign-only
MINAR2,100127206,0,2,1,3,Benign-only
MINDY1,55793,0,4,74,78,Benign-only
MINDY2,54629,0,3,94,97,Benign-only
MINDY3,80013,0,6,59,65,Benign-only
MINDY4,84182,0,12,136,148,Benign-only
MINK1,50488,0,14,163,177,Benign-only
MINPP1,9562,12,20,67,99,Multiclass
MIOS,54468,0,5,104,109,Benign-only
MIOX,55586,0,3,59,62,Benign-only
MIP,4284,18,34,59,111,Multiclass
MIPEP,4285,19,127,153,299,Multiclass
MIPOL1,145282,0,6,65,71,Benign-only
MIR103A2;MIR103B2;PANK2,-1,1,0,0,1,Pathogenic-only
MIR1225;PKD1;PKD1-AS1,-1,1,0,0,1,Pathogenic-only
MIR1225;PKD1;PKD1-AS1;TSC2,-1,3,0,0,3,Pathogenic-only
MIR145,406937,0,0,1,1,VUS/Other-only
MIR17HG,407975,1,0,5,6,Pathogenic-only
MIR181A1HG,100131234,0,5,0,5,Benign-only
MIR183;MIR96,-1,0,1,0,1,Benign-only
MIR184,406960,0,7,2,9,Benign-only
MIR1915HG,399726,0,4,23,27,Benign-only
MIR204,406987,1,1,15,17,Multiclass
MIR204;TRPM3,-1,0,1,0,1,Benign-only
MIR296,407022,0,1,0,1,Benign-only
MIR3667HG,348645,0,2,0,2,Benign-only
MIR4257;ADAMTSL4;ADAMTSL4-AS1;ADAMTSL4-AS2,-1,1,0,0,1,Pathogenic-only
MIR4473;MLLT3,-1,1,0,0,1,Pathogenic-only
MIR4497,100616454,0,1,0,1,Benign-only
MIR4500HG,642345,0,1,0,1,Benign-only
MIR4713HG;PIRC66;CYP19A1,-1,1,0,0,1,Pathogenic-only
MIR4731;PMP22,-1,1,0,0,1,Pathogenic-only
MIR5004;SYNGAP1;SYNGAP1-AS1,-1,1,0,0,1,Pathogenic-only
MIR605,693190,0,1,0,1,Benign-only
MIR6084;PINK1,-1,0,0,1,1,VUS/Other-only
MIR6084;PINK1;PINK1-AS,-1,1,0,0,1,Pathogenic-only
MIR6511B1;PKD1,-1,2,1,0,3,Multiclass
MIR6753;TCIRG1,-1,1,0,0,1,Pathogenic-only
MIR6788;PIEZO2,-1,1,0,0,1,Pathogenic-only
MIR6795;NOTCH3,-1,2,0,0,2,Pathogenic-only
MIR6797;RPS19,-1,1,0,0,1,Pathogenic-only
MIR6815;COL18A1,-1,1,0,0,1,Pathogenic-only
MIR6826,102465496,0,1,0,1,Benign-only
MIR6857;SMC1A,-1,2,0,0,2,Pathogenic-only
MIR9-1HG,10485,0,0,2,2,VUS/Other-only
MIR943;NELFA;NSD2,-1,0,0,1,1,VUS/Other-only
MIR96,407053,0,7,8,15,Benign-only
MIR9718;SIX1,-1,1,0,1,2,Pathogenic-only
MIS12,79003,0,0,22,22,VUS/Other-only
MIS18A,54069,0,5,29,34,Benign-only
MIS18BP1,55320,0,16,142,158,Benign-only
MISP,126353,0,24,186,210,Benign-only
MITD1,129531,0,0,24,24,VUS/Other-only
MITF,4286,130,419,721,1270,Multiclass
MIX23,131076,0,0,15,15,VUS/Other-only
MIXL1,83881,0,1,39,40,Benign-only
MKI67,4288,0,89,478,567,Benign-only
MKKS,8195,112,234,252,598,Multiclass
MKLN1,4289,0,0,46,46,VUS/Other-only
MKNK1,8569,0,4,50,54,Benign-only
MKNK2,2872,0,3,62,65,Benign-only
MKRN1,23608,0,4,71,75,Benign-only
MKRN2,23609,0,4,72,76,Benign-only
MKRN2;RAF1,-1,0,2,0,2,Benign-only
MKRN2OS,100129480,0,5,55,60,Benign-only
MKRN3,7681,7,33,69,109,Multiclass
MKS1,54903,167,463,358,988,Multiclass
MKX,283078,0,1,58,59,Benign-only
MLANA,2315,0,1,17,18,Benign-only
MLC1,23209,128,411,174,713,Multiclass
MLEC,9761,0,2,17,19,Benign-only
MLF1,4291,0,8,29,37,Benign-only
MLF2,8079,0,0,40,40,VUS/Other-only
MLH1,4292,1903,1623,2139,5665,Multiclass
MLH3,27030,100,1054,2142,3296,Multiclass
MLIP,90523,10,16,53,79,Multiclass
MLKL,197259,0,14,74,88,Benign-only
MLLT1,4298,0,3,60,63,Benign-only
MLLT10,8028,0,10,105,115,Benign-only
MLLT11,10962,0,2,6,8,Benign-only
MLLT3,4300,0,10,57,67,Benign-only
MLLT6,4302,0,4,126,130,Benign-only
MLN,4295,0,0,17,17,VUS/Other-only
MLNR,2862,0,3,62,65,Benign-only
MLPH,79083,10,142,105,257,Multiclass
MLST8,64223,0,3,36,39,Benign-only
MLX,6945,0,8,44,52,Benign-only
MLXIP,22877,0,0,43,43,VUS/Other-only
MLXIPL,51085,0,65,119,184,Benign-only
MLYCD,23417,62,398,260,720,Multiclass
MMAA,166785,133,238,211,582,Multiclass
MMAB,326625,92,281,160,533,Multiclass
MMAB;MVK,-1,0,5,1,6,Benign-only
MMACHC,25974,171,230,190,591,Multiclass
MMACHC;PRDX1,-1,1,0,0,1,Pathogenic-only
MMADHC,27249,68,219,79,366,Multiclass
MMD,23531,0,2,21,23,Benign-only
MMD2,221938,0,1,54,55,Benign-only
MME,4311,98,332,331,761,Multiclass
MMEL1,79258,0,27,142,169,Benign-only
MMGT1,93380,0,5,13,18,Benign-only
MMP1,4312,0,50,78,128,Benign-only
MMP10,4319,0,8,73,81,Benign-only
MMP11,4320,0,6,88,94,Benign-only
MMP12,4321,0,4,29,33,Benign-only
MMP13,4322,28,134,199,361,Multiclass
MMP14,4323,0,158,209,367,Benign-only
MMP15,4324,1,7,123,131,Multiclass
MMP16,4325,0,4,45,49,Benign-only
MMP17,4326,0,17,130,147,Benign-only
MMP19,4327,0,18,70,88,Benign-only
MMP2,4313,27,201,185,414,Multiclass
MMP2-AS1,107984884,1,0,0,1,Pathogenic-only
MMP20,9313,6,56,121,183,Multiclass
MMP21,118856,14,23,117,154,Multiclass
MMP23B,8510,0,3,28,31,Benign-only
MMP24,10893,0,4,90,94,Benign-only
MMP25,64386,0,2,133,135,Benign-only
MMP26,56547,0,6,42,48,Benign-only
MMP27,64066,0,4,97,101,Benign-only
MMP28,79148,0,0,20,20,VUS/Other-only
MMP3,4314,0,36,65,101,Benign-only
MMP7,4316,0,8,32,40,Benign-only
MMP8,4317,0,21,66,87,Benign-only
MMP9,4318,3,195,285,483,Multiclass
MMRN1,22915,0,19,175,194,Benign-only
MMRN2,79812,0,12,140,152,Benign-only
MMS19,64210,0,8,147,155,Benign-only
MMS22L,253714,0,13,146,159,Benign-only
MMUT,4594,391,425,266,1082,Multiclass
MN1,4330,21,77,355,453,Multiclass
MNAT1,4331,0,2,31,33,Benign-only
MND1,84057,0,3,33,36,Benign-only
MNDA,4332,0,225,408,633,Benign-only
MNMIP1,79729,0,2,2,4,Benign-only
MNS1,55329,6,9,67,82,Multiclass
MNT,4335,0,5,79,84,Benign-only
MNX1,3110,40,155,273,468,Multiclass
MOB1A,55233,0,0,15,15,VUS/Other-only
MOB1B,92597,0,0,23,23,VUS/Other-only
MOB2,81532,0,22,32,54,Benign-only
MOB3A,126308,0,1,52,53,Benign-only
MOB3B,79817,0,1,17,18,Benign-only
MOB3C,148932,0,2,53,55,Benign-only
MOB4,25843,0,0,4,4,VUS/Other-only
MOBP,4336,0,1,11,12,Benign-only
MOCOS,55034,39,199,270,508,Multiclass
MOCS1,4337,86,294,374,754,Multiclass
MOCS2,4338,47,178,137,362,Multiclass
MOCS3,27304,0,77,232,309,Benign-only
MOG,4340,0,5,30,35,Benign-only
MOGAT1,116255,0,2,54,56,Benign-only
MOGAT2,80168,0,5,73,78,Benign-only
MOGAT3,346606,0,6,62,68,Benign-only
MOGS,7841,35,236,333,604,Multiclass
MOK,5891,0,5,70,75,Benign-only
MON1A,84315,1,3,92,96,Multiclass
MON1B,22879,0,2,82,84,Benign-only
MON2,23041,0,6,153,159,Benign-only
MORC1,27136,0,14,88,102,Benign-only
MORC2,22880,33,446,524,1003,Multiclass
MORC3,23515,0,8,90,98,Benign-only
MORC4,79710,0,7,88,95,Benign-only
MORF4L1,10933,0,1,28,29,Benign-only
MORF4L2,9643,0,0,18,18,VUS/Other-only
MORF4L2;MORF4L2-AS1;TCEAL1;TMEM31,-1,0,0,1,1,VUS/Other-only
MORN1,79906,0,15,107,122,Benign-only
MORN2,729967,0,0,7,7,VUS/Other-only
MORN3,283385,0,5,44,49,Benign-only
MORN4,118812,0,0,18,18,VUS/Other-only
MORN5,254956,0,1,29,30,Benign-only
MOS,4342,3,3,47,53,Multiclass
MOSMO,730094,0,0,3,3,VUS/Other-only
MOSPD1,56180,0,0,13,13,VUS/Other-only
MOSPD2,158747,0,4,28,32,Benign-only
MOSPD3,64598,0,4,37,41,Benign-only
MOV10,4343,0,15,105,120,Benign-only
MOV10L1,54456,5,21,176,202,Multiclass
MOXD1,26002,0,0,101,101,VUS/Other-only
MPC1,51660,5,31,17,53,Multiclass
MPC1L,347411,0,0,1,1,VUS/Other-only
MPC2,25874,0,0,10,10,VUS/Other-only
MPDU1,9526,13,39,59,111,Multiclass
MPDZ,8777,130,793,996,1919,Multiclass
MPEG1,219972,0,20,122,142,Benign-only
MPG,4350,0,6,64,70,Benign-only
MPHOSPH10,10199,0,13,87,100,Benign-only
MPHOSPH6,10200,0,4,25,29,Benign-only
MPHOSPH8,54737,0,10,83,93,Benign-only
MPHOSPH9,10198,0,9,146,155,Benign-only
MPI,4351,138,296,105,539,Multiclass
MPIG6B,80739,8,11,15,34,Multiclass
MPL,4352,205,396,269,870,Multiclass
MPLKIP,136647,19,59,88,166,Multiclass
MPND,84954,0,3,99,102,Benign-only
MPO,4353,13,19,108,140,Multiclass
MPP1,4354,0,7,40,47,Benign-only
MPP2,4355,0,2,62,64,Benign-only
MPP3,4356,0,2,76,78,Benign-only
MPP4,58538,0,6,94,100,Benign-only
MPP7,143098,0,4,83,87,Benign-only
MPPE1,65258,0,6,69,75,Benign-only
MPPED1,758,0,0,27,27,VUS/Other-only
MPPED2,744,0,0,12,12,VUS/Other-only
MPRIP,23164,0,19,157,176,Benign-only
MPST,4357,0,1,52,53,Benign-only
MPV17,4358,88,156,79,323,Multiclass
MPV17;UCN,-1,1,0,0,1,Pathogenic-only
MPV17L,255027,0,6,44,50,Benign-only
MPV17L2,84769,0,1,28,29,Benign-only
MPZ,4359,189,118,266,573,Multiclass
MPZ;SDHC,-1,1,0,1,2,Pathogenic-only
MPZL1,9019,0,3,30,33,Benign-only
MPZL2,10205,17,9,36,62,Multiclass
MPZL3,196264,0,4,41,45,Benign-only
MR1,3140,0,7,54,61,Benign-only
MRAP,56246,5,19,48,72,Multiclass
MRAP2,112609,0,13,39,52,Benign-only
MRAS,22808,5,132,119,256,Multiclass
MRC1,4360,0,2,0,2,Benign-only
MRC2,9902,0,5,187,192,Benign-only
MRE11,4361,190,776,1326,2292,Multiclass
MREG,55686,0,1,32,33,Benign-only
MRFAP1,93621,0,1,23,24,Benign-only
MRFAP1L1,114932,0,2,21,23,Benign-only
MRGBP,55257,0,1,19,20,Benign-only
MRGPRD,116512,0,6,59,65,Benign-only
MRGPRE,116534,0,2,28,30,Benign-only
MRGPRF,116535,0,4,65,69,Benign-only
MRGPRG,386746,0,4,53,57,Benign-only
MRGPRX1,259249,0,22,52,74,Benign-only
MRGPRX2,117194,0,4,39,43,Benign-only
MRGPRX3,117195,0,10,84,94,Benign-only
MRGPRX4,117196,0,10,46,56,Benign-only
MRI1,84245,0,17,78,95,Benign-only
MRM1,79922,0,3,54,57,Benign-only
MRM2,29960,0,7,5,12,Benign-only
MRM3,55178,0,0,4,4,VUS/Other-only
MRNIP,51149,0,4,3,7,Benign-only
MRNIP;SQSTM1,-1,0,1,2,3,Benign-only
MRO,83876,0,4,29,33,Benign-only
MROH1,727957,0,11,62,73,Benign-only
MROH2A,339766,0,6,0,6,Benign-only
MROH2B,133558,0,17,224,241,Benign-only
MROH5,389690,0,30,261,291,Benign-only
MROH6,642475,0,15,199,214,Benign-only
MROH7,374977,0,21,205,226,Benign-only
MROH8,140699,0,1,0,1,Benign-only
MROH9,80133,0,13,71,84,Benign-only
MRPL1,65008,0,5,37,42,Benign-only
MRPL10,124995,0,1,33,34,Benign-only
MRPL11,65003,0,0,29,29,VUS/Other-only
MRPL12,6182,0,65,55,120,Benign-only
MRPL13,28998,0,1,26,27,Benign-only
MRPL14,64928,0,2,32,34,Benign-only
MRPL15,29088,0,2,48,50,Benign-only
MRPL16,54948,0,1,41,42,Benign-only
MRPL17,63875,0,3,32,35,Benign-only
MRPL18,29074,0,1,30,31,Benign-only
MRPL19,9801,0,4,45,49,Benign-only
MRPL2,51069,0,2,48,50,Benign-only
MRPL20,55052,0,2,37,39,Benign-only
MRPL21,219927,0,1,30,31,Benign-only
MRPL22,29093,0,2,27,29,Benign-only
MRPL23,6150,0,2,40,42,Benign-only
MRPL24,79590,0,1,33,34,Benign-only
MRPL27,51264,0,0,20,20,VUS/Other-only
MRPL28,10573,0,3,44,47,Benign-only
MRPL3,11222,4,70,71,145,Multiclass
MRPL30,51263,0,1,24,25,Benign-only
MRPL32,64983,0,3,35,38,Benign-only
MRPL33,9553,0,1,10,11,Benign-only
MRPL34,64981,0,0,27,27,VUS/Other-only
MRPL35,51318,0,3,33,36,Benign-only
MRPL36,64979,0,1,23,24,Benign-only
MRPL37,51253,0,1,64,65,Benign-only
MRPL38,64978,0,4,78,82,Benign-only
MRPL39,54148,3,5,51,59,Multiclass
MRPL4,51073,0,2,4,6,Benign-only
MRPL40,64976,0,21,43,64,Benign-only
MRPL41,64975,0,0,21,21,VUS/Other-only
MRPL42,28977,1,0,21,22,Pathogenic-only
MRPL43,84545,0,3,19,22,Benign-only
MRPL44,65080,5,72,84,161,Multiclass
MRPL45,84311,0,3,63,66,Benign-only
MRPL46,26589,0,5,49,54,Benign-only
MRPL47,57129,0,1,39,40,Benign-only
MRPL48,51642,0,0,24,24,VUS/Other-only
MRPL49,740,6,1,29,36,Multiclass
MRPL50,54534,1,4,23,28,Multiclass
MRPL51,51258,0,0,21,21,VUS/Other-only
MRPL52,122704,0,3,21,24,Benign-only
MRPL53,116540,0,1,18,19,Benign-only
MRPL54,116541,0,1,28,29,Benign-only
MRPL55,128308,0,2,28,30,Benign-only
MRPL57,78988,0,1,22,23,Benign-only
MRPL58,3396,0,0,2,2,VUS/Other-only
MRPL9,65005,0,6,54,60,Benign-only
MRPS10,55173,0,2,30,32,Benign-only
MRPS11,64963,0,2,30,32,Benign-only
MRPS12,6183,0,2,25,27,Benign-only
MRPS14,63931,1,15,45,61,Multiclass
MRPS15,64960,0,5,46,51,Benign-only
MRPS16,51021,2,41,51,94,Multiclass
MRPS17,51373,0,2,15,17,Benign-only
MRPS18A,55168,0,3,42,45,Benign-only
MRPS18B,28973,0,7,39,46,Benign-only
MRPS18C,51023,0,3,22,25,Benign-only
MRPS2,51116,4,41,77,122,Multiclass
MRPS21,54460,0,1,12,13,Benign-only
MRPS22,56945,18,84,107,209,Multiclass
MRPS23,51649,0,35,36,71,Benign-only
MRPS24,64951,0,0,21,21,VUS/Other-only
MRPS25,64432,0,2,32,34,Benign-only
MRPS26,64949,0,4,42,46,Benign-only
MRPS27,23107,0,8,58,66,Benign-only
MRPS28,28957,0,8,35,43,Benign-only
MRPS30,10884,0,1,74,75,Benign-only
MRPS31,10240,0,2,62,64,Benign-only
MRPS33,51650,0,1,14,15,Benign-only
MRPS34,65993,10,53,64,127,Multiclass
MRPS35,60488,0,12,53,65,Benign-only
MRPS5,64969,0,6,56,62,Benign-only
MRPS6,64968,0,1,17,18,Benign-only
MRPS7,51081,1,65,63,129,Multiclass
MRPS7;GGA3,-1,0,2,0,2,Benign-only
MRPS9,64965,0,4,51,55,Benign-only
MRRF,92399,0,3,36,39,Benign-only
MRS2,57380,1,1,60,62,Multiclass
MRTFA,57591,0,371,523,894,Benign-only
MRTFB,57496,1,18,148,167,Multiclass
MRTO4,51154,0,0,37,37,VUS/Other-only
MS4A1,931,0,66,151,217,Benign-only
MS4A10,341116,0,1,37,38,Benign-only
MS4A12,54860,0,6,43,49,Benign-only
MS4A13,503497,0,2,17,19,Benign-only
MS4A14,84689,0,6,92,98,Benign-only
MS4A15,219995,0,3,49,52,Benign-only
MS4A18,728588,0,1,0,1,Benign-only
MS4A2,2206,0,7,37,44,Benign-only
MS4A3,932,0,3,35,38,Benign-only
MS4A4A,51338,0,2,31,33,Benign-only
MS4A5,64232,0,2,24,26,Benign-only
MS4A6A,64231,0,6,16,22,Benign-only
MS4A6E,245802,0,5,19,24,Benign-only
MS4A7,58475,0,3,42,45,Benign-only
MS4A8,83661,0,3,31,34,Benign-only
MSANTD1,345222,0,5,53,58,Benign-only
MSANTD2,79684,0,2,58,60,Benign-only
MSANTD3,91283,0,0,13,13,VUS/Other-only
MSANTD3-TMEFF1,100526694,0,0,1,1,VUS/Other-only
MSANTD4,84437,0,0,43,43,VUS/Other-only
MSC,9242,0,1,35,36,Benign-only
MSGN1,343930,0,1,36,37,Benign-only
MSH2,4436,2127,2239,2298,6664,Multiclass
MSH3,4437,612,1677,2860,5149,Multiclass
MSH3;DHFR,-1,0,6,5,11,Benign-only
MSH4,4438,6,11,127,144,Multiclass
MSH5,4439,8,14,83,105,Multiclass
MSH6,2956,2234,2456,4464,9154,Multiclass
MSI1,4440,0,2,34,36,Benign-only
MSI2,124540,0,0,25,25,VUS/Other-only
MSL1,339287,0,0,29,29,VUS/Other-only
MSL2,55167,12,9,71,92,Multiclass
MSL3,10943,39,27,77,143,Multiclass
MSLN,10232,0,35,144,179,Benign-only
MSMB,4477,0,1,7,8,Benign-only
MSMO1,6307,1,41,45,87,Multiclass
MSMP,692094,0,0,16,16,VUS/Other-only
MSN,4478,17,126,114,257,Multiclass
MSR1,4481,7,22,76,105,Multiclass
MSRA,4482,0,3,67,70,Benign-only
MSRB1,51734,0,2,25,27,Benign-only
MSRB2,22921,0,6,33,39,Benign-only
MSRB3,253827,8,55,54,117,Multiclass
MSS51,118490,0,6,82,88,Benign-only
MST1,4485,0,17,127,144,Benign-only
MST1R,4486,0,30,192,222,Benign-only
MSTN,2660,0,34,56,90,Benign-only
MSTO1,55154,15,64,133,212,Multiclass
MSX1,4487,18,48,94,160,Multiclass
MSX2,4488,7,114,134,255,Multiclass
MT-ATP6,4508,10,162,114,286,Multiclass
MT-ATP6;MT-ATP8,-1,1,7,4,12,Multiclass
MT-ATP6;MT-CO3,-1,1,0,0,1,Pathogenic-only
MT-ATP8,4509,1,41,27,69,Multiclass
MT-ATP8;MT-ATP6,-1,0,10,4,14,Benign-only
MT-CO1,4512,2,108,105,215,Multiclass
MT-CO1;MT-TQ,-1,0,1,0,1,Benign-only
MT-CO1;MT-TS1,-1,1,1,3,5,Multiclass
MT-CO2,4513,4,62,55,121,Multiclass
MT-CO3,4514,3,78,82,163,Multiclass
MT-CYB,4519,5,177,134,316,Multiclass
MT-CYB;MT-TT,-1,0,1,0,1,Benign-only
MT-ND1,4535,11,95,80,186,Multiclass
MT-ND1;MT-RNR1,-1,1,0,0,1,Pathogenic-only
MT-ND1;MT-TL1,-1,1,0,0,1,Pathogenic-only
MT-ND2,4536,1,109,75,185,Multiclass
MT-ND3,4537,5,25,20,50,Multiclass
MT-ND4,4538,2,84,56,142,Multiclass
MT-ND4L,4539,1,17,14,32,Multiclass
MT-ND5,4540,11,180,136,327,Multiclass
MT-ND5;MT-ND6,-1,1,0,0,1,Pathogenic-only
MT-ND6,4541,11,61,39,111,Multiclass
MT-RNR1,4549,0,60,12,73,Benign-only
MT-RNR1;MT-TS1,-1,1,0,0,1,Pathogenic-only
MT-RNR1;RNR1,-1,0,1,0,1,Benign-only
MT-RNR2,4550,0,11,8,19,Benign-only
MT-TA,4553,1,12,10,23,Multiclass
MT-TC,4511,0,23,7,30,Benign-only
MT-TD,4555,0,17,12,29,Benign-only
MT-TE,4556,2,11,10,23,Multiclass
MT-TF,4558,3,21,14,38,Multiclass
MT-TG,4563,0,15,14,29,Benign-only
MT-TH,4564,2,18,16,36,Multiclass
MT-TI,4565,2,8,15,25,Multiclass
MT-TK,4566,5,16,15,36,Multiclass
MT-TL1,4567,12,10,16,38,Multiclass
MT-TL2,4568,2,11,12,25,Multiclass
MT-TL2;MT-TS2;MT-CYB;MT-ND4;MT-ND5;MT-ND6;MT-TE;MT-TH,-1,1,0,0,1,Pathogenic-only
MT-TM,4569,1,7,7,15,Multiclass
MT-TN,4570,3,9,8,20,Multiclass
MT-TP,4571,2,8,13,23,Multiclass
MT-TQ,4572,0,18,7,25,Benign-only
MT-TR,4573,1,11,10,22,Multiclass
MT-TS1,4574,6,10,11,27,Multiclass
MT-TS2,4575,1,12,14,27,Multiclass
MT-TS2;MT-ND4;MT-TE;MT-TH;MT-TL2;MT-ND5;MT-ND6;MT-CYB,-1,1,0,0,1,Pathogenic-only
MT-TT,4576,1,46,9,56,Multiclass
MT-TT;MT-CYB,-1,0,2,0,2,Benign-only
MT-TV,4577,3,10,17,30,Multiclass
MT-TW,4578,6,17,16,39,Multiclass
MT-TY,4579,1,9,12,22,Multiclass
MT1A,4489,0,0,3,3,VUS/Other-only
MT1B,4490,0,0,15,15,VUS/Other-only
MT1E,4493,0,0,6,6,VUS/Other-only
MT1F,4494,0,1,7,8,Benign-only
MT1G,4495,0,2,17,19,Benign-only
MT1H,4496,0,1,15,16,Benign-only
MT1M,4499,0,2,10,12,Benign-only
MT1X,4501,0,0,11,11,VUS/Other-only
MT2A,4502,0,0,6,6,VUS/Other-only
MT3,4504,0,2,8,10,Benign-only
MT4,84560,0,0,13,13,VUS/Other-only
MTA1,9112,0,5,81,86,Benign-only
MTA2,9219,0,1,53,54,Benign-only
MTA3,57504,0,0,55,55,VUS/Other-only
MTAP,4507,0,80,99,179,Benign-only
MTARC1,64757,0,7,49,56,Benign-only
MTARC2,54996,0,5,45,50,Benign-only
MTBP,27085,0,12,96,108,Benign-only
MTCH1,23787,0,0,35,35,VUS/Other-only
MTCH2,23788,0,0,33,33,VUS/Other-only
MTCL1,23255,0,56,299,355,Benign-only
MTCL2,140710,0,13,209,222,Benign-only
MTCL3,387104,0,4,85,89,Benign-only
MTCP1,4515,0,0,4,4,VUS/Other-only
MTDH,92140,0,5,90,95,Benign-only
MTERF1,7978,0,11,46,57,Benign-only
MTERF2,80298,0,9,48,57,Benign-only
MTERF3,51001,0,1,47,48,Benign-only
MTERF4,130916,0,5,50,55,Benign-only
MTERF4;SNED1,-1,0,0,1,1,VUS/Other-only
MTF1,4520,0,10,61,71,Benign-only
MTF2,22823,0,2,41,43,Benign-only
MTFMT,123263,32,126,113,271,Multiclass
MTFP1,51537,0,5,25,30,Benign-only
MTFR1,9650,0,6,39,45,Benign-only
MTFR1L,56181,0,5,36,41,Benign-only
MTFR2,113115,0,6,57,63,Benign-only
MTG1,92170,0,3,73,76,Benign-only
MTG2,26164,0,13,83,96,Benign-only
MTHFD1,4522,38,358,232,628,Multiclass
MTHFD1L,25902,0,6,151,157,Benign-only
MTHFD2,10797,0,3,48,51,Benign-only
MTHFD2L,441024,0,2,49,51,Benign-only
MTHFR,4524,187,483,206,877,Multiclass
MTHFS,10588,4,20,25,49,Multiclass
MTHFS;ST20-MTHFS,-1,1,0,1,2,Pathogenic-only
MTHFSD,64779,0,4,74,78,Benign-only
MTIF2,4528,2,8,100,110,Multiclass
MTIF3,219402,0,5,27,32,Benign-only
MTM1,4534,262,344,170,776,Multiclass
MTMR1,8776,0,15,51,66,Benign-only
MTMR10,54893,0,4,102,106,Benign-only
MTMR11,10903,0,0,93,93,VUS/Other-only
MTMR12,54545,0,4,76,80,Benign-only
MTMR14,64419,0,137,205,342,Benign-only
MTMR2,8898,56,289,273,618,Multiclass
MTMR3,8897,0,6,142,148,Benign-only
MTMR4,9110,0,8,125,133,Benign-only
MTMR6,9107,0,6,75,81,Benign-only
MTMR7,9108,0,1,134,135,Benign-only
MTMR8,55613,0,5,98,103,Benign-only
MTMR9,66036,0,8,117,125,Benign-only
MTNAP1,55028,0,1,5,6,Benign-only
MTNR1A,4543,0,10,38,48,Benign-only
MTNR1B,4544,0,4,65,69,Benign-only
MTO1,25821,68,366,361,795,Multiclass
MTOR,2475,47,1805,1033,2885,Multiclass
MTPAP,55149,3,221,190,414,Multiclass
MTR,4548,102,878,406,1386,Multiclass
MTRES1,51250,0,1,2,3,Benign-only
MTREX,23517,0,7,104,111,Benign-only
MTRF1,9617,0,6,55,61,Benign-only
MTRF1L,54516,0,0,49,49,VUS/Other-only
MTRFR,91574,21,50,86,157,Multiclass
MTRNR2L1,100462977,0,0,2,2,VUS/Other-only
MTRNR2L10,100463488,0,0,4,4,VUS/Other-only
MTRNR2L3;RAE1,-1,0,0,10,10,VUS/Other-only
MTRNR2L4,100463285,0,1,3,4,Benign-only
MTRNR2L5;PCDH15,-1,0,0,3,3,VUS/Other-only
MTRNR2L8,100463486,0,0,5,5,VUS/Other-only
MTRR,4552,157,610,241,1008,Multiclass
MTSS1,9788,0,8,110,118,Benign-only
MTSS2,92154,1,44,187,232,Multiclass
MTTP,4547,175,639,343,1157,Multiclass
MTURN,222166,0,0,14,14,VUS/Other-only
MTUS1,57509,0,19,96,115,Benign-only
MTUS2,23281,0,7,63,70,Benign-only
MTX1,4580,0,1,38,39,Benign-only
MTX2,10651,4,1,29,34,Multiclass
MTX3,345778,0,1,39,40,Benign-only
MUC1,4582,8,27,101,136,Multiclass
MUC12,10071,0,62,0,62,Benign-only
MUC15,143662,0,7,49,56,Benign-only
MUC16,94025,0,137,0,137,Benign-only
MUC17,140453,0,81,913,994,Benign-only
MUC19,283463,0,52,0,52,Benign-only
MUC2,4583,0,69,0,69,Benign-only
MUC20,200958,0,8,0,8,Benign-only
MUC21,394263,0,75,80,155,Benign-only
MUC22,100507679,0,50,264,314,Benign-only
MUC3A,4584,0,28,1,29,Benign-only
MUC4,4585,0,251,7,258,Benign-only
MUC5AC,4586,0,27,11,38,Benign-only
MUC5B,727897,1,565,1336,1902,Multiclass
MUC6,4588,0,23,1,24,Benign-only
MUC7,4589,0,8,52,60,Benign-only
MUC8,100129528,0,8,0,8,Benign-only
MUCL1,118430,0,2,17,19,Benign-only
MUCL3,135656,0,30,185,215,Benign-only
MUL1,79594,0,6,58,64,Benign-only
MUS81,80198,0,7,90,97,Benign-only
MUSK,4593,71,448,311,830,Multiclass
MUTYH,4595,406,1185,1895,3486,Multiclass
MUTYH;TOE1,-1,0,5,2,7,Benign-only
MVB12A,93343,0,4,47,51,Benign-only
MVB12B,89853,0,2,42,44,Benign-only
MVD,4597,5,9,93,107,Multiclass
MVK,4598,102,320,255,677,Multiclass
MVP,9961,0,14,113,127,Benign-only
MVP-DT;PRRT2,-1,1,0,0,1,Pathogenic-only
MX1,4599,0,11,95,106,Benign-only
MX2,4600,0,12,94,106,Benign-only
MXD1,4084,0,1,17,18,Benign-only
MXD3,83463,0,5,35,40,Benign-only
MXD4,10608,0,1,28,29,Benign-only
MXI1,4601,1,2,47,50,Multiclass
MXRA5,25878,0,61,356,417,Benign-only
MXRA7,439921,0,4,37,41,Benign-only
MXRA8,54587,1,6,78,85,Multiclass
MYADM,91663,0,1,45,46,Benign-only
MYADML2,255275,0,4,70,74,Benign-only
MYB,4602,0,17,62,79,Benign-only
MYBBP1A,10514,0,58,318,376,Benign-only
MYBL1,4603,0,6,59,65,Benign-only
MYBL2,4605,0,9,74,83,Benign-only
MYBPC1,4604,13,218,205,436,Multiclass
MYBPC2,4606,0,18,215,233,Benign-only
MYBPC3,4607,1051,1291,1892,4234,Multiclass
MYBPH,4608,0,7,77,84,Benign-only
MYBPHL,343263,0,23,73,96,Benign-only
MYC,4609,1,8,11,22,Multiclass
MYCBP,26292,0,0,12,12,VUS/Other-only
MYCBP2,23077,18,52,654,724,Multiclass
MYCBP2;MYCBP2-AS1,-1,0,0,1,1,VUS/Other-only
MYCBPAP,84073,0,13,139,152,Benign-only
MYCL,4610,0,0,57,57,VUS/Other-only
MYCN,4613,67,76,189,332,Multiclass
MYCN;MYCNOS,-1,0,0,1,1,VUS/Other-only
MYCT1,80177,0,4,33,37,Benign-only
MYD88,4615,5,90,84,179,Multiclass
MYDGF,56005,0,0,28,28,VUS/Other-only
MYEF2,50804,0,1,59,60,Benign-only
MYEF2;SLC24A5,-1,0,1,0,1,Benign-only
MYEOV,26579,0,1,4,5,Benign-only
MYF5,4617,0,1,38,39,Benign-only
MYF6,4618,1,19,47,67,Multiclass
MYG1,60314,0,0,8,8,VUS/Other-only
MYH1,4619,0,11,295,306,Benign-only
MYH10,4628,14,27,275,316,Multiclass
MYH11,4629,75,1720,2114,3909,Multiclass
MYH11;NDE1,-1,0,19,11,30,Benign-only
MYH13,8735,0,11,324,335,Benign-only
MYH14,79784,28,586,806,1420,Multiclass
MYH15,22989,1,63,275,339,Multiclass
MYH1;MYHAS,-1,0,0,1,1,VUS/Other-only
MYH2,4620,112,571,967,1650,Multiclass
MYH3,4621,109,761,917,1787,Multiclass
MYH4,4622,0,14,291,305,Benign-only
MYH6,4624,13,1096,1705,2814,Multiclass
MYH7,4625,401,1910,2918,5229,Multiclass
MYH7B,57644,3,391,711,1105,Multiclass
MYH8,4626,3,124,340,467,Multiclass
MYH8;MYHAS,-1,0,0,2,2,VUS/Other-only
MYH9,4627,60,910,685,1655,Multiclass
MYHAS,100128560,0,1,0,1,Benign-only
MYL1,4632,2,21,23,46,Multiclass
MYL10,93408,0,1,30,31,Benign-only
MYL11,29895,0,1,33,34,Benign-only
MYL12A,10627,0,1,10,11,Benign-only
MYL12B,103910,0,0,4,4,VUS/Other-only
MYL2,4633,16,252,323,591,Multiclass
MYL3,4634,5,161,299,465,Multiclass
MYL4,4635,15,121,156,292,Multiclass
MYL5,4636,0,0,39,39,VUS/Other-only
MYL6,4637,0,1,18,19,Benign-only
MYL6B,140465,0,0,26,26,VUS/Other-only
MYL7,58498,0,0,27,27,VUS/Other-only
MYL9,10398,0,1,20,21,Benign-only
MYLIP,29116,0,44,93,137,Benign-only
MYLK,4638,70,985,1473,2528,Multiclass
MYLK2,85366,0,334,402,736,Benign-only
MYLK3,91807,1,365,647,1013,Multiclass
MYLK4,340156,0,5,53,58,Benign-only
MYMK,389827,5,28,45,78,Multiclass
MYMX,101929726,2,1,0,3,Multiclass
MYNN,55892,0,0,45,45,VUS/Other-only
MYO10,4651,1,30,331,362,Multiclass
MYO15A,51168,673,1754,1020,3447,Multiclass
MYO15B,80022,0,11,2,13,Benign-only
MYO16,23026,1,64,295,360,Multiclass
MYO18A,399687,0,35,317,352,Benign-only
MYO18B,84700,141,1181,1122,2444,Multiclass
MYO19,80179,0,13,195,208,Benign-only
MYO1A,4640,1,76,149,226,Multiclass
MYO1B,4430,0,5,118,123,Benign-only
MYO1C,4641,0,163,181,344,Benign-only
MYO1D,4642,0,14,133,147,Benign-only
MYO1E,4643,24,288,304,616,Multiclass
MYO1F,4542,0,154,176,330,Benign-only
MYO1G,64005,0,5,170,175,Benign-only
MYO1H,283446,5,20,180,205,Multiclass
MYO3A,53904,62,322,511,895,Multiclass
MYO3B,140469,0,20,217,237,Benign-only
MYO5A,4644,5,251,239,495,Multiclass
MYO5B,4645,87,840,828,1755,Multiclass
MYO5B;SNHG22,-1,0,0,1,1,VUS/Other-only
MYO5C,55930,0,13,244,257,Benign-only
MYO6,4646,105,278,478,861,Multiclass
MYO7A,4647,855,2198,1397,4450,Multiclass
MYO7B,4648,0,36,360,396,Benign-only
MYO9A,4649,2,131,358,491,Multiclass
MYO9B,4650,1,39,300,340,Multiclass
MYOC,4653,50,77,204,331,Multiclass
MYOCD,93649,9,48,135,192,Multiclass
MYOD1,4654,4,16,53,73,Multiclass
MYOF,26509,0,37,314,351,Benign-only
MYOG,4656,0,5,28,33,Benign-only
MYOM1,8736,0,901,1221,2122,Benign-only
MYOM2,9172,1,24,402,427,Multiclass
MYOM3,127294,0,18,259,277,Benign-only
MYORG,57462,35,65,186,286,Multiclass
MYOT,9499,8,163,285,456,Multiclass
MYOT;PKD2L2-DT,-1,0,0,1,1,VUS/Other-only
MYOZ1,58529,0,4,43,47,Benign-only
MYOZ2,51778,1,108,183,292,Multiclass
MYOZ3,91977,0,4,38,42,Benign-only
MYPN,84665,73,824,949,1846,Multiclass
MYPOP,339344,0,1,77,78,Benign-only
MYRF,745,49,44,188,281,Multiclass
MYRFL,196446,0,3,1,4,Benign-only
MYRIP,25924,0,12,135,147,Benign-only
MYSM1,114803,33,267,230,530,Multiclass
MYT1,4661,1,34,126,161,Multiclass
MYT1;PCMTD2,-1,1,0,0,1,Pathogenic-only
MYT1L,23040,103,229,238,570,Multiclass
MYZAP,100820829,4,0,0,4,Pathogenic-only
MZB1,51237,0,6,23,29,Benign-only
MZF1,7593,0,11,122,133,Benign-only
MZT1,440145,0,0,11,11,VUS/Other-only
MZT2A,653784,0,0,40,40,VUS/Other-only
MZT2B,80097,0,6,34,40,Benign-only
N4BP1,9683,0,12,88,100,Benign-only
N4BP2,55728,0,24,209,233,Benign-only
N4BP2L1,90634,0,1,19,20,Benign-only
N4BP2L2,10443,0,4,17,21,Benign-only
N4BP3,23138,0,5,128,133,Benign-only
N6AMT1,29104,0,0,9,9,VUS/Other-only
NAA10,8260,31,78,62,171,Multiclass
NAA11,84779,0,0,32,32,VUS/Other-only
NAA15,80155,160,170,288,618,Multiclass
NAA16,79612,0,1,110,111,Benign-only
NAA20,51126,1,2,18,21,Multiclass
NAA25,80018,0,7,75,82,Benign-only
NAA30,122830,0,1,38,39,Benign-only
NAA35,60560,0,73,81,154,Benign-only
NAA38,84316,0,1,26,27,Benign-only
NAA40,79829,0,0,28,28,VUS/Other-only
NAA50,80218,0,1,9,10,Benign-only
NAA60,79903,0,7,25,32,Benign-only
NAA80,24142,0,8,60,68,Benign-only
NAAA,27163,0,12,48,60,Benign-only
NAALAD2,10003,0,6,97,103,Benign-only
NAALADL1,10004,0,8,135,143,Benign-only
NAALADL2,254827,0,8,135,143,Benign-only
NAB1,4664,0,2,51,53,Benign-only
NAB2,4665,0,2,41,43,Benign-only
NABP1,64859,0,2,27,29,Benign-only
NABP2,79035,0,0,14,14,VUS/Other-only
NACA,4666,0,32,131,163,Benign-only
NACA2,342538,0,0,29,29,VUS/Other-only
NACAD,23148,0,37,243,280,Benign-only
NACC1,112939,6,276,202,484,Multiclass
NACC2,138151,0,6,54,60,Benign-only
NADK,65220,0,12,70,82,Benign-only
NADK2,133686,1,154,140,295,Multiclass
NADSYN1,55191,11,23,101,135,Multiclass
NAE1,8883,0,5,65,70,Benign-only
NAF1,92345,1,91,189,281,Multiclass
NAGA,4668,41,254,124,419,Multiclass
NAGK,55577,0,4,66,70,Benign-only
NAGLU,4669,286,595,411,1292,Multiclass
NAGPA,51172,0,18,102,120,Benign-only
NAGS,162417,107,392,139,638,Multiclass
NAIF1,203245,0,1,38,39,Benign-only
NAIP,4671,0,9,25,34,Benign-only
NAIP;SERF1A;SMN-AS1;SMN1,-1,0,1,0,1,Benign-only
NALCN,259232,154,571,560,1285,Multiclass
NALCN;NALCN-AS1,-1,0,1,0,1,Benign-only
NALF1,728215,3,4,52,59,Multiclass
NALF2,27112,0,4,61,65,Benign-only
NAMPT,10135,0,6,16,22,Benign-only
NANOG,79923,0,1,31,32,Benign-only
NANOGNB,360030,0,2,26,28,Benign-only
NANOGP8,388112,0,1,0,1,Benign-only
NANOS1,340719,0,13,72,85,Benign-only
NANOS2,339345,0,2,23,25,Benign-only
NANOS3,342977,0,4,22,26,Benign-only
NANP,140838,0,2,30,32,Benign-only
NANS,54187,10,87,91,188,Multiclass
NAP1L1,4673,0,1,32,33,Benign-only
NAP1L2,4674,0,4,38,42,Benign-only
NAP1L3,4675,0,3,48,51,Benign-only
NAP1L4,4676,0,3,42,45,Benign-only
NAP1L5,266812,0,1,38,39,Benign-only
NAPA,8775,0,1,41,42,Benign-only
NAPB,63908,2,2,34,38,Multiclass
NAPEPLD,222236,0,4,58,62,Benign-only
NAPG,8774,0,0,32,32,VUS/Other-only
NAPRT,93100,0,9,104,113,Benign-only
NAPSA,9476,0,6,73,79,Benign-only
NARF,26502,0,6,73,79,Benign-only
NARS1,4677,19,27,163,209,Multiclass
NARS2,79731,29,196,154,379,Multiclass
NASP,4678,0,13,86,99,Benign-only
NAT1,9,0,3,36,39,Benign-only
NAT10,55226,0,12,118,130,Benign-only
NAT14,57106,0,0,52,52,VUS/Other-only
NAT16,375607,0,3,72,75,Benign-only
NAT2,10,0,5,39,44,Benign-only
NAT8,9027,0,10,47,57,Benign-only
NAT8B,51471,0,11,36,47,Benign-only
NAT9,26151,0,0,30,30,VUS/Other-only
NATD1,256302,0,0,2,2,VUS/Other-only
NAV1,89796,0,22,190,212,Benign-only
NAV2,89797,0,35,381,416,Benign-only
NAV3,89795,2,19,293,314,Multiclass
NAXD,55739,11,86,65,162,Multiclass
NAXE,128240,16,65,65,146,Multiclass
NBAS,51594,242,1415,1010,2667,Multiclass
NBEA,26960,76,191,585,852,Multiclass
NBEA;MAB21L1,-1,0,0,1,1,VUS/Other-only
NBEAL1,65065,0,29,336,365,Benign-only
NBEAL2,23218,54,157,602,813,Multiclass
NBL1,4681,0,0,1,1,VUS/Other-only
NBN,4683,527,1121,1814,3462,Multiclass
NBPF1,55672,0,9,23,32,Benign-only
NBPF10,100132406,0,48,0,48,Benign-only
NBPF11,200030,0,4,1,5,Benign-only
NBPF14,25832,0,5,0,5,Benign-only
NBPF15,284565,0,17,112,129,Benign-only
NBPF20,100288142,0,2,0,2,Benign-only
NBPF3,84224,0,10,88,98,Benign-only
NBPF4,148545,0,3,32,35,Benign-only
NBPF6,653149,0,7,43,50,Benign-only
NBPF8,728841,0,1,0,1,Benign-only
NBPF9,400818,0,14,0,14,Benign-only
NBR1,4077,0,10,91,101,Benign-only
NCAL1,128193293,0,1,0,1,Benign-only
NCALD,83988,0,2,12,14,Benign-only
NCAM1,4684,2,4,24,30,Multiclass
NCAM2,4685,0,8,92,100,Benign-only
NCAN,1463,0,14,200,214,Benign-only
NCAPD2,9918,10,46,230,286,Multiclass
NCAPD3,23310,7,43,254,304,Multiclass
NCAPG,64151,0,3,115,118,Benign-only
NCAPG2,54892,1,35,132,168,Multiclass
NCAPH,23397,1,13,109,123,Multiclass
NCAPH2,29781,0,10,105,115,Benign-only
NCAPH2;SCO2,-1,1,0,0,1,Pathogenic-only
NCAPH2;SCO2;TYMP,-1,0,1,0,1,Benign-only
NCBP1,4686,0,1,71,72,Benign-only
NCBP2,22916,0,1,11,12,Benign-only
NCBP3,55421,0,4,77,81,Benign-only
NCCRP1,342897,0,1,55,56,Benign-only
NCDN,23154,6,19,91,116,Multiclass
NCEH1,57552,0,5,58,63,Benign-only
NCF1,653361,11,23,37,71,Multiclass
NCF2,4688,71,370,182,623,Multiclass
NCF4,4689,24,224,174,422,Multiclass
NCK1,4690,0,2,28,30,Benign-only
NCK2,8440,0,1,33,34,Benign-only
NCKAP1,10787,23,9,151,183,Multiclass
NCKAP1L,3071,7,361,183,551,Multiclass
NCKAP5,344148,0,40,258,298,Benign-only
NCKAP5L,57701,0,14,225,239,Benign-only
NCKIPSD,51517,0,7,109,116,Benign-only
NCL,4691,0,16,71,87,Benign-only
NCLN,56926,0,5,83,88,Benign-only
NCMAP,400746,0,2,18,20,Benign-only
NCOA1,8648,0,14,140,154,Benign-only
NCOA2,10499,0,10,167,177,Benign-only
NCOA3,8202,1,17,162,180,Multiclass
NCOA4,8031,0,13,65,78,Benign-only
NCOA5,57727,0,2,95,97,Benign-only
NCOA6,23054,0,31,241,272,Benign-only
NCOA7,135112,0,4,118,122,Benign-only
NCOR1,9611,0,32,243,275,Benign-only
NCOR2,9612,0,46,477,523,Benign-only
NCR1,9437,0,4,46,50,Benign-only
NCR1;NLRP7,-1,0,0,1,1,VUS/Other-only
NCR2,9436,0,7,40,47,Benign-only
NCR3,259197,0,16,16,32,Benign-only
NCR3LG1,374383,0,7,40,47,Benign-only
NCS1,23413,0,3,9,12,Benign-only
NCSTN,23385,18,241,281,540,Multiclass
NDC1,55706,1,5,92,98,Multiclass
NDC80,10403,0,4,59,63,Benign-only
NDE1,54820,7,89,135,231,Multiclass
NDE1;MYH11,-1,0,15,4,19,Benign-only
NDEL1,81565,0,0,30,30,VUS/Other-only
NDFIP1,80762,0,1,11,12,Benign-only
NDFIP2,54602,0,5,47,52,Benign-only
NDN,4692,0,14,48,62,Benign-only
NDNF,79625,3,9,58,70,Multiclass
NDOR1,27158,0,7,136,143,Benign-only
NDP,4693,75,49,58,182,Multiclass
NDP;NDP-AS1,-1,1,0,0,1,Pathogenic-only
NDRG1,10397,49,500,283,832,Multiclass
NDRG2,57447,0,6,39,45,Benign-only
NDRG3,57446,0,0,41,41,VUS/Other-only
NDRG4,65009,0,54,43,97,Benign-only
NDST1,3340,2,115,154,271,Multiclass
NDST2,8509,0,4,139,143,Benign-only
NDST3,9348,0,1,75,76,Benign-only
NDST4,64579,0,5,96,101,Benign-only
NDUFA1,4694,0,33,21,54,Benign-only
NDUFA10,4705,5,151,187,343,Multiclass
NDUFA11,126328,5,62,60,127,Multiclass
NDUFA12,55967,11,47,42,100,Multiclass
NDUFA13,51079,4,33,54,91,Multiclass
NDUFA2,4695,1,49,39,89,Multiclass
NDUFA3,4696,0,1,13,14,Benign-only
NDUFA3;PRPF31;PRPF31-AS1;TFPT,-1,1,0,0,1,Pathogenic-only
NDUFA4,4697,1,22,6,29,Multiclass
NDUFA4L2,56901,0,0,11,11,VUS/Other-only
NDUFA5,4698,0,1,9,10,Benign-only
NDUFA6,4700,3,27,42,72,Multiclass
NDUFA7,4701,0,0,23,23,VUS/Other-only
NDUFA8,4702,1,2,30,33,Multiclass
NDUFA9,4704,7,115,133,255,Multiclass
NDUFAB1,4706,0,4,29,33,Benign-only
NDUFAF1,51103,3,57,126,186,Multiclass
NDUFAF2,91942,19,83,35,137,Multiclass
NDUFAF3,25915,4,42,65,111,Multiclass
NDUFAF4,29078,0,51,76,127,Benign-only
NDUFAF5,79133,118,322,94,534,Multiclass
NDUFAF6,137682,28,126,110,264,Multiclass
NDUFAF7,55471,2,84,85,171,Multiclass
NDUFAF8,284184,5,8,7,20,Multiclass
NDUFB1,4707,0,1,12,13,Benign-only
NDUFB10,4716,1,40,76,117,Multiclass
NDUFB11,54539,10,32,40,82,Multiclass
NDUFB2,4708,0,0,19,19,VUS/Other-only
NDUFB3,4709,5,15,22,42,Multiclass
NDUFB4,4710,0,3,9,12,Benign-only
NDUFB5,4711,0,2,34,36,Benign-only
NDUFB6,4712,0,0,16,16,VUS/Other-only
NDUFB7,4713,1,4,21,26,Multiclass
NDUFB8,4714,1,40,54,95,Multiclass
NDUFB9,4715,0,59,56,115,Benign-only
NDUFC1,4717,0,1,14,15,Benign-only
NDUFC2,4718,3,3,2,8,Multiclass
NDUFC2-KCTD14,100532726,0,0,4,4,VUS/Other-only
NDUFC2;NDUFC2-KCTD14,-1,0,2,0,2,Benign-only
NDUFS1,4719,50,206,207,463,Multiclass
NDUFS2,4720,11,101,118,230,Multiclass
NDUFS3,4722,9,54,90,153,Multiclass
NDUFS4,4724,45,120,62,227,Multiclass
NDUFS5,4725,0,4,12,16,Benign-only
NDUFS6,4726,37,128,50,215,Multiclass
NDUFS7,374291,18,258,68,344,Multiclass
NDUFS8,4728,15,57,71,143,Multiclass
NDUFV1,4723,67,267,168,502,Multiclass
NDUFV2,4729,15,55,70,140,Multiclass
NDUFV2;NDUFV2-AS1,-1,1,0,1,2,Pathogenic-only
NDUFV3,4731,0,9,78,87,Benign-only
NEB,4703,1793,6228,2840,10861,Multiclass
NEB;RIF1,-1,1,0,0,1,Pathogenic-only
NEBL,10529,1,605,804,1410,Multiclass
NECAB1,64168,0,3,39,42,Benign-only
NECAB2,54550,0,4,125,129,Benign-only
NECAB3,63941,0,6,53,59,Benign-only
NECAP1,25977,2,103,107,212,Multiclass
NECAP2,55707,0,1,43,44,Benign-only
NECTIN1,5818,4,62,141,207,Multiclass
NECTIN2,5819,0,9,5,14,Benign-only
NECTIN3,25945,0,13,5,18,Benign-only
NECTIN4,81607,6,46,22,74,Multiclass
NEDD1,121441,0,6,85,91,Benign-only
NEDD4,4734,0,40,166,206,Benign-only
NEDD4L,23327,7,705,374,1086,Multiclass
NEDD8-MDP1,100528064,0,0,1,1,VUS/Other-only
NEDD9,4739,0,9,112,121,Benign-only
NEFH,4744,7,395,646,1048,Multiclass
NEFL,4747,46,192,410,648,Multiclass
NEFM,4741,0,5,113,118,Benign-only
NEGR1,257194,0,7,29,36,Benign-only
NEIL1,79661,0,15,54,69,Benign-only
NEIL2,252969,0,16,82,98,Benign-only
NEIL3,55247,0,21,61,82,Benign-only
NEK1,4750,91,382,444,918,Multiclass
NEK10,152110,8,21,75,104,Multiclass
NEK11,79858,0,13,85,98,Benign-only
NEK2,4751,4,96,183,283,Multiclass
NEK3,4752,0,7,70,77,Benign-only
NEK4,6787,0,12,102,114,Benign-only
NEK5,341676,0,9,95,104,Benign-only
NEK6,10783,0,4,42,46,Benign-only
NEK7,140609,0,0,22,22,VUS/Other-only
NEK8,284086,33,142,290,465,Multiclass
NEK9,91754,20,54,126,200,Multiclass
NELFA,7469,0,46,72,118,Benign-only
NELFB,25920,0,2,79,81,Benign-only
NELFCD,51497,0,1,53,54,Benign-only
NELFE,7936,0,8,50,58,Benign-only
NELL1,4745,0,17,118,135,Benign-only
NELL2,4753,0,1,138,139,Benign-only
NEMF,9147,23,28,138,189,Multiclass
NEMP1,23306,0,5,53,58,Benign-only
NEMP2,100131211,0,5,50,55,Benign-only
NENF,29937,0,0,28,28,VUS/Other-only
NEO1,4756,0,9,190,199,Benign-only
NEPRO,25871,0,1,1,2,Benign-only
NES,10763,0,38,220,258,Benign-only
NET1,10276,0,9,70,79,Benign-only
NETO1,81832,0,4,46,50,Benign-only
NETO2,81831,0,1,70,71,Benign-only
NEU1,4758,59,161,92,312,Multiclass
NEU2,4759,0,5,56,61,Benign-only
NEU3,10825,0,5,82,87,Benign-only
NEU4,129807,0,7,128,135,Benign-only
NEURL1,9148,0,3,90,93,Benign-only
NEURL1B,54492,0,1,82,83,Benign-only
NEURL2,140825,0,3,39,42,Benign-only
NEURL4,84461,0,22,200,222,Benign-only
NEUROD1,4760,3,93,224,320,Multiclass
NEUROD2,4761,8,8,90,106,Multiclass
NEUROD4,58158,0,3,43,46,Benign-only
NEUROD6,63974,0,0,28,28,VUS/Other-only
NEUROG1,4762,2,6,56,64,Multiclass
NEUROG2,63973,0,3,44,47,Benign-only
NEUROG3,50674,13,67,85,165,Multiclass
NEXMIF,340533,210,362,611,1183,Multiclass
NEXN,91624,27,254,505,786,Multiclass
NF1,4763,5378,4325,5804,15507,Multiclass
NF1;OMG,-1,0,2,0,2,Benign-only
NF2,4771,290,865,1200,2355,Multiclass
NFAM1,150372,0,14,39,53,Benign-only
NFASC,23114,4,69,207,280,Multiclass
NFAT5,10725,0,336,555,891,Benign-only
NFATC1,4772,0,148,223,371,Benign-only
NFATC2,4773,0,15,127,142,Benign-only
NFATC2IP,84901,0,2,52,54,Benign-only
NFATC3,4775,0,11,146,157,Benign-only
NFATC4,4776,0,2,122,124,Benign-only
NFE2,4778,0,2,39,41,Benign-only
NFE2L1,4779,0,3,106,109,Benign-only
NFE2L2,4780,1,169,226,396,Multiclass
NFE2L3,9603,0,7,141,148,Benign-only
NFIA,4774,64,177,160,401,Multiclass
NFIB,4781,34,23,112,169,Multiclass
NFIC,4782,0,0,59,59,VUS/Other-only
NFIL3,4783,0,8,26,34,Benign-only
NFIX,4784,157,189,125,471,Multiclass
NFKB1,4790,153,378,400,931,Multiclass
NFKB2,4791,15,435,404,854,Multiclass
NFKB2;PSD,-1,1,0,0,1,Pathogenic-only
NFKBIA,4792,5,192,162,359,Multiclass
NFKBIB,4793,0,9,49,58,Benign-only
NFKBID,84807,0,2,35,37,Benign-only
NFKBIE,4794,0,5,52,57,Benign-only
NFKBIL1,4795,0,1,48,49,Benign-only
NFKBIZ,64332,0,7,80,87,Benign-only
NFRKB,4798,0,9,171,180,Benign-only
NFS1,9054,0,96,78,174,Benign-only
NFU1,27247,13,99,79,191,Multiclass
NFX1,4799,0,8,124,132,Benign-only
NFXL1,152518,1,2,121,124,Multiclass
NFYA,4800,0,0,17,17,VUS/Other-only
NFYB,4801,0,1,11,12,Benign-only
NFYC,4802,0,1,22,23,Benign-only
NGB,58157,0,0,20,20,VUS/Other-only
NGDN,25983,0,0,61,61,VUS/Other-only
NGEF,25791,0,8,67,75,Benign-only
NGF,4803,3,69,107,179,Multiclass
NGFR,4804,0,11,70,81,Benign-only
NGLY1,55768,122,440,327,889,Multiclass
NGRN,51335,0,6,45,51,Benign-only
NHEJ1,79840,33,130,96,259,Multiclass
NHERF1,9368,0,70,125,195,Benign-only
NHERF2,9351,0,7,88,95,Benign-only
NHERF4,79849,0,6,94,100,Benign-only
NHLH1,4807,0,0,15,15,VUS/Other-only
NHLH2,4808,0,0,15,15,VUS/Other-only
NHLRC1,378884,47,103,211,361,Multiclass
NHLRC2,374354,7,12,85,104,Multiclass
NHLRC3,387921,0,1,45,46,Benign-only
NHLRC4,283948,0,4,9,13,Benign-only
NHP2,55651,1,91,117,209,Multiclass
NHS,4810,71,271,306,648,Multiclass
NHSL1,57224,0,26,248,274,Benign-only
NHSL2,340527,0,11,149,160,Benign-only
NHSL2;RTL5,-1,0,1,0,1,Benign-only
NHSL3,57648,0,10,223,233,Benign-only
NIBAN1,116496,0,16,156,172,Benign-only
NIBAN2,64855,0,7,145,152,Benign-only
NIBAN3,199786,0,10,129,139,Benign-only
NICN1,84276,0,1,21,22,Benign-only
NICOL1,401115,0,0,3,3,VUS/Other-only
NID1,4811,1,91,198,290,Multiclass
NID2,22795,0,39,247,286,Benign-only
NIF3L1,60491,0,6,58,64,Benign-only
NIFK,84365,0,3,34,37,Benign-only
NIM1K,167359,0,2,57,59,Benign-only
NIN,51199,7,374,632,1013,Multiclass
NINJ1,4814,0,0,20,20,VUS/Other-only
NINJ2,4815,0,5,35,40,Benign-only
NINL,22981,0,27,206,233,Benign-only
NIP7,51388,0,1,28,29,Benign-only
NIPA1,123606,4,154,195,354,Multiclass
NIPA2,81614,1,27,50,78,Multiclass
NIPAL1,152519,0,1,37,38,Benign-only
NIPAL2,79815,0,1,41,42,Benign-only
NIPAL3,57185,0,3,62,65,Benign-only
NIPAL4,348938,19,75,124,218,Multiclass
NIPBL,25836,565,679,907,2151,Multiclass
NIPSNAP1,8508,0,0,24,24,VUS/Other-only
NIPSNAP2,2631,0,1,50,51,Benign-only
NIPSNAP3A,25934,0,0,34,34,VUS/Other-only
NIPSNAP3B,55335,0,4,34,38,Benign-only
NISCH,11188,1,22,207,230,Multiclass
NIT1,4817,1,3,70,74,Multiclass
NIT2,56954,0,1,32,33,Benign-only
NKAIN1,79570,0,0,17,17,VUS/Other-only
NKAIN2,154215,1,2,19,22,Multiclass
NKAIN3,286183,0,0,15,15,VUS/Other-only
NKAIN4,128414,0,5,42,47,Benign-only
NKAP,79576,2,16,47,65,Multiclass
NKAPD1,55216,0,0,2,2,VUS/Other-only
NKAPL,222698,0,1,51,52,Benign-only
NKD1,85407,0,6,81,87,Benign-only
NKD2,85409,0,18,99,117,Benign-only
NKG7,4818,0,6,30,36,Benign-only
NKIRAS1,28512,0,0,19,19,VUS/Other-only
NKIRAS1;RPL15,-1,0,0,1,1,VUS/Other-only
NKIRAS2,28511,0,4,19,23,Benign-only
NKPD1,284353,0,11,142,153,Benign-only
NKRF,55922,0,11,30,41,Benign-only
NKTR,4820,1,5,175,181,Multiclass
NKX1-1,54729,0,1,0,1,Benign-only
NKX1-2,390010,0,3,76,79,Benign-only
NKX2-1,7080,119,101,151,371,Multiclass
NKX2-1;NKX2-1-AS1;SFTA3,-1,2,0,1,3,Pathogenic-only
NKX2-1;SFTA3,-1,5,0,1,6,Pathogenic-only
NKX2-2,4821,1,36,11,48,Multiclass
NKX2-3,159296,0,6,46,52,Benign-only
NKX2-4,644524,0,3,75,78,Benign-only
NKX2-5,1482,113,261,376,750,Multiclass
NKX2-6,137814,4,46,78,128,Multiclass
NKX2-8,26257,0,2,49,51,Benign-only
NKX3-1,4824,0,3,38,41,Benign-only
NKX3-2,579,6,78,105,189,Multiclass
NKX6-1,4825,0,1,29,30,Benign-only
NKX6-2,84504,16,61,101,178,Multiclass
NKX6-3,157848,0,2,26,28,Benign-only
NLE1,54475,0,4,62,66,Benign-only
NLGN1,22871,0,22,86,108,Benign-only
NLGN2,57555,1,90,158,249,Multiclass
NLGN3,54413,9,41,162,212,Multiclass
NLGN4X,57502,9,85,212,306,Multiclass
NLGN4Y,22829,0,4,3,7,Benign-only
NLK,51701,0,0,32,32,VUS/Other-only
NLN,57486,0,4,100,104,Benign-only
NLRC3,197358,0,25,158,183,Benign-only
NLRC4,58484,11,301,549,861,Multiclass
NLRC5,84166,0,35,215,250,Benign-only
NLRP1,22861,3,460,723,1186,Multiclass
NLRP10,338322,0,8,98,106,Benign-only
NLRP11,204801,0,19,147,166,Benign-only
NLRP12,91662,12,434,891,1337,Multiclass
NLRP13,126204,0,17,155,172,Benign-only
NLRP14,338323,0,48,167,215,Benign-only
NLRP2,55655,1,68,231,300,Multiclass
NLRP3,114548,60,413,620,1093,Multiclass
NLRP4,147945,0,18,134,152,Benign-only
NLRP5,126206,5,90,213,308,Multiclass
NLRP6,171389,0,17,137,154,Benign-only
NLRP7,199713,16,47,208,271,Multiclass
NLRP8,126205,0,17,165,182,Benign-only
NLRP9,338321,0,28,139,167,Benign-only
NLRX1,79671,0,13,168,181,Benign-only
NMB,4828,0,1,31,32,Benign-only
NMBR,4829,0,9,58,67,Benign-only
NMD3,51068,0,0,81,81,VUS/Other-only
NME1,4830,0,1,2,3,Benign-only
NME1-NME2,654364,0,0,3,3,VUS/Other-only
NME1-NME2;NME2,-1,0,1,0,1,Benign-only
NME1;NME1-NME2,-1,0,4,0,4,Benign-only
NME2,4831,0,0,1,1,VUS/Other-only
NME3,4832,0,3,36,39,Benign-only
NME4,4833,0,3,46,49,Benign-only
NME5,8382,2,2,26,30,Multiclass
NME6,10201,0,3,30,33,Benign-only
NME7,29922,0,2,53,55,Benign-only
NME8,51314,0,206,262,468,Benign-only
NME9,347736,0,5,23,28,Benign-only
NMI,9111,0,4,35,39,Benign-only
NMNAT1,64802,37,60,79,176,Multiclass
NMNAT2,23057,2,0,24,26,Pathogenic-only
NMNAT3,349565,0,1,32,33,Benign-only
NMRAL1,57407,0,3,65,68,Benign-only
NMRK1,54981,0,0,32,32,VUS/Other-only
NMRK2,27231,0,4,37,41,Benign-only
NMS,129521,0,3,18,21,Benign-only
NMT1,4836,0,1,31,32,Benign-only
NMT2,9397,0,1,63,64,Benign-only
NMU,10874,0,0,16,16,VUS/Other-only
NMUR1,10316,0,14,80,94,Benign-only
NMUR2,56923,0,6,50,56,Benign-only
NNAT,4826,0,0,8,8,VUS/Other-only
NNMT,4837,0,1,47,48,Benign-only
NNT,23530,19,120,152,291,Multiclass
NOA1,84273,0,19,107,126,Benign-only
NOB1,28987,0,4,80,84,Benign-only
NOBOX,135935,8,54,131,193,Multiclass
NOC2L,26155,0,23,152,175,Benign-only
NOC3L,64318,0,1,94,95,Benign-only
NOC4L,79050,0,12,145,157,Benign-only
NOCT,25819,0,3,48,51,Benign-only
NOD1,10392,0,23,139,162,Benign-only
NOD2,64127,14,399,656,1069,Multiclass
NODAL,4838,14,55,98,167,Multiclass
NOG,9241,35,48,147,230,Multiclass
NOL10,79954,0,3,89,92,Benign-only
NOL11,25926,0,9,94,103,Benign-only
NOL12,79159,0,3,41,44,Benign-only
NOL3,8996,0,15,43,58,Benign-only
NOL4,8715,0,3,65,68,Benign-only
NOL4L,140688,0,4,60,64,Benign-only
NOL6,65083,0,3,12,15,Benign-only
NOL7,51406,0,1,36,37,Benign-only
NOL8,55035,0,13,160,173,Benign-only
NOL9,79707,0,8,95,103,Benign-only
NOLC1,9221,0,19,111,130,Benign-only
NOM1,64434,0,9,169,178,Benign-only
NOMO1,23420,0,16,168,184,Benign-only
NOMO2,283820,0,5,109,114,Benign-only
NOMO3,408050,0,4,69,73,Benign-only
NONO,4841,30,81,94,205,Multiclass
NOP10,55505,0,37,43,80,Benign-only
NOP14,8602,0,15,173,188,Benign-only
NOP16,51491,0,1,26,27,Benign-only
NOP2,4839,0,17,117,134,Benign-only
NOP53,29997,0,9,121,130,Benign-only
NOP56,10528,0,17,81,98,Benign-only
NOP58,51602,0,0,55,55,VUS/Other-only
NOP9,161424,0,2,100,102,Benign-only
NOS1,4842,0,58,166,224,Benign-only
NOS1AP,9722,0,45,60,105,Benign-only
NOS2,4843,0,57,141,198,Benign-only
NOS3,4846,2,94,160,257,Multiclass
NOSIP,51070,0,0,39,39,VUS/Other-only
NOSTRIN,115677,0,5,39,44,Benign-only
NOTCH1,4851,146,2206,1591,3946,Multiclass
NOTCH2,4853,82,683,1164,1929,Multiclass
NOTCH3,4854,303,662,840,1805,Multiclass
NOTCH4,4855,0,106,218,324,Benign-only
NOTO,344022,0,4,44,48,Benign-only
NOTUM,147111,0,6,81,87,Benign-only
NOVA1,4857,0,1,28,29,Benign-only
NOVA2,4858,7,25,76,108,Multiclass
NOX1,27035,0,16,63,79,Benign-only
NOX3,50508,0,5,88,93,Benign-only
NOX4,50507,0,9,73,82,Benign-only
NOX5,79400,0,14,120,134,Benign-only
NOXA1,10811,0,7,88,95,Benign-only
NOXO1,124056,0,8,87,95,Benign-only
NOXRED1,122945,0,6,52,58,Benign-only
NPAP1,23742,0,41,160,201,Benign-only
NPAS1,4861,0,2,79,81,Benign-only
NPAS2,4862,1,23,94,118,Multiclass
NPAS3,64067,1,17,116,134,Multiclass
NPAS4,266743,0,8,86,94,Benign-only
NPAT,4863,0,778,1519,2297,Benign-only
NPB,256933,0,5,27,32,Benign-only
NPBWR1,2831,0,4,51,55,Benign-only
NPBWR2,2832,0,5,57,62,Benign-only
NPC1,4864,601,1285,574,2460,Multiclass
NPC1L1,29881,0,35,187,222,Benign-only
NPC2,10577,54,153,57,264,Multiclass
NPDC1,56654,0,4,56,60,Benign-only
NPEPL1,79716,0,2,86,88,Benign-only
NPEPPS,9520,0,11,66,77,Benign-only
NPFF,8620,0,5,13,18,Benign-only
NPFFR1,64106,0,8,69,77,Benign-only
NPFFR2,10886,0,7,49,56,Benign-only
NPHP1,4867,147,438,389,974,Multiclass
NPHP3,27031,151,469,663,1283,Multiclass
NPHP3-ACAD11;NPHP3,-1,2,0,0,2,Pathogenic-only
NPHP3;NPHP3-ACAD11,-1,0,0,1,1,VUS/Other-only
NPHP4,261734,150,645,918,1713,Multiclass
NPHS1,4868,415,1031,394,1840,Multiclass
NPHS2,7827,143,265,120,528,Multiclass
NPHS2;AXDND1,-1,1,0,0,1,Pathogenic-only
NPIPA1,9284,0,5,43,48,Benign-only
NPIPA5,100288332,0,2,1,3,Benign-only
NPIPA7,101059938,0,1,0,1,Benign-only
NPIPB11,728888,0,5,0,5,Benign-only
NPIPB2,729978,0,1,0,1,Benign-only
NPIPB3,23117,0,1,9,10,Benign-only
NPIPB4,440345,0,2,0,2,Benign-only
NPIPB5,100132247,0,10,147,157,Benign-only
NPIPB7,440350,0,4,0,4,Benign-only
NPIPB8,728734,0,1,0,1,Benign-only
NPL,80896,0,6,34,40,Benign-only
NPLOC4,55666,0,8,57,65,Benign-only
NPM1,4869,2,22,9,33,Multiclass
NPM2,10361,0,3,40,43,Benign-only
NPM3,10360,0,0,28,28,VUS/Other-only
NPNT,255743,1,14,89,104,Multiclass
NPPA,4878,1,76,101,178,Multiclass
NPPA-AS1;NPPA,-1,0,2,0,2,Benign-only
NPPB,4879,0,7,22,29,Benign-only
NPPC,4880,0,22,53,75,Benign-only
NPR1,4881,0,12,99,111,Benign-only
NPR2,4882,85,197,402,684,Multiclass
NPR2;SPAG8,-1,1,0,1,2,Pathogenic-only
NPR3,4883,6,130,116,252,Multiclass
NPRL2,10641,25,25,94,144,Multiclass
NPRL3,8131,144,422,444,1010,Multiclass
NPS,594857,0,1,6,7,Benign-only
NPSR1,387129,0,6,23,29,Benign-only
NPTN,27020,7,2,29,38,Multiclass
NPTX1,4884,5,9,53,67,Multiclass
NPTX2,4885,0,3,77,80,Benign-only
NPTXR,23467,0,4,87,91,Benign-only
NPVF,64111,0,1,39,40,Benign-only
NPW,283869,0,0,29,29,VUS/Other-only
NPY,4852,0,10,9,19,Benign-only
NPY1R,4886,0,2,33,35,Benign-only
NPY2R,4887,0,9,40,49,Benign-only
NPY4R,5540,0,9,37,46,Benign-only
NPY4R2,100996758,0,1,0,1,Benign-only
NPY5R,4889,0,5,55,60,Benign-only
NQO1,1728,2,135,131,268,Multiclass
NQO2,4835,0,4,32,36,Benign-only
NR0B1,190,96,176,105,377,Multiclass
NR0B2,8431,4,10,56,70,Multiclass
NR1D1,9572,0,4,73,77,Benign-only
NR1D1;THRA,-1,0,0,1,1,VUS/Other-only
NR1D2,9975,0,5,65,70,Benign-only
NR1H2,7376,0,5,15,20,Benign-only
NR1H3,10062,0,7,56,63,Benign-only
NR1H4,9971,16,45,79,140,Multiclass
NR1I2,8856,0,10,70,80,Benign-only
NR1I3,9970,0,17,45,62,Benign-only
NR2C1,7181,0,5,63,68,Benign-only
NR2C2,7182,0,2,29,31,Benign-only
NR2C2AP,126382,0,2,19,21,Benign-only
NR2E1,7101,0,0,29,29,VUS/Other-only
NR2E3,10002,146,336,291,773,Multiclass
NR2F1,7025,116,152,162,430,Multiclass
NR2F1;NR2F1-AS1,-1,2,0,0,2,Pathogenic-only
NR2F2,7026,31,55,70,156,Multiclass
NR2F6,2063,0,2,61,63,Benign-only
NR3C1,2908,8,61,236,305,Multiclass
NR3C2,4306,38,122,253,413,Multiclass
NR4A1,3164,0,10,62,72,Benign-only
NR4A2,4929,44,35,152,231,Multiclass
NR4A3,8013,0,4,46,50,Benign-only
NR5A1,2516,99,89,115,303,Multiclass
NR5A2,2494,0,6,51,57,Benign-only
NR6A1,2649,6,5,60,71,Multiclass
NRAP,4892,12,169,239,420,Multiclass
NRAS,4893,22,121,154,297,Multiclass
NRBF2,29982,0,3,29,32,Benign-only
NRBP1,29959,0,1,29,30,Benign-only
NRBP2,340371,0,1,77,78,Benign-only
NRCAM,4897,5,17,196,218,Multiclass
NRDC,4898,0,4,7,11,Benign-only
NRDE2,55051,0,11,191,202,Benign-only
NREP,9315,0,1,20,21,Benign-only
NRF1,4899,0,6,22,28,Benign-only
NRG1,3084,0,26,2,28,Benign-only
NRG2,9542,0,12,164,176,Benign-only
NRG3,10718,0,10,99,109,Benign-only
NRG4,145957,0,1,18,19,Benign-only
NRGN,4900,0,0,9,9,VUS/Other-only
NRIP1,8204,1,92,239,332,Multiclass
NRIP2,83714,0,3,60,63,Benign-only
NRIP3,56675,0,0,42,42,VUS/Other-only
NRK,203447,0,21,162,183,Benign-only
NRL,4901,28,58,143,229,Multiclass
NRL;PCK2,-1,0,5,0,5,Benign-only
NRM,11270,0,5,26,31,Benign-only
NRN1,51299,0,3,11,14,Benign-only
NRN1L,123904,0,5,27,32,Benign-only
NRP1,8829,0,19,122,141,Benign-only
NRP2,8828,1,36,104,141,Multiclass
NRROS,375387,5,22,99,126,Multiclass
NRSN1,140767,0,1,24,25,Benign-only
NRSN2,80023,0,8,36,44,Benign-only
NRTN,4902,0,6,42,48,Benign-only
NRXN1,9378,92,942,1261,2295,Multiclass
NRXN1;NRXN1-DT,-1,8,0,0,8,Pathogenic-only
NRXN2,9379,1,82,247,330,Multiclass
NRXN3,9369,0,36,129,165,Benign-only
NSA2,10412,0,0,24,24,VUS/Other-only
NSD1,64324,699,787,958,2444,Multiclass
NSD2,7468,73,282,308,663,Multiclass
NSD3,54904,0,11,128,139,Benign-only
NSDHL,50814,14,110,89,213,Multiclass
NSF,4905,5,6,41,52,Multiclass
NSFL1C,55968,0,2,38,40,Benign-only
NSG1,27065,0,0,5,5,VUS/Other-only
NSG2,51617,0,1,23,24,Benign-only
NSL1,25936,0,5,31,36,Benign-only
NSMAF,8439,0,3,121,124,Benign-only
NSMCE1,197370,0,3,36,39,Benign-only
NSMCE2,286053,6,50,50,106,Multiclass
NSMCE3,56160,2,104,83,189,Multiclass
NSMCE4A,54780,0,1,51,52,Benign-only
NSMF,26012,2,102,107,211,Multiclass
NSRP1,84081,3,7,66,76,Multiclass
NSUN2,54888,47,335,239,621,Multiclass
NSUN3,63899,2,44,86,132,Multiclass
NSUN4,387338,0,0,48,48,VUS/Other-only
NSUN5,55695,0,14,75,89,Benign-only
NSUN6,221078,1,3,79,83,Multiclass
NSUN7,79730,0,5,99,104,Benign-only
NT5C,30833,0,1,37,38,Benign-only
NT5C1A,84618,0,4,43,47,Benign-only
NT5C1B,93034,0,10,100,110,Benign-only
NT5C2,22978,25,152,91,268,Multiclass
NT5C3A,51251,11,59,76,146,Multiclass
NT5C3B,115024,0,1,29,30,Benign-only
NT5DC1,221294,0,2,65,67,Benign-only
NT5DC2,64943,0,2,108,110,Benign-only
NT5DC3,51559,0,3,55,58,Benign-only
NT5DC4,284958,0,2,0,2,Benign-only
NT5E,4907,3,18,84,105,Multiclass
NT5M,56953,0,2,44,46,Benign-only
NTAN1,123803,0,2,40,42,Benign-only
NTAQ1,55093,0,0,28,28,VUS/Other-only
NTF3,4908,0,6,24,30,Benign-only
NTF4,4909,1,7,39,47,Multiclass
NTHL1,4913,156,550,955,1661,Multiclass
NTHL1;TSC2,-1,1,0,1,2,Pathogenic-only
NTM,50863,0,7,23,30,Benign-only
NTMT1,28989,0,1,28,29,Benign-only
NTMT2,149281,0,1,42,43,Benign-only
NTN1,9423,0,7,86,93,Benign-only
NTN3,4917,0,6,124,130,Benign-only
NTN4,59277,0,11,66,77,Benign-only
NTN5,126147,0,17,118,135,Benign-only
NTNG1,22854,0,18,49,67,Benign-only
NTNG2,84628,2,21,59,82,Multiclass
NTPCR,84284,0,1,36,37,Benign-only
NTRK1,4914,197,790,401,1388,Multiclass
NTRK1;INSRR,-1,0,1,0,1,Benign-only
NTRK1;SH2D2A,-1,0,1,0,1,Benign-only
NTRK2,4915,10,382,369,761,Multiclass
NTRK3,4916,0,59,56,115,Benign-only
NTS,4922,0,1,19,20,Benign-only
NTSR1,4923,0,17,76,93,Benign-only
NTSR2,23620,0,8,64,72,Benign-only
NUAK1,9891,0,9,75,84,Benign-only
NUAK2,81788,1,8,97,106,Multiclass
NUB1,51667,0,3,20,23,Benign-only
NUBP1,4682,0,4,68,72,Benign-only
NUBP2,10101,0,8,64,72,Benign-only
NUBPL,80224,17,108,137,262,Multiclass
NUCB1,4924,0,5,70,75,Benign-only
NUCB2,4925,0,1,44,45,Benign-only
NUCKS1,64710,0,1,16,17,Benign-only
NUCLEOLIN,4691,0,3,1,4,Benign-only
NUDC,10726,0,0,49,49,VUS/Other-only
NUDCD1,84955,0,3,76,79,Benign-only
NUDCD2,134492,0,0,21,21,VUS/Other-only
NUDCD3,23386,1,0,44,45,Pathogenic-only
NUDT1,4521,0,3,28,31,Benign-only
NUDT10,170685,0,3,8,11,Benign-only
NUDT11,55190,0,5,5,10,Benign-only
NUDT12,83594,0,2,65,67,Benign-only
NUDT13,25961,0,2,49,51,Benign-only
NUDT14,256281,0,3,38,41,Benign-only
NUDT15,55270,0,4,13,18,Benign-only
NUDT16,131870,0,7,36,43,Benign-only
NUDT16L1,84309,0,7,34,41,Benign-only
NUDT17,200035,0,3,53,56,Benign-only
NUDT18,79873,0,2,19,21,Benign-only
NUDT19,390916,0,9,107,116,Benign-only
NUDT2,318,3,6,17,26,Multiclass
NUDT21,11051,0,2,5,7,Benign-only
NUDT22,84304,0,3,47,50,Benign-only
NUDT3,11165,0,0,6,6,VUS/Other-only
NUDT4,11163,0,0,16,16,VUS/Other-only
NUDT5,11164,0,0,20,20,VUS/Other-only
NUDT6,11162,0,1,38,39,Benign-only
NUDT7,283927,0,4,51,55,Benign-only
NUDT8,254552,0,1,21,22,Benign-only
NUDT9,53343,0,2,45,47,Benign-only
NUF2,83540,1,2,55,58,Multiclass
NUFIP1,26747,0,13,80,93,Benign-only
NUFIP2,57532,0,22,93,115,Benign-only
NUGGC,389643,0,5,114,119,Benign-only
NUMA1,4926,0,43,279,322,Benign-only
NUMB,8650,0,5,73,78,Benign-only
NUMBL,9253,0,3,77,80,Benign-only
NUP107,57122,22,188,151,361,Multiclass
NUP133,55746,7,123,232,362,Multiclass
NUP153,9972,0,27,211,238,Benign-only
NUP155,9631,0,66,177,243,Benign-only
NUP160,23279,6,140,263,409,Multiclass
NUP188,23511,12,60,289,361,Multiclass
NUP205,23165,1,340,295,636,Multiclass
NUP210,23225,0,33,302,335,Benign-only
NUP210L,91181,1,12,177,190,Multiclass
NUP214,8021,9,56,344,409,Multiclass
NUP35,129401,0,0,42,42,VUS/Other-only
NUP37,79023,4,4,44,52,Multiclass
NUP42,11097,0,3,68,71,Benign-only
NUP43,348995,0,4,46,50,Benign-only
NUP50,10762,0,2,71,73,Benign-only
NUP54,53371,0,3,44,47,Benign-only
NUP58,9818,0,2,74,76,Benign-only
NUP62,23636,1,81,160,242,Multiclass
NUP62CL,54830,0,3,19,22,Benign-only
NUP85,79902,3,104,104,211,Multiclass
NUP88,4927,1,15,116,132,Multiclass
NUP88;RABEP1,-1,0,1,0,1,Benign-only
NUP93,9688,14,159,131,304,Multiclass
NUP98,4928,0,27,210,237,Benign-only
NUPR1,26471,0,0,25,25,VUS/Other-only
NUPR2,389493,0,1,3,4,Benign-only
NUS1,116150,84,169,234,487,Multiclass
NUSAP1,51203,1,7,61,69,Multiclass
NUTM1,256646,0,12,151,163,Benign-only
NUTM2A,728118,0,4,140,144,Benign-only
NUTM2B,729262,0,13,0,13,Benign-only
NUTM2B-AS1,101060691,0,7,1,8,Benign-only
NUTM2D,728130,0,2,0,2,Benign-only
NUTM2E,283008,0,6,0,6,Benign-only
NUTM2F,54754,0,16,141,157,Benign-only
NUTM2G,441457,0,11,149,160,Benign-only
NVL,4931,0,9,77,86,Benign-only
NWD1,284434,0,31,239,270,Benign-only
NWD2,57495,0,12,208,220,Benign-only
NXF1,10482,0,5,43,48,Benign-only
NXF2,56001,0,10,12,22,Benign-only
NXF2B,728343,0,1,20,21,Benign-only
NXF3,56000,1,8,37,46,Multiclass
NXF5,55998,0,41,54,95,Benign-only
NXN,64359,6,156,89,251,Multiclass
NXNL1,115861,0,7,43,50,Benign-only
NXNL2,158046,0,2,24,26,Benign-only
NXPE1,120400,0,8,63,71,Benign-only
NXPE2,120406,0,7,83,90,Benign-only
NXPE3,91775,0,5,65,70,Benign-only
NXPE4,54827,0,6,73,79,Benign-only
NXPH1,30010,0,3,38,41,Benign-only
NXPH2,11249,0,1,39,40,Benign-only
NXPH3,11248,0,2,37,39,Benign-only
NXPH4,11247,0,4,36,40,Benign-only
NXT1,29107,0,0,11,11,VUS/Other-only
NXT2,55916,1,1,6,8,Multiclass
NYAP1,222950,0,11,150,161,Benign-only
NYAP2,57624,0,6,88,94,Benign-only
NYNRIN,57523,0,139,384,523,Benign-only
NYX,60506,34,115,281,430,Multiclass
OAF,220323,0,1,48,49,Benign-only
OARD1,221443,0,0,22,22,VUS/Other-only
OAS1,4938,1,174,185,360,Multiclass
OAS2,4939,0,16,87,103,Benign-only
OAS3,4940,0,14,163,177,Benign-only
OASL,8638,0,12,66,78,Benign-only
OAT,4942,132,345,185,662,Multiclass
OAZ1,4946,0,1,0,1,Benign-only
OBI1,79596,0,3,104,107,Benign-only
OBI1-AS1;POU4F1,-1,0,0,1,1,VUS/Other-only
OBP2A,29991,0,7,44,51,Benign-only
OBP2B,29989,0,4,26,30,Benign-only
OBSCN,84033,60,2535,3232,5827,Multiclass
OBSL1,23363,74,503,755,1332,Multiclass
OC90,729330,0,6,86,92,Benign-only
OCA2,4948,304,648,372,1324,Multiclass
OCEL1,79629,0,15,48,63,Benign-only
OCIAD1,54940,0,0,31,31,VUS/Other-only
OCIAD2,132299,0,2,28,30,Benign-only
OCLM;ODR4,-1,0,1,9,10,Benign-only
OCLN,100506658,17,44,79,140,Multiclass
OCM,654231,0,1,20,21,Benign-only
OCM2,4951,0,0,18,18,VUS/Other-only
OCRL,4952,129,423,260,812,Multiclass
OCSTAMP,128506,0,8,77,85,Benign-only
ODAD1,93233,30,281,263,574,Multiclass
ODAD2,55130,64,362,320,746,Multiclass
ODAD3,115948,36,213,180,429,Multiclass
ODAD3;PRKCSH,-1,0,1,0,1,Benign-only
ODAD4,83538,10,14,51,75,Multiclass
ODAM,54959,0,3,40,43,Benign-only
ODAPH,152816,4,9,1,14,Multiclass
ODC1,4953,7,36,59,102,Multiclass
ODF1,4956,0,3,30,33,Benign-only
ODF2,4957,1,6,73,80,Multiclass
ODF2L,57489,0,10,85,95,Benign-only
ODF4,146852,0,1,31,32,Benign-only
ODR4,54953,0,0,5,5,VUS/Other-only
OFD1,8481,139,415,541,1095,Multiclass
OGA,10724,0,4,66,70,Benign-only
OGDH,4967,1,121,106,228,Multiclass
OGDHL,55753,7,24,175,206,Multiclass
OGFOD1,55239,0,4,73,77,Benign-only
OGFOD2,79676,0,4,86,90,Benign-only
OGFOD3,79701,0,8,58,66,Benign-only
OGFR,11054,0,25,98,123,Benign-only
OGFRL1,79627,0,2,60,62,Benign-only
OGG1,4968,0,8,42,50,Benign-only
OGN,4969,0,1,32,33,Benign-only
OGT,8473,12,58,139,209,Multiclass
OIP5,11339,0,1,39,40,Benign-only
OIT3,170392,0,5,89,94,Benign-only
OLA1,29789,0,0,46,46,VUS/Other-only
OLAH,55301,0,5,34,39,Benign-only
OLFM1,10439,0,7,24,31,Benign-only
OLFM2,93145,0,16,63,79,Benign-only
OLFM3,118427,0,2,50,52,Benign-only
OLFM4,10562,0,6,65,71,Benign-only
OLFML1,283298,0,2,60,62,Benign-only
OLFML2A,169611,0,7,167,174,Benign-only
OLFML2B,25903,0,8,117,125,Benign-only
OLFML3,56944,0,2,61,63,Benign-only
OLIG1,116448,0,2,45,47,Benign-only
OLIG2,10215,0,0,31,31,VUS/Other-only
OLIG3,167826,0,2,42,44,Benign-only
OLR1,4973,0,5,29,34,Benign-only
OMA1,115209,0,11,0,11,Benign-only
OMD,4958,0,2,54,56,Benign-only
OMG,4974,0,10,45,55,Benign-only
OMP,4975,0,4,32,36,Benign-only
ONECUT1,3175,0,1,57,58,Benign-only
ONECUT2,9480,0,6,70,76,Benign-only
ONECUT3,390874,0,25,105,130,Benign-only
OOEP,441161,0,2,23,25,Benign-only
OOSP1,255649,0,1,0,1,Benign-only
OOSP2,219990,0,1,12,13,Benign-only
OPA1,4976,320,620,648,1588,Multiclass
OPA1-AS1;OPA1,-1,1,0,0,1,Pathogenic-only
OPA1;OPA1-AS1,-1,3,0,0,3,Pathogenic-only
OPA3,80207,31,217,284,532,Multiclass
OPALIN,93377,0,2,29,31,Benign-only
OPCML,4978,0,2,35,37,Benign-only
OPHN1,4983,73,194,227,494,Multiclass
OPLAH,26873,42,243,318,603,Multiclass
OPN1LW,5956,7,11,27,45,Multiclass
OPN1MW,2652,1,15,17,33,Multiclass
OPN1MW2,728458,0,4,19,23,Benign-only
OPN1MW2;OPN1MW3,-1,0,5,0,5,Benign-only
OPN1SW,611,0,116,189,305,Benign-only
OPN3,23596,0,5,53,58,Benign-only
OPN4,94233,0,11,90,101,Benign-only
OPN5,221391,0,1,19,20,Benign-only
OPRD1,4985,0,0,41,41,VUS/Other-only
OPRK1,4986,0,8,42,50,Benign-only
OPRL1,4987,0,4,50,54,Benign-only
OPRM1,4988,0,13,53,66,Benign-only
OPRPN,58503,0,0,2,2,VUS/Other-only
OPTC,26254,0,40,51,91,Benign-only
OPTN,10133,60,191,279,530,Multiclass
OR10A2,341276,0,2,47,49,Benign-only
OR10A3,26496,0,2,46,48,Benign-only
OR10A4,283297,0,4,46,50,Benign-only
OR10A5,144124,0,1,44,45,Benign-only
OR10A6,390093,0,4,75,79,Benign-only
OR10A7,121364,0,1,50,51,Benign-only
OR10AG1,282770,0,3,29,32,Benign-only
OR10C1,442194,0,4,49,53,Benign-only
OR10G2,26534,0,4,61,65,Benign-only
OR10G3,26533,0,6,38,44,Benign-only
OR10G4,390264,0,12,60,72,Benign-only
OR10G6,79490,0,1,0,1,Benign-only
OR10G7,390265,0,4,55,59,Benign-only
OR10G8,219869,0,13,58,71,Benign-only
OR10G9,219870,0,4,61,65,Benign-only
OR10H1,26539,0,22,55,77,Benign-only
OR10H2,26538,0,3,68,71,Benign-only
OR10H3,26532,0,5,46,51,Benign-only
OR10H4,126541,0,7,57,64,Benign-only
OR10H5,284433,0,10,47,57,Benign-only
OR10J1,26476,0,0,51,51,VUS/Other-only
OR10J3,441911,0,5,44,49,Benign-only
OR10J5,127385,0,2,51,53,Benign-only
OR10K1,391109,0,1,47,48,Benign-only
OR10K2,391107,0,2,53,55,Benign-only
OR10P1,121130,0,6,63,69,Benign-only
OR10Q1,219960,0,5,56,61,Benign-only
OR10R2,343406,0,1,39,40,Benign-only
OR10S1,219873,0,2,58,60,Benign-only
OR10T2,128360,0,2,51,53,Benign-only
OR10V1,390201,0,4,48,52,Benign-only
OR10W1,81341,0,1,44,45,Benign-only
OR10X1,128367,0,4,49,53,Benign-only
OR10Z1,128368,0,5,46,51,Benign-only
OR10Z1;SPTA1,-1,0,0,1,1,VUS/Other-only
OR11A1,26531,0,1,35,36,Benign-only
OR11G2,390439,0,5,47,52,Benign-only
OR11H1,81061,0,3,107,110,Benign-only
OR11H12,440153,0,6,92,98,Benign-only
OR11H2,79334,0,8,68,76,Benign-only
OR11H4,390442,0,5,53,58,Benign-only
OR11H6,122748,0,2,50,52,Benign-only
OR11L1,391189,0,3,43,46,Benign-only
OR12D2,26529,0,3,33,36,Benign-only
OR12D3,81797,0,1,39,40,Benign-only
OR13A1,79290,0,5,67,72,Benign-only
OR13C2,392376,0,5,54,59,Benign-only
OR13C3,138803,0,5,50,55,Benign-only
OR13C4,138804,0,2,51,53,Benign-only
OR13C5,138799,0,25,42,67,Benign-only
OR13C8,138802,0,0,47,47,VUS/Other-only
OR13C9,286362,0,2,31,33,Benign-only
OR13D1,286365,0,6,33,39,Benign-only
OR13F1,138805,0,4,45,49,Benign-only
OR13G1,441933,0,3,41,44,Benign-only
OR13H1,347468,0,8,39,47,Benign-only
OR13J1,392309,0,7,55,62,Benign-only
OR14A16,284532,0,0,46,46,VUS/Other-only
OR14C36,127066,0,0,42,42,VUS/Other-only
OR14I1,401994,0,1,0,1,Benign-only
OR14J1,442191,0,2,42,44,Benign-only
OR1A1,8383,0,3,52,55,Benign-only
OR1A2,26189,0,9,40,49,Benign-only
OR1B1,347169,0,4,43,47,Benign-only
OR1C1,26188,0,2,39,41,Benign-only
OR1D2,4991,0,2,32,34,Benign-only
OR1D5,8386,0,5,51,56,Benign-only
OR1E1,8387,0,3,37,40,Benign-only
OR1E2,8388,0,3,53,56,Benign-only
OR1F1,4992,0,9,75,84,Benign-only
OR1G1,8390,0,1,39,40,Benign-only
OR1I1,126370,0,4,52,56,Benign-only
OR1J1,347168,0,2,52,54,Benign-only
OR1J2,26740,0,3,16,19,Benign-only
OR1J4,26219,0,7,47,54,Benign-only
OR1K1,392392,0,4,58,62,Benign-only
OR1L1,26737,0,4,44,48,Benign-only
OR1L3,26735,0,2,35,37,Benign-only
OR1L4,254973,0,4,63,67,Benign-only
OR1L6,392390,0,6,53,59,Benign-only
OR1L8,138881,0,2,41,43,Benign-only
OR1M1,125963,0,4,64,68,Benign-only
OR1N1,138883,0,1,46,47,Benign-only
OR1N2,138882,0,2,41,43,Benign-only
OR1Q1,158131,0,2,36,38,Benign-only
OR1S1,219959,0,0,65,65,VUS/Other-only
OR1S2,219958,0,8,59,67,Benign-only
OR2A1,346528,0,6,21,27,Benign-only
OR2A12,346525,0,2,44,46,Benign-only
OR2A14,135941,0,5,43,48,Benign-only
OR2A2,442361,0,7,49,56,Benign-only
OR2A25,392138,0,4,44,48,Benign-only
OR2A4,79541,0,1,23,24,Benign-only
OR2A42,402317,0,5,6,11,Benign-only
OR2A5,393046,0,4,49,53,Benign-only
OR2A7,401427,0,3,38,41,Benign-only
OR2AE1,81392,0,0,46,46,VUS/Other-only
OR2AG1,144125,0,12,47,59,Benign-only
OR2AG2,338755,0,6,47,53,Benign-only
OR2AK2,391191,0,10,62,72,Benign-only
OR2AT4,341152,0,1,49,50,Benign-only
OR2B11,127623,0,8,35,43,Benign-only
OR2B2,81697,0,3,47,50,Benign-only
OR2B3,442184,0,9,27,36,Benign-only
OR2B6,26212,0,6,40,46,Benign-only
OR2C1,4993,0,2,43,45,Benign-only
OR2C3,81472,0,0,45,45,VUS/Other-only
OR2D2,120776,0,2,61,63,Benign-only
OR2D3,120775,0,4,45,49,Benign-only
OR2F1,26211,0,3,44,47,Benign-only
OR2F2,135948,0,8,50,58,Benign-only
OR2G2,81470,0,1,49,50,Benign-only
OR2G3,81469,0,5,48,53,Benign-only
OR2G6,391211,0,3,51,54,Benign-only
OR2H1,26716,0,9,33,42,Benign-only
OR2H2,7932,0,4,33,37,Benign-only
OR2I1,442197,0,1,0,1,Benign-only
OR2J2,26707,0,4,34,38,Benign-only
OR2J3,442186,0,3,46,49,Benign-only
OR2K2,26248,0,3,50,53,Benign-only
OR2L13,284521,0,0,49,49,VUS/Other-only
OR2L2,26246,0,4,48,52,Benign-only
OR2L3,391192,0,3,49,52,Benign-only
OR2L8,391190,0,0,51,51,VUS/Other-only
OR2M2,391194,0,8,58,66,Benign-only
OR2M3,127062,0,4,62,66,Benign-only
OR2M4,26245,0,1,37,38,Benign-only
OR2M5,127059,0,7,57,64,Benign-only
OR2M7,391196,0,4,64,68,Benign-only
OR2S2,56656,0,4,35,39,Benign-only
OR2T1,26696,0,0,61,61,VUS/Other-only
OR2T10,127069,0,3,37,40,Benign-only
OR2T11,127077,0,5,60,65,Benign-only
OR2T12,127064,0,3,54,57,Benign-only
OR2T2,401992,0,12,59,71,Benign-only
OR2T27,403239,0,7,77,84,Benign-only
OR2T29,343563,0,2,8,10,Benign-only
OR2T3,343173,0,1,73,74,Benign-only
OR2T33,391195,0,5,66,71,Benign-only
OR2T34,127068,0,3,64,67,Benign-only
OR2T35,403244,0,2,52,54,Benign-only
OR2T4,127074,0,2,46,48,Benign-only
OR2T5,401993,0,3,22,25,Benign-only
OR2T6,254879,0,4,47,51,Benign-only
OR2T8,343172,0,9,46,55,Benign-only
OR2V2,285659,0,8,55,63,Benign-only
OR2W1,26692,0,5,23,28,Benign-only
OR2W1-AS1,100129636,0,1,1,2,Benign-only
OR2W3,343171,0,72,185,257,Benign-only
OR2Y1,134083,0,3,40,43,Benign-only
OR2Z1,284383,0,5,60,65,Benign-only
OR3A1,4994,0,8,68,76,Benign-only
OR3A2,4995,0,2,50,52,Benign-only
OR3A3,8392,0,3,34,37,Benign-only
OR4A15,81328,0,9,112,121,Benign-only
OR4A15;OR4C11;OR4C15;OR4C16;OR4C6;OR4P4;OR4S2,-1,0,1,0,1,Benign-only
OR4A16,81327,0,5,64,69,Benign-only
OR4A47,403253,0,4,69,73,Benign-only
OR4A5,81318,0,6,91,97,Benign-only
OR4B1,119765,0,1,55,56,Benign-only
OR4C11,219429,0,2,66,68,Benign-only
OR4C12,283093,0,2,53,55,Benign-only
OR4C13,283092,0,3,68,71,Benign-only
OR4C15,81309,0,5,95,100,Benign-only
OR4C16,219428,0,1,96,97,Benign-only
OR4C3,256144,0,2,0,2,Benign-only
OR4C46,119749,0,6,86,92,Benign-only
OR4C6,219432,0,6,56,62,Benign-only
OR4D1,26689,0,2,28,30,Benign-only
OR4D10,390197,0,7,46,53,Benign-only
OR4D11,219986,0,4,50,54,Benign-only
OR4D2,124538,0,5,47,52,Benign-only
OR4D5,219875,0,1,41,42,Benign-only
OR4D6,219983,0,2,45,47,Benign-only
OR4D9,390199,0,3,36,39,Benign-only
OR4E1,26687,0,1,0,1,Benign-only
OR4E2,26686,0,4,59,63,Benign-only
OR4F15,390649,0,2,54,56,Benign-only
OR4F17,81099,0,7,44,51,Benign-only
OR4F21,441308,0,3,52,55,Benign-only
OR4F4,26682,0,2,27,29,Benign-only
OR4F5,79501,0,1,18,19,Benign-only
OR4F6,390648,0,2,46,48,Benign-only
OR4K1,79544,0,2,56,58,Benign-only
OR4K13,390433,0,2,52,54,Benign-only
OR4K14,122740,0,2,45,47,Benign-only
OR4K15,81127,0,5,69,74,Benign-only
OR4K17,390436,0,1,77,78,Benign-only
OR4K2,390431,0,2,59,61,Benign-only
OR4K5,79317,0,2,53,55,Benign-only
OR4L1,122742,0,4,49,53,Benign-only
OR4M1,441670,0,3,68,71,Benign-only
OR4M2,390538,0,4,48,52,Benign-only
OR4N2,390429,0,2,56,58,Benign-only
OR4N4,283694,0,9,56,65,Benign-only
OR4N5,390437,0,2,58,60,Benign-only
OR4P4,81300,0,1,48,49,Benign-only
OR4Q3,441669,0,7,72,79,Benign-only
OR4S1,256148,0,9,64,73,Benign-only
OR4S2,219431,0,1,54,55,Benign-only
OR4X1,390113,0,6,50,56,Benign-only
OR4X2,119764,0,4,82,86,Benign-only
OR51A2,401667,0,6,27,33,Benign-only
OR51A4,401666,0,3,44,47,Benign-only
OR51A7,119687,0,5,42,47,Benign-only
OR51B2,79345,0,6,50,56,Benign-only
OR51B4,79339,0,3,59,62,Benign-only
OR51B5,282763,0,1,49,50,Benign-only
OR51B5;OR51I1;OR51I2,-1,0,1,0,1,Benign-only
OR51B5;OR51J1,-1,0,2,0,2,Benign-only
OR51B6,390058,0,1,63,64,Benign-only
OR51D1,390038,0,0,55,55,VUS/Other-only
OR51E1,143503,0,4,46,50,Benign-only
OR51E2,81285,0,1,67,68,Benign-only
OR51F1,256892,0,6,47,53,Benign-only
OR51F2,119694,0,7,61,68,Benign-only
OR51G1,79324,0,5,65,70,Benign-only
OR51G2,81282,0,5,56,61,Benign-only
OR51I1,390063,0,5,57,62,Benign-only
OR51I2,390064,0,6,45,51,Benign-only
OR51L1,119682,0,3,36,39,Benign-only
OR51M1,390059,0,3,54,57,Benign-only
OR51Q1,390061,0,4,60,64,Benign-only
OR51S1,119692,0,2,51,53,Benign-only
OR51T1,401665,0,1,68,69,Benign-only
OR51V1,283111,0,3,54,57,Benign-only
OR52A1,23538,0,0,56,56,VUS/Other-only
OR52A5,390054,0,1,50,51,Benign-only
OR52B2,255725,0,6,56,62,Benign-only
OR52B4,143496,0,4,55,59,Benign-only
OR52B6,340980,0,3,40,43,Benign-only
OR52D1,390066,0,3,38,41,Benign-only
OR52E2,119678,0,5,63,68,Benign-only
OR52E4,390081,0,0,63,63,VUS/Other-only
OR52E6,390078,0,4,49,53,Benign-only
OR52E8,390079,0,4,52,56,Benign-only
OR52H1,390067,0,2,48,50,Benign-only
OR52I1,390037,0,6,49,55,Benign-only
OR52I2,143502,0,6,57,63,Benign-only
OR52J3,119679,0,5,59,64,Benign-only
OR52K1,390036,0,2,55,57,Benign-only
OR52K2,119774,0,2,65,67,Benign-only
OR52L1,338751,0,4,52,56,Benign-only
OR52M1,119772,0,2,75,77,Benign-only
OR52N1,79473,0,4,41,45,Benign-only
OR52N2,390077,0,1,0,1,Benign-only
OR52N4,390072,0,4,53,57,Benign-only
OR52N5,390075,0,5,42,47,Benign-only
OR52N5;TRIM5,-1,0,1,0,1,Benign-only
OR52R1,119695,0,7,50,57,Benign-only
OR52W1,120787,0,5,49,54,Benign-only
OR56A1,120796,0,3,44,47,Benign-only
OR56A3,390083,0,1,43,44,Benign-only
OR56A4,120793,0,3,57,60,Benign-only
OR56A5,390084,0,4,52,56,Benign-only
OR56B1,387748,0,3,44,47,Benign-only
OR56B4,196335,0,2,52,54,Benign-only
OR5A1,219982,0,1,48,49,Benign-only
OR5A2,219981,0,3,43,46,Benign-only
OR5AC2,81050,0,7,47,54,Benign-only
OR5AK2,390181,0,6,38,44,Benign-only
OR5AN1,390195,0,2,45,47,Benign-only
OR5AP2,338675,0,4,47,51,Benign-only
OR5AR1,219493,0,3,57,60,Benign-only
OR5AS1,219447,0,1,54,55,Benign-only
OR5AU1,390445,0,1,64,65,Benign-only
OR5B12,390191,0,3,58,61,Benign-only
OR5B17,219965,0,9,61,70,Benign-only
OR5B2,390190,0,3,45,48,Benign-only
OR5B21,219968,0,1,40,41,Benign-only
OR5B3,441608,0,4,44,48,Benign-only
OR5C1,392391,0,5,59,64,Benign-only
OR5D13,390142,0,1,46,47,Benign-only
OR5D14,219436,0,2,48,50,Benign-only
OR5D16,390144,0,5,61,66,Benign-only
OR5D18,219438,0,5,51,56,Benign-only
OR5F1,338674,0,3,39,42,Benign-only
OR5H1,26341,0,7,72,79,Benign-only
OR5H14,403273,0,3,61,64,Benign-only
OR5H15,403274,0,10,62,72,Benign-only
OR5H2,79310,0,2,46,48,Benign-only
OR5H6,79295,0,8,53,61,Benign-only
OR5I1,10798,0,3,53,56,Benign-only
OR5J2,282775,0,4,57,61,Benign-only
OR5K1,26339,0,4,62,66,Benign-only
OR5K2,402135,0,4,52,56,Benign-only
OR5K3,403277,0,1,65,66,Benign-only
OR5K4,403278,0,7,60,67,Benign-only
OR5L1,219437,0,5,48,53,Benign-only
OR5L2,26338,0,8,51,59,Benign-only
OR5M1,390168,0,2,49,51,Benign-only
OR5M10,390167,0,6,56,62,Benign-only
OR5M11,219487,0,1,42,43,Benign-only
OR5M3,219482,0,5,52,57,Benign-only
OR5M8,219484,0,5,55,60,Benign-only
OR5M9,390162,0,3,55,58,Benign-only
OR5P2,120065,0,2,43,45,Benign-only
OR5P3,120066,0,3,47,50,Benign-only
OR5T1,390155,0,2,67,69,Benign-only
OR5T2,219464,0,6,68,74,Benign-only
OR5T3,390154,0,3,55,58,Benign-only
OR5V1,81696,0,3,40,43,Benign-only
OR5W2,390148,0,0,47,47,VUS/Other-only
OR6A2,8590,0,4,63,67,Benign-only
OR6B1,135946,0,0,48,48,VUS/Other-only
OR6B2,389090,0,7,52,59,Benign-only
OR6B3,150681,0,4,59,63,Benign-only
OR6C1,390321,0,3,60,63,Benign-only
OR6C2,341416,0,1,58,59,Benign-only
OR6C3,254786,0,4,70,74,Benign-only
OR6C4,341418,0,0,63,63,VUS/Other-only
OR6C6,283365,0,4,44,48,Benign-only
OR6C65,403282,0,1,39,40,Benign-only
OR6C68,403284,0,4,40,44,Benign-only
OR6C70,390327,0,2,55,57,Benign-only
OR6C74,254783,0,1,41,42,Benign-only
OR6C75,390323,0,5,34,39,Benign-only
OR6C76,390326,0,1,54,55,Benign-only
OR6F1,343169,0,1,36,37,Benign-only
OR6K2,81448,0,6,69,75,Benign-only
OR6K3,391114,0,1,67,68,Benign-only
OR6K6,128371,0,2,38,40,Benign-only
OR6M1,390261,0,5,44,49,Benign-only
OR6N1,128372,0,1,43,44,Benign-only
OR6N2,81442,0,2,41,43,Benign-only
OR6P1,128366,0,3,61,64,Benign-only
OR6Q1,219952,0,2,42,44,Benign-only
OR6S1,341799,0,6,50,56,Benign-only
OR6T1,219874,0,2,42,44,Benign-only
OR6V1,346517,0,3,46,49,Benign-only
OR6X1,390260,0,4,41,45,Benign-only
OR6Y1,391112,0,2,63,65,Benign-only
OR7A10,390892,0,1,40,41,Benign-only
OR7A17,26333,0,1,52,53,Benign-only
OR7A5,26659,0,7,46,53,Benign-only
OR7C1,26664,0,1,41,42,Benign-only
OR7C2,26658,0,1,42,43,Benign-only
OR7D2,162998,0,3,52,55,Benign-only
OR7D4,125958,0,2,53,55,Benign-only
OR7E24,26648,0,3,57,60,Benign-only
OR7G1,125962,0,3,48,51,Benign-only
OR7G2,390882,0,3,52,55,Benign-only
OR7G3,390883,0,6,28,34,Benign-only
OR8A1,390275,0,0,50,50,VUS/Other-only
OR8B12,219858,0,4,38,42,Benign-only
OR8B2,26595,0,4,54,58,Benign-only
OR8B3,390271,0,5,33,38,Benign-only
OR8B4,283162,0,3,39,42,Benign-only
OR8B8,26493,0,3,39,42,Benign-only
OR8D1,283159,0,2,45,47,Benign-only
OR8D2,283160,0,2,57,59,Benign-only
OR8D4,338662,0,1,35,36,Benign-only
OR8G1,26494,0,4,25,29,Benign-only
OR8G5,219865,0,4,42,46,Benign-only
OR8H1,219469,0,1,52,53,Benign-only
OR8H2,390151,0,8,47,55,Benign-only
OR8H3,390152,0,5,50,55,Benign-only
OR8I2,120586,0,3,55,58,Benign-only
OR8J1,219477,0,3,51,54,Benign-only
OR8J3,81168,0,1,46,47,Benign-only
OR8K1,390157,0,1,42,43,Benign-only
OR8K3,219473,0,5,43,48,Benign-only
OR8K5,219453,0,2,52,54,Benign-only
OR8S1,341568,0,0,41,41,VUS/Other-only
OR8U1,219417,0,2,61,63,Benign-only
OR8U3,219479,0,2,63,65,Benign-only
OR9A2,135924,0,8,50,58,Benign-only
OR9A4,130075,0,0,49,49,VUS/Other-only
OR9G1,390174,0,7,47,54,Benign-only
OR9G4,283189,0,1,52,53,Benign-only
OR9I1,219954,0,1,56,57,Benign-only
OR9K2,441639,0,0,63,63,VUS/Other-only
OR9Q1,219956,0,1,45,46,Benign-only
OR9Q2,219957,0,1,56,57,Benign-only
ORAI1,84876,18,171,261,450,Multiclass
ORAI2,80228,0,2,35,37,Benign-only
ORAI3,93129,0,2,43,45,Benign-only
ORC1,4998,29,167,191,387,Multiclass
ORC2,4999,0,3,59,62,Benign-only
ORC3,23595,0,6,99,105,Benign-only
ORC4,5000,22,91,105,218,Multiclass
ORC5,5001,0,1,57,58,Benign-only
ORC6,23594,15,66,83,164,Multiclass
ORM1,5004,0,7,19,26,Benign-only
ORM2,5005,0,9,38,47,Benign-only
ORMDL1,94101,0,0,16,16,VUS/Other-only
ORMDL2,29095,0,2,19,21,Benign-only
ORMDL3,94103,0,0,12,12,VUS/Other-only
OS9,10956,0,11,110,121,Benign-only
OSBP,5007,0,5,67,72,Benign-only
OSBP2,23762,0,17,128,145,Benign-only
OSBPL10,114884,0,9,92,101,Benign-only
OSBPL11,114885,0,1,89,90,Benign-only
OSBPL1A,114876,0,3,100,103,Benign-only
OSBPL2,9885,3,175,107,285,Multiclass
OSBPL3,26031,0,4,116,120,Benign-only
OSBPL5,114879,0,25,154,179,Benign-only
OSBPL6,114880,0,4,122,126,Benign-only
OSBPL7,114881,0,3,108,111,Benign-only
OSBPL8,114882,0,3,69,72,Benign-only
OSBPL9,114883,0,0,67,67,VUS/Other-only
OSCAR,126014,0,4,58,62,Benign-only
OSCP1,127700,0,2,44,46,Benign-only
OSER1,51526,0,1,21,22,Benign-only
OSGEP,55644,29,74,77,180,Multiclass
OSGEPL1,64172,0,3,46,49,Benign-only
OSGIN1,29948,0,6,80,86,Benign-only
OSGIN2,734,0,10,64,74,Benign-only
OSM,5008,1,7,51,59,Multiclass
OSMR,9180,5,29,121,155,Multiclass
OSR1,130497,0,7,34,41,Benign-only
OSR2,116039,0,6,26,32,Benign-only
OST4,100128731,0,0,4,4,VUS/Other-only
OSTC,58505,0,1,16,17,Benign-only
OSTF1,26578,0,0,25,25,VUS/Other-only
OSTM1,28962,25,197,148,370,Multiclass
OSTN,344901,0,2,24,26,Benign-only
OTC,5009,242,296,190,728,Multiclass
OTOA,146183,85,434,217,736,Multiclass
OTOF,9381,317,1276,488,2081,Multiclass
OTOG,340990,131,712,565,1408,Multiclass
OTOGL,283310,101,529,537,1167,Multiclass
OTOL1,131149,0,5,62,67,Benign-only
OTOP1,133060,0,5,110,115,Benign-only
OTOP2,92736,0,9,92,101,Benign-only
OTOP2;USH1G,-1,1,0,0,1,Pathogenic-only
OTOP3,347741,0,13,122,135,Benign-only
OTOR,56914,0,4,12,16,Benign-only
OTOS,150677,0,0,21,21,VUS/Other-only
OTP,23440,0,1,44,45,Benign-only
OTUB1,55611,0,1,27,28,Benign-only
OTUB2,78990,0,2,34,36,Benign-only
OTUD1,220213,0,7,102,109,Benign-only
OTUD3,23252,0,2,44,46,Benign-only
OTUD4,54726,0,6,122,128,Benign-only
OTUD5,55593,5,8,69,82,Multiclass
OTUD6A,139562,0,2,18,20,Benign-only
OTUD6B,51633,19,13,61,93,Multiclass
OTUD7A,161725,1,14,153,168,Multiclass
OTUD7B,56957,0,7,120,127,Benign-only
OTULIN,90268,3,140,122,265,Multiclass
OTULIN;ANKH,-1,0,0,1,1,VUS/Other-only
OTULINL,54491,0,2,61,63,Benign-only
OTX1,5013,0,3,33,36,Benign-only
OTX2,5015,50,74,161,285,Multiclass
OVCA2,124641,0,5,60,65,Benign-only
OVCH1,341350,0,7,113,120,Benign-only
OVCH2,341277,0,6,72,78,Benign-only
OVGP1,5016,0,17,95,112,Benign-only
OVOL1,5017,0,4,32,36,Benign-only
OVOL2,58495,0,13,41,54,Benign-only
OXA1L,5018,0,14,76,90,Benign-only
OXCT1,5019,16,113,110,239,Multiclass
OXCT2,64064,0,3,72,75,Benign-only
OXER1,165140,0,11,94,105,Benign-only
OXGR1,27199,1,4,60,65,Multiclass
OXLD1,339229,0,3,23,26,Benign-only
OXNAD1,92106,0,3,53,56,Benign-only
OXR1,55074,0,21,118,139,Benign-only
OXSM,54995,0,3,58,61,Benign-only
OXSR1,9943,0,1,36,37,Benign-only
OXT,5020,0,1,11,12,Benign-only
OXTR,5021,0,16,47,63,Benign-only
P2RX1,5023,0,17,55,72,Benign-only
P2RX2,22953,4,132,174,310,Multiclass
P2RX2;POLE,-1,1,0,0,1,Pathogenic-only
P2RX3,5024,0,5,67,72,Benign-only
P2RX4,5025,0,9,54,63,Benign-only
P2RX5,5026,0,6,81,87,Benign-only
P2RX6,9127,0,7,61,68,Benign-only
P2RX7,5027,0,15,65,80,Benign-only
P2RY1,5028,0,5,23,28,Benign-only
P2RY10,27334,0,2,22,24,Benign-only
P2RY11,5032,0,18,1,19,Benign-only
P2RY11;PPAN-P2RY11,-1,0,4,0,4,Benign-only
P2RY12,64805,3,35,90,128,Multiclass
P2RY13,53829,0,3,23,26,Benign-only
P2RY14,9934,0,6,51,57,Benign-only
P2RY2,5029,0,6,69,75,Benign-only
P2RY4,5030,0,3,52,55,Benign-only
P2RY6,5031,0,3,0,3,Benign-only
P3H1,64175,136,480,324,940,Multiclass
P3H2,55214,55,359,359,773,Multiclass
P3H3,10536,0,8,44,52,Benign-only
P3H4,10609,0,4,77,81,Benign-only
P3R3URF;P3R3URF-PIK3R3;TSPAN1,-1,0,1,0,1,Benign-only
P4HA1,5033,2,1,49,52,Multiclass
P4HA2,8974,2,17,95,114,Multiclass
P4HA3,283208,0,4,77,81,Benign-only
P4HB,5034,3,216,178,397,Multiclass
P4HTM,54681,10,13,91,114,Multiclass
PA2G4,5036,0,0,13,13,VUS/Other-only
PAAF1,80227,0,1,47,48,Benign-only
PABIR1,116224,0,1,26,27,Benign-only
PABIR2,159090,0,4,24,28,Benign-only
PABIR3,159091,0,2,20,22,Benign-only
PABPC1,26986,1,6,22,29,Multiclass
PABPC1L,80336,0,8,62,70,Benign-only
PABPC1L2A,340529,0,0,3,3,VUS/Other-only
PABPC1L2B,645974,0,2,0,2,Benign-only
PABPC3,5042,0,1,0,1,Benign-only
PABPC4,8761,0,2,33,35,Benign-only
PABPC4L,132430,0,4,59,63,Benign-only
PABPC5,140886,0,0,28,28,VUS/Other-only
PABPN1,8106,12,24,48,84,Multiclass
PABPN1L,390748,0,7,70,77,Benign-only
PACC1,55248,0,3,70,73,Benign-only
PACRG,135138,0,5,40,45,Benign-only
PACRG;PRKN,-1,1,0,1,2,Pathogenic-only
PACRGL,133015,0,2,24,26,Benign-only
PACS1,55690,6,578,362,946,Multiclass
PACS2,23241,2,797,425,1224,Multiclass
PACSIN1,29993,0,0,41,41,VUS/Other-only
PACSIN2,11252,0,2,54,56,Benign-only
PACSIN3,29763,0,2,85,87,Benign-only
PADI1,29943,0,9,110,119,Benign-only
PADI2,11240,0,10,101,111,Benign-only
PADI3,51702,7,11,120,138,Multiclass
PADI4,23569,0,14,95,109,Benign-only
PADI6,353238,16,13,69,98,Multiclass
PAEP,5047,1,9,27,37,Multiclass
PAF1,54623,0,9,41,50,Benign-only
PAFAH1B1,5048,168,221,152,541,Multiclass
PAFAH1B2,5049,0,3,13,16,Benign-only
PAFAH1B3,5050,0,2,34,36,Benign-only
PAFAH2,5051,0,1,70,71,Benign-only
PAG1,55824,0,7,48,55,Benign-only
PAGE1,8712,0,4,25,29,Benign-only
PAGE2,203569,0,4,13,17,Benign-only
PAGE2B,389860,0,1,12,13,Benign-only
PAGE3,139793,0,1,0,1,Benign-only
PAGE4,9506,0,1,12,13,Benign-only
PAGE5,90737,0,1,17,18,Benign-only
PAGR1,79447,0,4,38,42,Benign-only
PAH,5053,887,412,309,1608,Multiclass
PAICS,10606,2,1,33,36,Multiclass
PAIP1,10605,0,2,55,57,Benign-only
PAIP2,51247,0,0,14,14,VUS/Other-only
PAIP2B,400961,0,0,18,18,VUS/Other-only
PAK1,5058,20,19,96,135,Multiclass
PAK1IP1,55003,0,2,39,41,Benign-only
PAK2,5062,2,3,50,55,Multiclass
PAK3,5063,26,73,123,222,Multiclass
PAK4,10298,0,7,109,116,Benign-only
PAK5,57144,0,7,86,93,Benign-only
PAK6,56924,0,6,112,118,Benign-only
PAK6-AS1,644809,0,0,3,3,VUS/Other-only
PALB2,79728,1449,1663,2730,5842,Multiclass
PALB2;PALB2-AS1,-1,1,0,0,1,Pathogenic-only
PALD1,27143,0,16,147,163,Benign-only
PALLD,23022,0,953,1675,2628,Benign-only
PALM,5064,0,127,143,270,Benign-only
PALM2AKAP2,445815,0,29,186,215,Benign-only
PALM3,342979,0,10,107,117,Benign-only
PALMD,54873,0,8,86,94,Benign-only
PALS1,64398,2,16,79,97,Multiclass
PALS2,51678,0,3,56,59,Benign-only
PAM,5066,0,16,84,100,Benign-only
PAM16,51025,0,61,14,75,Benign-only
PAMR1,25891,0,5,97,102,Benign-only
PAN2,9924,1,4,130,135,Multiclass
PAN3,255967,0,1,90,91,Benign-only
PANK1,53354,0,1,35,36,Benign-only
PANK2,80025,133,355,244,732,Multiclass
PANK3,79646,0,1,21,22,Benign-only
PANK4,55229,0,10,97,107,Benign-only
PANO1,101927423,0,5,0,5,Benign-only
PANO1;SLC25A22,-1,0,2,0,2,Benign-only
PANX1,24145,0,27,64,91,Benign-only
PANX2,56666,0,10,92,102,Benign-only
PANX3,116337,0,3,44,47,Benign-only
PAOX,196743,0,21,81,102,Benign-only
PAPLN,89932,0,31,230,261,Benign-only
PAPOLA,10914,0,9,53,62,Benign-only
PAPOLB,56903,0,6,98,104,Benign-only
PAPOLG,64895,0,6,78,84,Benign-only
PAPPA,5069,0,24,227,251,Benign-only
PAPPA2,60676,8,44,246,298,Multiclass
PAPSS1,9061,0,0,69,69,VUS/Other-only
PAPSS2,9060,33,189,165,387,Multiclass
PAQR3,152559,0,2,34,36,Benign-only
PAQR4,124222,0,6,60,66,Benign-only
PAQR5,54852,0,2,42,44,Benign-only
PAQR6,79957,0,13,52,65,Benign-only
PAQR7,164091,0,0,47,47,VUS/Other-only
PAQR8,85315,0,2,45,47,Benign-only
PAQR9,344838,0,3,28,31,Benign-only
PARD3,56288,0,18,171,189,Benign-only
PARD3B,117583,3,9,200,212,Multiclass
PARD6A,50855,0,1,38,39,Benign-only
PARD6B,84612,0,2,39,41,Benign-only
PARD6G,84552,0,0,58,58,VUS/Other-only
PARG,8505,0,1,53,54,Benign-only
PARK7,11315,12,76,54,142,Multiclass
PARL,55486,0,3,57,60,Benign-only
PARM1,25849,0,4,33,37,Benign-only
PARN,5073,83,399,443,925,Multiclass
PARP1,142,0,17,88,105,Benign-only
PARP10,84875,1,25,164,190,Multiclass
PARP11,57097,0,1,37,38,Benign-only
PARP12,64761,0,9,102,111,Benign-only
PARP14,54625,0,28,168,196,Benign-only
PARP15,165631,0,13,88,101,Benign-only
PARP16,54956,0,3,51,54,Benign-only
PARP2,10038,0,8,72,80,Benign-only
PARP3,10039,0,18,82,100,Benign-only
PARP4,143,0,27,225,252,Benign-only
PARP6,56965,0,0,48,48,VUS/Other-only
PARP8,79668,0,1,78,79,Benign-only
PARP9,83666,0,13,89,102,Benign-only
PARPBP,55010,0,4,73,77,Benign-only
PARS2,25973,7,75,125,207,Multiclass
PARVA,55742,0,2,47,49,Benign-only
PARVB,29780,0,8,67,75,Benign-only
PARVG,64098,0,2,51,53,Benign-only
PASD1,139135,0,20,103,123,Benign-only
PASK,23178,0,47,208,255,Benign-only
PATE1,160065,0,1,20,21,Benign-only
PATE2,399967,0,0,23,23,VUS/Other-only
PATE3,100169851,0,1,12,13,Benign-only
PATE4,399968,0,0,12,12,VUS/Other-only
PATJ,10207,0,14,20,34,Benign-only
PATL1,219988,0,9,81,90,Benign-only
PATL2,197135,13,10,70,93,Multiclass
PATZ1,23598,0,9,61,70,Benign-only
PAWR,5074,0,1,40,41,Benign-only
PAX1,5075,17,233,247,497,Multiclass
PAX2,5076,120,202,248,570,Multiclass
PAX3,5077,180,115,155,450,Multiclass
PAX4,5078,0,75,102,177,Benign-only
PAX5,5079,16,312,292,620,Multiclass
PAX6,5080,310,221,241,772,Multiclass
PAX7,5081,3,22,79,104,Multiclass
PAX8,7849,12,78,143,233,Multiclass
PAX8-AS1;PAX8,-1,1,0,0,1,Pathogenic-only
PAX8;PAX8-AS1,-1,2,0,0,2,Pathogenic-only
PAX9,5083,37,50,109,196,Multiclass
PAXBP1,94104,0,9,97,106,Benign-only
PAXIP1,22976,0,9,79,88,Benign-only
PBDC1,51260,0,3,15,18,Benign-only
PBK,55872,0,3,33,36,Benign-only
PBLD,64081,0,1,42,43,Benign-only
PBOV1,59351,0,2,15,17,Benign-only
PBRM1,55193,0,58,5,63,Benign-only
PBX1,5087,61,41,87,189,Multiclass
PBX2,5089,0,1,41,42,Benign-only
PBX3,5090,0,1,40,41,Benign-only
PBX4,80714,0,3,68,71,Benign-only
PBXIP1,57326,0,8,107,115,Benign-only
PC,5091,171,939,291,1401,Multiclass
PCARE,388939,142,334,576,1052,Multiclass
PCBD1,5092,17,83,27,127,Multiclass
PCBD2,84105,0,2,21,23,Benign-only
PCBP1,5093,16,0,18,34,Pathogenic-only
PCBP2,5094,0,0,6,6,VUS/Other-only
PCBP3,54039,0,3,39,42,Benign-only
PCBP4,57060,0,4,52,56,Benign-only
PCCA,5095,289,744,403,1436,Multiclass
PCCB,5096,252,613,352,1217,Multiclass
PCDH1,5097,0,5,143,148,Benign-only
PCDH10,57575,0,11,118,129,Benign-only
PCDH11X,27328,0,22,104,126,Benign-only
PCDH11Y,83259,0,1,0,1,Benign-only
PCDH12,51294,29,187,261,477,Multiclass
PCDH12;RNF14,-1,1,0,0,1,Pathogenic-only
PCDH15,65217,484,1779,1071,3334,Multiclass
PCDH17,27253,0,1,142,143,Benign-only
PCDH18,54510,0,3,140,143,Benign-only
PCDH19,57526,425,384,635,1444,Multiclass
PCDH20,64881,0,7,130,137,Benign-only
PCDH7,5099,0,10,133,143,Benign-only
PCDH8,5100,0,15,161,176,Benign-only
PCDH9,5101,0,8,126,134,Benign-only
PCDHA1,56147,0,10,131,141,Benign-only
PCDHA10,56139,0,16,163,179,Benign-only
PCDHA11,56138,0,16,142,158,Benign-only
PCDHA12,56137,0,11,162,173,Benign-only
PCDHA13,56136,0,13,149,162,Benign-only
PCDHA1;PCDHA2;PCDHA3;PCDHA4;PCDHA5;PCDHA6;PCDHA7;PCDHA@,-1,0,1,0,1,Benign-only
PCDHA1;PCDHA2;PCDHA3;PCDHA4;PCDHA5;PCDHA6;PCDHA@,-1,0,1,0,1,Benign-only
PCDHA1;PCDHA2;PCDHA@,-1,0,1,0,1,Benign-only
PCDHA2,56146,0,12,128,140,Benign-only
PCDHA3,56145,0,6,125,131,Benign-only
PCDHA4,56144,0,9,121,130,Benign-only
PCDHA5,56143,0,7,133,140,Benign-only
PCDHA6,56142,0,9,146,155,Benign-only
PCDHA7,56141,0,9,135,144,Benign-only
PCDHA8,56140,0,19,164,183,Benign-only
PCDHA9,9752,0,13,162,175,Benign-only
PCDHAC1,56135,0,8,123,131,Benign-only
PCDHAC2,56134,0,5,98,103,Benign-only
PCDHB1,29930,0,3,109,112,Benign-only
PCDHB10,56126,0,16,193,209,Benign-only
PCDHB10;PCDHB11;PCDHB12;PCDHB16;PCDHB9;PCDHB@,-1,0,0,1,1,VUS/Other-only
PCDHB11,56125,0,14,185,199,Benign-only
PCDHB12,56124,0,16,173,189,Benign-only
PCDHB13,56123,0,6,153,159,Benign-only
PCDHB14,56122,0,8,156,164,Benign-only
PCDHB15,56121,0,10,135,145,Benign-only
PCDHB16,57717,0,15,155,170,Benign-only
PCDHB2,56133,0,14,119,133,Benign-only
PCDHB3,56132,0,7,121,128,Benign-only
PCDHB4,56131,0,27,133,160,Benign-only
PCDHB5,26167,0,10,155,165,Benign-only
PCDHB6,56130,0,17,138,155,Benign-only
PCDHB7,56129,0,13,168,181,Benign-only
PCDHB8,56128,0,36,146,182,Benign-only
PCDHB9,56127,0,11,69,80,Benign-only
PCDHGA1,56114,0,11,133,144,Benign-only
PCDHGA10,56106,0,15,93,108,Benign-only
PCDHGA11,56105,0,7,115,122,Benign-only
PCDHGA12,26025,0,8,128,136,Benign-only
PCDHGA2,56113,0,12,119,131,Benign-only
PCDHGA3,56112,0,7,131,138,Benign-only
PCDHGA4,56111,0,6,136,142,Benign-only
PCDHGA5,56110,0,10,137,147,Benign-only
PCDHGA6,56109,0,7,137,144,Benign-only
PCDHGA7,56108,0,11,134,145,Benign-only
PCDHGA8,9708,0,10,137,147,Benign-only
PCDHGA9,56107,0,16,114,130,Benign-only
PCDHGB1,56104,0,10,126,136,Benign-only
PCDHGB2,56103,0,8,105,113,Benign-only
PCDHGB3,56102,0,4,120,124,Benign-only
PCDHGB4,8641,0,9,131,140,Benign-only
PCDHGB5,56101,0,8,105,113,Benign-only
PCDHGB6,56100,0,15,117,132,Benign-only
PCDHGB7,56099,0,9,107,116,Benign-only
PCDHGC3,5098,0,5,102,107,Benign-only
PCDHGC4,56098,6,7,102,115,Multiclass
PCDHGC5,56097,0,15,101,116,Benign-only
PCED1A,64773,0,0,61,61,VUS/Other-only
PCED1B,91523,0,3,59,62,Benign-only
PCF11,51585,0,9,157,166,Benign-only
PCGF1,84759,0,2,22,24,Benign-only
PCGF2,7703,3,156,136,295,Multiclass
PCGF3,10336,0,2,29,31,Benign-only
PCGF5,84333,0,0,17,17,VUS/Other-only
PCGF6,84108,0,2,50,52,Benign-only
PCID2,55795,0,3,33,36,Benign-only
PCIF1,63935,0,4,80,84,Benign-only
PCK1,5105,6,107,162,275,Multiclass
PCK2,5106,1,84,213,298,Multiclass
PCK2;NRL,-1,0,1,0,1,Benign-only
PCLAF,9768,0,0,15,15,VUS/Other-only
PCLO,27445,72,1310,1900,3282,Multiclass
PCM1,5108,0,41,400,441,Benign-only
PCMT1,5110,0,1,25,26,Benign-only
PCMTD1,115294,0,0,20,20,VUS/Other-only
PCMTD2,55251,0,1,35,36,Benign-only
PCNA,5111,1,10,11,22,Multiclass
PCNP,57092,0,2,15,17,Benign-only
PCNT,5116,324,2050,1108,3482,Multiclass
PCNX1,22990,0,20,25,45,Benign-only
PCNX2,80003,0,15,28,43,Benign-only
PCNX3,399909,0,3,14,17,Benign-only
PCNX4,64430,0,2,11,13,Benign-only
PCOLCE,5118,0,4,61,65,Benign-only
PCOLCE2,26577,0,0,75,75,VUS/Other-only
PCP2,126006,0,4,30,34,Benign-only
PCP4,5121,0,0,7,7,VUS/Other-only
PCP4L1,654790,0,3,7,10,Benign-only
PCSK1,5122,21,114,154,289,Multiclass
PCSK1;CAST;LOC101929710,-1,0,1,0,1,Benign-only
PCSK1N,27344,0,1,46,47,Benign-only
PCSK2,5126,0,3,45,48,Benign-only
PCSK4,54760,0,11,164,175,Benign-only
PCSK5,5125,0,25,101,126,Benign-only
PCSK6,5046,0,15,1,16,Benign-only
PCSK7,9159,0,10,102,112,Benign-only
PCSK9,255738,10,589,761,1360,Multiclass
PCTP,58488,0,3,31,34,Benign-only
PCYOX1,51449,0,6,70,76,Benign-only
PCYOX1L,78991,0,1,79,80,Benign-only
PCYT1A,5130,15,147,135,297,Multiclass
PCYT1B,9468,0,3,17,20,Benign-only
PCYT2,5833,8,22,78,108,Multiclass
PDAP1,11333,0,2,14,16,Benign-only
PDC,5132,0,2,28,30,Benign-only
PDCD1,5133,0,20,13,33,Benign-only
PDCD10,11235,80,48,58,186,Multiclass
PDCD11,22984,0,15,240,255,Benign-only
PDCD1LG2,80380,0,3,38,41,Benign-only
PDCD2,5134,0,2,63,65,Benign-only
PDCD2L,84306,0,4,60,64,Benign-only
PDCD4,27250,0,2,42,44,Benign-only
PDCD5,9141,0,2,14,16,Benign-only
PDCD6,10016,0,1,26,27,Benign-only
PDCD6IP,10015,0,9,96,105,Benign-only
PDCD7,10081,0,1,92,93,Benign-only
PDCL,5082,0,1,40,41,Benign-only
PDCL2,132954,0,0,22,22,VUS/Other-only
PDCL3,79031,0,2,32,34,Benign-only
PDE10A,10846,9,135,139,283,Multiclass
PDE11A,50940,11,52,165,228,Multiclass
PDE12,201626,0,1,71,72,Benign-only
PDE1A,5136,0,34,57,91,Benign-only
PDE1B,5153,0,1,44,45,Benign-only
PDE1C,5137,4,64,80,148,Multiclass
PDE2A,5138,5,194,149,348,Multiclass
PDE3A,5139,5,132,215,352,Multiclass
PDE3B,5140,0,20,153,173,Benign-only
PDE4A,5141,0,15,67,82,Benign-only
PDE4B,5142,0,5,41,46,Benign-only
PDE4B;PDE4B-AS1,-1,0,0,2,2,VUS/Other-only
PDE4C,5143,0,9,80,89,Benign-only
PDE4D,5144,18,308,283,609,Multiclass
PDE4DIP,9659,3,22,2,27,Multiclass
PDE5A,8654,0,17,89,106,Benign-only
PDE6A,5145,111,294,463,868,Multiclass
PDE6B,5158,155,421,580,1156,Multiclass
PDE6B;PDE6B-AS1,-1,2,0,0,2,Pathogenic-only
PDE6C,5146,80,274,320,674,Multiclass
PDE6D,5147,5,39,25,69,Multiclass
PDE6G,5148,3,49,57,109,Multiclass
PDE6H,5149,0,30,38,68,Benign-only
PDE7A,5150,0,0,43,43,VUS/Other-only
PDE7B,27115,0,6,49,55,Benign-only
PDE8A,5151,0,5,102,107,Benign-only
PDE8B,8622,8,154,170,332,Multiclass
PDE9A,5152,0,12,88,100,Benign-only
PDF,64146,0,5,61,66,Benign-only
PDGFA,5154,0,3,29,32,Benign-only
PDGFB,5155,21,88,87,196,Multiclass
PDGFC,56034,0,5,30,35,Benign-only
PDGFD,80310,0,0,50,50,VUS/Other-only
PDGFRA,5156,1,1572,2040,3613,Multiclass
PDGFRB,5159,22,419,310,751,Multiclass
PDGFRL,5157,0,5,82,87,Benign-only
PDHA1,5160,155,325,140,620,Multiclass
PDHA2,5161,1,3,58,62,Multiclass
PDHB,5162,41,277,77,395,Multiclass
PDHX,8050,31,178,193,402,Multiclass
PDIA2,64714,0,23,164,187,Benign-only
PDIA3,2923,0,17,57,74,Benign-only
PDIA4,9601,0,6,81,87,Benign-only
PDIA5,10954,0,2,83,85,Benign-only
PDIA6,10130,1,2,64,67,Multiclass
PDIK1L,149420,0,1,17,18,Benign-only
PDILT,204474,0,9,120,129,Benign-only
PDK1,5163,0,1,52,53,Benign-only
PDK2,5164,0,4,33,37,Benign-only
PDK3,5165,0,124,99,223,Benign-only
PDK4,5166,0,3,56,59,Benign-only
PDLIM1,9124,0,0,41,41,VUS/Other-only
PDLIM2,64236,0,10,140,150,Benign-only
PDLIM3,27295,0,221,291,512,Benign-only
PDLIM4,8572,0,5,33,38,Benign-only
PDLIM5,10611,0,8,78,86,Benign-only
PDLIM7,9260,0,9,69,78,Benign-only
PDP1,54704,4,87,102,193,Multiclass
PDP2,57546,0,7,71,78,Benign-only
PDPK1,5170,0,1,36,37,Benign-only
PDPN,10630,0,8,29,37,Benign-only
PDPR,55066,0,11,139,150,Benign-only
PDRG1,81572,0,0,7,7,VUS/Other-only
PDS5A,23244,0,2,90,92,Benign-only
PDS5B,23047,0,6,116,122,Benign-only
PDSS1,23590,11,203,169,383,Multiclass
PDSS2,57107,5,134,127,266,Multiclass
PDX1,3651,14,71,146,234,Multiclass
PDXDC1,23042,0,9,119,128,Benign-only
PDXK,8566,3,39,31,73,Multiclass
PDXP,57026,0,3,44,47,Benign-only
PDYN,5173,1,60,127,188,Multiclass
PDYN;PDYN-AS1,-1,0,0,1,1,VUS/Other-only
PDZD11,51248,0,0,7,7,VUS/Other-only
PDZD2,23037,0,62,421,483,Benign-only
PDZD4,57595,0,8,78,86,Benign-only
PDZD7,79955,101,437,547,1085,Multiclass
PDZD8,118987,1,23,141,165,Multiclass
PDZD9,255762,0,3,21,24,Benign-only
PDZK1,5174,0,5,42,47,Benign-only
PDZK1IP1,10158,0,1,20,21,Benign-only
PDZRN3,23024,1,11,190,202,Multiclass
PDZRN4,29951,0,3,154,157,Benign-only
PEA15,8682,0,0,7,7,VUS/Other-only
PEAK1,79834,0,10,251,261,Benign-only
PEAK3,374872,0,0,5,5,VUS/Other-only
PEAR1,375033,0,14,160,174,Benign-only
PEBP1,5037,0,3,8,11,Benign-only
PEBP4,157310,0,4,54,58,Benign-only
PECR,55825,0,3,53,56,Benign-only
PEDS1,387521,0,1,7,8,Benign-only
PEF1,553115,0,3,42,45,Benign-only
PEG10,23089,0,3,51,54,Benign-only
PEG3,5178,0,57,204,261,Benign-only
PEG3;ZIM2,-1,0,1,0,1,Benign-only
PELI1,57162,0,1,44,45,Benign-only
PELI2,57161,0,4,47,51,Benign-only
PELI3,246330,0,0,50,50,VUS/Other-only
PELO,53918,0,0,49,49,VUS/Other-only
PELP1,27043,0,10,38,48,Benign-only
PEMT,10400,0,5,22,27,Benign-only
PENK,5179,0,11,36,47,Benign-only
PEPD,5184,75,446,245,766,Multiclass
PER1,5187,0,37,182,219,Benign-only
PER2,8864,1,41,167,209,Multiclass
PER3,8863,4,42,169,215,Multiclass
PERCC1,105371045,3,3,1,7,Multiclass
PERM1,84808,0,9,0,9,Benign-only
PERP,64065,1,5,20,26,Multiclass
PES1,23481,0,4,88,92,Benign-only
PET100,100131801,11,65,31,107,Multiclass
PET117,100303755,1,4,12,17,Multiclass
PEX1,5189,435,859,568,1862,Multiclass
PEX10,5192,134,352,296,782,Multiclass
PEX10;RER1,-1,0,1,0,1,Benign-only
PEX11A,8800,0,3,46,49,Benign-only
PEX11B,8799,12,102,131,245,Multiclass
PEX11G,92960,0,3,61,64,Benign-only
PEX12,5193,106,185,228,519,Multiclass
PEX13,5194,41,207,321,569,Multiclass
PEX14,5195,7,242,215,464,Multiclass
PEX16,9409,38,357,212,607,Multiclass
PEX19,5824,24,179,215,418,Multiclass
PEX1;RBM48;LOC129998796,-1,0,1,0,1,Benign-only
PEX2,5828,89,166,229,484,Multiclass
PEX26,55670,63,244,260,567,Multiclass
PEX3,8504,35,198,174,407,Multiclass
PEX39,441150,0,0,1,1,VUS/Other-only
PEX5,5830,77,517,419,1013,Multiclass
PEX5L,51555,0,0,56,56,VUS/Other-only
PEX6,5190,293,921,577,1791,Multiclass
PEX7,5191,131,343,189,663,Multiclass
PF4,5196,0,1,14,15,Benign-only
PF4V1,5197,0,1,25,26,Benign-only
PFAS,5198,3,13,175,191,Multiclass
PFDN1,5201,0,1,9,10,Benign-only
PFDN2,5202,0,0,24,24,VUS/Other-only
PFDN4,5203,0,0,14,14,VUS/Other-only
PFDN5,5204,0,0,5,5,VUS/Other-only
PFDN6,10471,0,1,8,9,Benign-only
PFKFB1,5207,0,3,51,54,Benign-only
PFKFB2,5208,0,2,56,58,Benign-only
PFKFB3,5209,0,3,65,68,Benign-only
PFKFB4,5210,0,0,59,59,VUS/Other-only
PFKL,5211,0,18,99,117,Benign-only
PFKM,5213,129,666,244,1039,Multiclass
PFKM;SENP1,-1,0,1,0,1,Benign-only
PFKP,5214,0,33,134,167,Benign-only
PFKP;PITRM1;PITRM1-AS1;SNORD142,-1,0,1,0,1,Benign-only
PFN1,5216,4,55,41,100,Multiclass
PFN2,5217,0,2,7,9,Benign-only
PFN3,345456,0,2,26,28,Benign-only
PFN4,375189,0,3,13,16,Benign-only
PGA3,643834,0,5,18,23,Benign-only
PGA4,643847,0,1,8,9,Benign-only
PGA5,5222,0,2,35,37,Benign-only
PGAM1,5223,0,3,41,44,Benign-only
PGAM2,5224,11,67,108,186,Multiclass
PGAM4,441531,0,3,33,36,Benign-only
PGAM5,192111,0,29,49,78,Benign-only
PGAP1,80055,45,202,199,446,Multiclass
PGAP2,27315,16,51,71,138,Multiclass
PGAP3,93210,33,107,83,223,Multiclass
PGAP4,84302,0,0,52,52,VUS/Other-only
PGAP6,58986,0,19,201,220,Benign-only
PGBD1,84547,0,10,97,107,Benign-only
PGBD2,267002,0,1,109,110,Benign-only
PGBD3,267004,0,1,77,78,Benign-only
PGBD4,161779,0,0,63,63,VUS/Other-only
PGBD5,79605,0,6,0,6,Benign-only
PGBDF,146853,0,0,8,8,VUS/Other-only
PGC,5225,0,5,64,69,Benign-only
PGD,5226,0,4,52,56,Benign-only
PGF,5228,0,1,32,33,Benign-only
PGGHG,80162,0,2,10,12,Benign-only
PGGT1B,5229,0,0,44,44,VUS/Other-only
PGK1,5230,5,129,170,304,Multiclass
PGK2,5232,0,0,70,70,VUS/Other-only
PGLS,25796,0,9,60,69,Benign-only
PGLYRP1,8993,0,3,33,36,Benign-only
PGLYRP2,114770,0,7,66,73,Benign-only
PGLYRP3,114771,0,8,48,56,Benign-only
PGLYRP4,57115,0,3,51,54,Benign-only
PGM1,5236,42,247,192,481,Multiclass
PGM2,55276,0,12,76,88,Benign-only
PGM2L1,283209,8,24,50,82,Multiclass
PGM3,5238,65,337,194,596,Multiclass
PGM5,5239,0,7,94,101,Benign-only
PGP,283871,0,1,35,36,Benign-only
PGPEP1,54858,0,0,31,31,VUS/Other-only
PGPEP1L,145814,0,5,53,58,Benign-only
PGR,5241,0,22,111,133,Benign-only
PGRMC1,10857,0,3,29,32,Benign-only
PGRMC2,10424,0,0,37,37,VUS/Other-only
PGS1,9489,0,3,80,83,Benign-only
PHACTR1,221692,4,39,86,129,Multiclass
PHACTR2,9749,0,4,95,99,Benign-only
PHACTR3,116154,0,1,72,73,Benign-only
PHACTR4,65979,0,5,94,99,Benign-only
PHAF1,80262,0,1,3,4,Benign-only
PHAX,51808,0,1,45,46,Benign-only
PHB1,5245,0,4,11,15,Benign-only
PHB2,11331,0,3,25,28,Benign-only
PHC1,1911,1,42,143,186,Multiclass
PHC2,1912,0,10,97,107,Benign-only
PHC3,80012,0,1,119,120,Benign-only
PHETA1,144717,0,2,51,53,Benign-only
PHETA2,150368,0,2,38,40,Benign-only
PHEX,5251,854,251,260,1365,Multiclass
PHEX;PTCHD1-AS,-1,1,0,0,1,Pathogenic-only
PHF1,5252,0,7,57,64,Benign-only
PHF10,55274,0,3,56,59,Benign-only
PHF11,51131,0,3,42,45,Benign-only
PHF12,57649,0,5,83,88,Benign-only
PHF13,148479,0,5,36,41,Benign-only
PHF14,9678,0,3,81,84,Benign-only
PHF19,26147,0,1,45,46,Benign-only
PHF2,5253,1,23,123,147,Multiclass
PHF20,51230,0,11,101,112,Benign-only
PHF20L1,51105,0,3,87,90,Benign-only
PHF21A,51317,40,158,163,361,Multiclass
PHF21B,112885,0,1,77,78,Benign-only
PHF23,79142,0,1,56,57,Benign-only
PHF24,23349,0,2,61,63,Benign-only
PHF3,23469,0,39,247,286,Benign-only
PHF5A,84844,3,0,8,11,Pathogenic-only
PHF6,84295,42,81,95,218,Multiclass
PHF7,51533,0,5,37,42,Benign-only
PHF8,23133,23,73,164,260,Multiclass
PHGDH,26227,94,501,271,866,Multiclass
PHGR1,644844,0,4,19,23,Benign-only
PHIP,55023,170,468,476,1114,Multiclass
PHKA1,5255,49,286,358,693,Multiclass
PHKA2,5256,111,258,265,634,Multiclass
PHKA2;PHKA2-AS1,-1,0,0,1,1,VUS/Other-only
PHKB,5257,130,626,388,1144,Multiclass
PHKG1,5260,0,2,97,99,Benign-only
PHKG2,5261,50,232,114,396,Multiclass
PHLDA1,22822,0,1,57,58,Benign-only
PHLDA2,7262,0,4,27,31,Benign-only
PHLDA3,23612,0,0,17,17,VUS/Other-only
PHLDB1,23187,0,12,202,214,Benign-only
PHLDB2,90102,0,13,157,170,Benign-only
PHLDB3,653583,0,11,135,146,Benign-only
PHLPP1,23239,0,24,295,319,Benign-only
PHLPP2,23035,0,9,182,191,Benign-only
PHOSPHO1,162466,0,2,39,41,Benign-only
PHOSPHO2,493911,0,1,31,32,Benign-only
PHOX2A,401,0,8,30,38,Benign-only
PHOX2B,8929,74,473,687,1234,Multiclass
PHOX2B;PHOX2B-AS1,-1,1,0,0,1,Pathogenic-only
PHPT1,29085,0,5,30,35,Benign-only
PHRF1,57661,0,56,351,407,Benign-only
PHTF1,10745,0,3,107,110,Benign-only
PHTF2,57157,0,5,82,87,Benign-only
PHYH,5264,67,244,189,500,Multiclass
PHYHD1,254295,0,14,56,70,Benign-only
PHYHIP,9796,0,0,28,28,VUS/Other-only
PHYHIPL,84457,0,1,35,36,Benign-only
PHYKPL,85007,0,10,90,100,Benign-only
PI15,51050,0,4,28,32,Benign-only
PI16,221476,0,4,57,61,Benign-only
PI3,5266,0,2,14,16,Benign-only
PI4K2A,55361,1,0,45,46,Pathogenic-only
PI4K2B,55300,0,4,54,58,Benign-only
PI4KA,5297,37,171,140,348,Multiclass
PI4KA;SERPIND1,-1,0,3,1,4,Benign-only
PI4KA;SNAP29,-1,0,5,0,5,Benign-only
PI4KB,5298,0,5,64,69,Benign-only
PIANP,196500,0,1,38,39,Benign-only
PIAS1,8554,0,49,62,111,Benign-only
PIAS2,9063,0,2,61,63,Benign-only
PIAS3,10401,0,6,73,79,Benign-only
PIAS4,51588,0,13,67,80,Benign-only
PIBF1,10464,12,57,130,199,Multiclass
PICALM,8301,0,43,57,100,Benign-only
PICK1,9463,0,3,33,36,Benign-only
PID1,55022,0,0,33,33,VUS/Other-only
PIDD1,55367,12,54,222,288,Multiclass
PIERCE1,138162,0,0,2,2,VUS/Other-only
PIERCE2,145788,0,2,0,2,Benign-only
PIEZO1,9780,119,964,1180,2263,Multiclass
PIEZO2,63895,118,571,687,1376,Multiclass
PIF1,80119,0,19,127,146,Benign-only
PIGA,5277,28,137,168,333,Multiclass
PIGB,9488,30,196,167,393,Multiclass
PIGC,5279,4,16,58,78,Multiclass
PIGF,5281,0,6,36,42,Benign-only
PIGG,54872,86,513,498,1097,Multiclass
PIGH,5283,1,3,26,30,Multiclass
PIGK,10026,3,15,53,71,Multiclass
PIGL,9487,18,50,75,143,Multiclass
PIGM,93183,2,24,129,155,Multiclass
PIGN,23556,183,701,441,1325,Multiclass
PIGO,84720,79,391,550,1020,Multiclass
PIGP,51227,2,74,82,158,Multiclass
PIGQ,9091,45,380,349,774,Multiclass
PIGR,5284,0,16,82,98,Benign-only
PIGS,94005,7,32,86,125,Multiclass
PIGT,51604,27,149,183,359,Multiclass
PIGU,128869,1,75,47,123,Multiclass
PIGV,55650,7,147,206,360,Multiclass
PIGW,284098,3,111,213,327,Multiclass
PIGX,54965,0,1,7,8,Benign-only
PIGY,84992,0,6,11,17,Benign-only
PIGY;PYURF,-1,0,0,1,1,VUS/Other-only
PIGZ,80235,0,22,105,127,Benign-only
PIH1D1,55011,0,0,41,41,VUS/Other-only
PIH1D2,120379,0,3,32,35,Benign-only
PIK3AP1,118788,0,226,278,504,Benign-only
PIK3C2A,5286,30,266,288,584,Multiclass
PIK3C2B,5287,0,25,182,207,Benign-only
PIK3C2G,5288,0,15,167,182,Benign-only
PIK3C3,5289,0,5,65,70,Benign-only
PIK3CA,5290,94,776,664,1534,Multiclass
PIK3CB,5291,0,22,85,107,Benign-only
PIK3CD,5293,30,572,412,1014,Multiclass
PIK3CD-AS1,644997,0,1,0,1,Benign-only
PIK3CG,5294,1,40,100,141,Multiclass
PIK3IP1,113791,0,0,39,39,VUS/Other-only
PIK3R1,5295,68,287,314,669,Multiclass
PIK3R2,5296,12,277,246,535,Multiclass
PIK3R3,8503,0,0,48,48,VUS/Other-only
PIK3R4,30849,0,11,152,163,Benign-only
PIK3R5,23533,0,40,121,161,Benign-only
PIK3R6,146850,0,2,107,109,Benign-only
PIKFYVE,200576,21,132,292,445,Multiclass
PILRA,29992,0,6,36,42,Benign-only
PILRB,29990,0,4,41,45,Benign-only
PIM1,5292,0,3,9,12,Benign-only
PIM2,11040,0,1,18,19,Benign-only
PIM3,415116,0,5,39,44,Benign-only
PIMREG,54478,0,10,42,52,Benign-only
PIN1,5300,0,1,13,14,Benign-only
PIN4,5303,0,0,18,18,VUS/Other-only
PINK1,65018,40,165,205,410,Multiclass
PINK1;PINK1-AS,-1,1,0,1,2,Pathogenic-only
PINLYP,390940,0,2,46,48,Benign-only
PINX1,54984,0,10,84,94,Benign-only
PIP,5304,0,7,11,18,Benign-only
PIP4K2A,5305,0,5,51,56,Benign-only
PIP4K2B,8396,1,0,29,30,Pathogenic-only
PIP4K2C,79837,0,0,41,41,VUS/Other-only
PIP4P1,90809,0,2,30,32,Benign-only
PIP4P2,55529,0,0,35,35,VUS/Other-only
PIP5K1A,8394,1,0,4,5,Pathogenic-only
PIP5K1B,8395,0,4,44,48,Benign-only
PIP5K1C,23396,6,128,126,260,Multiclass
PIP5KL1,138429,0,2,55,57,Benign-only
PIPOX,51268,0,5,54,59,Benign-only
PIR,8544,0,4,27,31,Benign-only
PIRT,644139,0,0,33,33,VUS/Other-only
PISD,23761,9,92,117,218,Multiclass
PITHD1,57095,0,0,21,21,VUS/Other-only
PITPNA,5306,0,1,18,19,Benign-only
PITPNB,23760,0,0,13,13,VUS/Other-only
PITPNC1,26207,0,1,24,25,Benign-only
PITPNM1,9600,0,11,172,183,Benign-only
PITPNM2,57605,0,14,164,178,Benign-only
PITPNM3,83394,3,454,511,968,Multiclass
PITRM1,10531,3,192,238,433,Multiclass
PITX1,5307,10,30,69,109,Multiclass
PITX2,5308,63,63,87,213,Multiclass
PITX3,5309,6,18,60,84,Multiclass
PIWIL1,9271,1,2,85,88,Multiclass
PIWIL2,55124,0,9,141,150,Benign-only
PIWIL3,440822,0,15,135,150,Benign-only
PIWIL4,143689,0,21,99,120,Benign-only
PJA1,64219,0,17,53,70,Benign-only
PJA2,9867,0,2,94,96,Benign-only
PJVK,494513,37,139,92,268,Multiclass
PKD1,5310,2018,880,3245,6145,Multiclass
PKD1;PKD1-AS1,-1,3,2,0,5,Multiclass
PKD1;TSC2,-1,1,18,1,20,Multiclass
PKD1L1,168507,56,449,530,1035,Multiclass
PKD1L2,114780,1,41,470,512,Multiclass
PKD1L3,342372,0,31,260,291,Benign-only
PKD2,5311,396,327,701,1424,Multiclass
PKD2L1,9033,0,21,110,131,Benign-only
PKD2L2,27039,0,3,79,82,Benign-only
PKDCC,91461,20,97,152,269,Multiclass
PKDREJ,10343,0,34,312,346,Benign-only
PKHD1,5314,1497,2645,1516,5658,Multiclass
PKHD1L1,93035,18,43,634,695,Multiclass
PKIA,5569,0,0,3,3,VUS/Other-only
PKIB,5570,0,2,10,12,Benign-only
PKIG,11142,0,0,5,5,VUS/Other-only
PKLR,5313,108,51,240,399,Multiclass
PKM,5315,0,11,45,56,Benign-only
PKMYT1,9088,0,3,104,107,Benign-only
PKN1,5585,0,12,171,183,Benign-only
PKN2,5586,0,2,76,78,Benign-only
PKN3,29941,0,8,189,197,Benign-only
PKNOX1,5316,0,0,38,38,VUS/Other-only
PKNOX2,63876,0,0,39,39,VUS/Other-only
PKP1,5317,3,155,211,369,Multiclass
PKP2,5318,352,695,1069,2116,Multiclass
PKP3,11187,0,16,194,210,Benign-only
PKP4,8502,0,290,430,720,Benign-only
PLA1A,51365,0,6,53,59,Benign-only
PLA2G10,8399,0,2,7,9,Benign-only
PLA2G12A,81579,0,1,39,40,Benign-only
PLA2G12B,84647,0,1,26,27,Benign-only
PLA2G15,23659,0,1,63,64,Benign-only
PLA2G1B,5319,0,2,20,22,Benign-only
PLA2G2A,5320,0,4,22,26,Benign-only
PLA2G2C,391013,0,3,13,16,Benign-only
PLA2G2D,26279,0,5,17,22,Benign-only
PLA2G2E,30814,0,1,32,33,Benign-only
PLA2G2F,64600,0,6,45,51,Benign-only
PLA2G3,50487,0,14,77,91,Benign-only
PLA2G4A,5321,1,136,64,201,Multiclass
PLA2G4B,100137049,0,0,9,9,VUS/Other-only
PLA2G4C,8605,0,8,99,107,Benign-only
PLA2G4D,283748,0,16,144,160,Benign-only
PLA2G4E,123745,0,10,132,142,Benign-only
PLA2G4F,255189,0,6,177,183,Benign-only
PLA2G5,5322,0,39,90,129,Benign-only
PLA2G6,8398,173,554,358,1085,Multiclass
PLA2G7,7941,3,23,81,107,Multiclass
PLA2R1,22925,0,26,172,198,Benign-only
PLAA,9373,7,288,276,571,Multiclass
PLAAT1,57110,0,3,25,28,Benign-only
PLAAT2,54979,0,2,16,18,Benign-only
PLAAT3,11145,1,3,38,42,Multiclass
PLAAT4,5920,0,4,29,33,Benign-only
PLAAT5,117245,0,2,36,38,Benign-only
PLAC1,10761,0,3,18,21,Benign-only
PLAC8,51316,0,1,11,12,Benign-only
PLAC8L1,153770,0,1,26,27,Benign-only
PLAC9,219348,0,0,19,19,VUS/Other-only
PLAG1,5324,10,3,65,78,Multiclass
PLAGL1,5325,0,18,54,72,Benign-only
PLAGL2,5326,0,1,58,59,Benign-only
PLAT,5327,0,34,69,103,Benign-only
PLAU,5328,0,60,83,143,Benign-only
PLAUR,5329,0,12,53,65,Benign-only
PLB1,151056,0,54,225,279,Benign-only
PLBD1,79887,0,5,76,81,Benign-only
PLBD2,196463,0,6,88,94,Benign-only
PLCB1,23236,27,669,472,1168,Multiclass
PLCB2,5330,0,11,150,161,Benign-only
PLCB3,5331,1,22,128,151,Multiclass
PLCB4,5332,19,131,178,328,Multiclass
PLCD1,5333,6,47,157,210,Multiclass
PLCD3,113026,0,0,114,114,VUS/Other-only
PLCD4,84812,0,13,101,114,Benign-only
PLCE1,51196,50,288,556,894,Multiclass
PLCG1,5335,0,7,126,133,Benign-only
PLCG2,5336,4,909,851,1764,Multiclass
PLCH1,23007,1,22,216,239,Multiclass
PLCH2,9651,0,50,255,305,Benign-only
PLCL1,5334,0,5,132,137,Benign-only
PLCL2,23228,0,11,1,12,Benign-only
PLCXD2,257068,0,2,25,27,Benign-only
PLCXD3,345557,0,0,25,25,VUS/Other-only
PLCZ1,89869,6,7,68,81,Multiclass
PLD1,5337,26,132,189,347,Multiclass
PLD2,5338,0,13,156,169,Benign-only
PLD3,23646,0,81,122,203,Benign-only
PLD3;PRX,-1,1,0,0,1,Pathogenic-only
PLD4,122618,0,8,95,103,Benign-only
PLD5,200150,0,3,34,37,Benign-only
PLD6,201164,1,4,25,30,Multiclass
PLEC,5339,140,2169,3643,5952,Multiclass
PLEK,5341,0,2,40,42,Benign-only
PLEK2,26499,0,2,55,57,Benign-only
PLEKHA1,59338,0,7,43,50,Benign-only
PLEKHA2,59339,0,3,39,42,Benign-only
PLEKHA3,65977,0,1,21,22,Benign-only
PLEKHA4,57664,0,6,154,160,Benign-only
PLEKHA5,54477,0,9,127,136,Benign-only
PLEKHA6,22874,0,9,196,205,Benign-only
PLEKHA7,144100,0,17,204,221,Benign-only
PLEKHA8,84725,0,2,63,65,Benign-only
PLEKHB1,58473,0,1,52,53,Benign-only
PLEKHB2,55041,0,2,33,35,Benign-only
PLEKHD1,400224,0,6,90,96,Benign-only
PLEKHF1,79156,0,6,49,55,Benign-only
PLEKHF2,79666,0,0,13,13,VUS/Other-only
PLEKHG1,57480,0,8,183,191,Benign-only
PLEKHG2,64857,2,217,353,572,Multiclass
PLEKHG2;DLL3;LOC130064417,-1,0,1,0,1,Benign-only
PLEKHG3,26030,0,33,155,188,Benign-only
PLEKHG3;SPTB,-1,0,1,0,1,Benign-only
PLEKHG4,25894,0,19,131,150,Benign-only
PLEKHG4B,153478,0,36,269,305,Benign-only
PLEKHG5,57449,85,778,593,1456,Multiclass
PLEKHG6,55200,0,14,166,180,Benign-only
PLEKHG7,440107,0,5,35,40,Benign-only
PLEKHH1,57475,0,16,193,209,Benign-only
PLEKHH2,130271,0,10,227,237,Benign-only
PLEKHH3,79990,0,5,140,145,Benign-only
PLEKHJ1,55111,0,6,38,44,Benign-only
PLEKHM1,9842,1,33,148,182,Multiclass
PLEKHM2,23207,0,442,495,937,Benign-only
PLEKHM3,389072,0,4,88,92,Benign-only
PLEKHN1,84069,0,34,150,184,Benign-only
PLEKHO1,51177,0,5,65,70,Benign-only
PLEKHO2,80301,0,3,79,82,Benign-only
PLEKHS1,79949,0,5,78,83,Benign-only
PLET1,349633,0,5,22,27,Benign-only
PLG,5340,22,261,314,597,Multiclass
PLGLB1,5343,0,0,4,4,VUS/Other-only
PLGLB2,5342,0,0,6,6,VUS/Other-only
PLGRKT,55848,0,2,29,31,Benign-only
PLIN1,5346,3,49,122,174,Multiclass
PLIN2,123,0,6,63,69,Benign-only
PLIN3,10226,0,5,91,96,Benign-only
PLIN4,729359,2,115,236,353,Multiclass
PLIN5,440503,0,8,124,132,Benign-only
PLK1,5347,0,1,61,62,Benign-only
PLK2,10769,1,2,42,45,Multiclass
PLK3,1263,0,11,91,102,Benign-only
PLK4,10733,33,288,357,678,Multiclass
PLK5,126520,0,6,0,6,Benign-only
PLLP,51090,0,1,30,31,Benign-only
PLN,5350,10,41,94,145,Multiclass
PLOD1,5351,109,689,513,1311,Multiclass
PLOD2,5352,36,234,232,502,Multiclass
PLOD3,8985,36,416,275,727,Multiclass
PLP1,5354,160,121,139,420,Multiclass
PLP1;RAB9B,-1,3,0,0,3,Pathogenic-only
PLP2,5355,0,3,17,20,Benign-only
PLPBP,11212,22,143,108,273,Multiclass
PLPP1,8611,0,1,37,38,Benign-only
PLPP2,8612,0,3,51,54,Benign-only
PLPP3,8613,0,0,28,28,VUS/Other-only
PLPP4,196051,0,1,32,33,Benign-only
PLPP5,84513,0,4,46,50,Benign-only
PLPP6,403313,0,0,54,54,VUS/Other-only
PLPP7,84814,0,1,63,64,Benign-only
PLPPR1,54886,0,0,34,34,VUS/Other-only
PLPPR2,64748,0,6,50,56,Benign-only
PLPPR3,79948,0,2,178,180,Benign-only
PLPPR4,9890,0,2,64,66,Benign-only
PLPPR5,163404,0,0,32,32,VUS/Other-only
PLRG1,5356,0,3,44,47,Benign-only
PLS1,5357,3,36,99,138,Multiclass
PLS3,5358,48,135,102,285,Multiclass
PLSCR1,5359,0,2,24,26,Benign-only
PLSCR2,57047,0,2,34,36,Benign-only
PLSCR3,57048,0,1,6,7,Benign-only
PLSCR4,57088,0,1,46,47,Benign-only
PLSCR5,389158,0,0,45,45,VUS/Other-only
PLTP,5360,0,79,134,213,Benign-only
PLVAP,83483,7,140,116,263,Multiclass
PLXDC1,57125,0,2,76,78,Benign-only
PLXDC2,84898,0,7,63,70,Benign-only
PLXNA1,5361,14,238,369,621,Multiclass
PLXNA2,5362,2,302,432,736,Multiclass
PLXNA3,55558,0,84,297,381,Benign-only
PLXNA4,91584,0,32,119,151,Benign-only
PLXNB1,5364,0,33,259,292,Benign-only
PLXNB2,23654,0,74,284,358,Benign-only
PLXNB3,5365,0,73,317,390,Benign-only
PLXNB3-AS1,102723591,0,1,0,1,Benign-only
PLXNB3-AS1;ABCD1,-1,2,0,1,3,Pathogenic-only
PLXNC1,10154,0,25,141,166,Benign-only
PLXND1,23129,2,105,287,394,Multiclass
PM20D1,148811,0,11,75,86,Benign-only
PM20D2,135293,0,3,71,74,Benign-only
PMAIP1,5366,0,0,6,6,VUS/Other-only
PMCH,5367,0,1,13,14,Benign-only
PMEL,6490,0,17,66,83,Benign-only
PMEPA1,56937,0,2,33,35,Benign-only
PMF1,11243,0,2,21,23,Benign-only
PMF1-BGLAP,100527963,0,0,12,12,VUS/Other-only
PMF1;PMF1-BGLAP,-1,0,1,0,1,Benign-only
PMFBP1,83449,9,19,143,171,Multiclass
PML,5371,0,21,105,126,Benign-only
PMM1,5372,0,1,46,47,Benign-only
PMM2,5373,224,315,215,754,Multiclass
PMM2;TMEM186,-1,0,1,0,1,Benign-only
PMP2,5375,5,51,73,129,Multiclass
PMP22,5376,97,122,134,353,Multiclass
PMPCA,23203,7,110,148,265,Multiclass
PMPCB,9512,9,68,96,173,Multiclass
PMS1,5378,4,49,99,152,Multiclass
PMS2,5395,973,1679,2794,5446,Multiclass
PMVK,10654,3,12,30,45,Multiclass
PNCK,139728,0,6,31,37,Benign-only
PNISR,25957,0,2,110,112,Benign-only
PNKD,25953,3,274,358,635,Multiclass
PNKD;TMBIM1,-1,0,1,0,1,Benign-only
PNKP,11284,141,549,476,1166,Multiclass
PNLDC1,154197,8,9,54,71,Multiclass
PNLIP,5406,17,126,129,272,Multiclass
PNLIPRP1,5407,0,3,64,67,Benign-only
PNLIPRP2,5408,0,1,10,11,Benign-only
PNLIPRP3,119548,0,5,55,60,Benign-only
PNMA2,10687,0,0,10,10,VUS/Other-only
PNMA3,29944,0,2,12,14,Benign-only
PNMA5,114824,0,7,18,25,Benign-only
PNMA6A,84968,0,0,1,1,VUS/Other-only
PNMA6E,649238,0,4,0,4,Benign-only
PNMA6F,105373377,0,3,0,3,Benign-only
PNMA8A,55228,0,6,80,86,Benign-only
PNMA8B,57469,0,3,95,98,Benign-only
PNMT,5409,0,5,51,56,Benign-only
PNN,5411,0,5,82,87,Benign-only
PNO1,56902,0,2,42,44,Benign-only
PNOC,5368,0,2,32,34,Benign-only
PNP,4860,35,137,121,293,Multiclass
PNPLA1,285848,41,82,112,235,Multiclass
PNPLA2,57104,34,290,312,636,Multiclass
PNPLA3,80339,0,42,111,153,Benign-only
PNPLA4,8228,0,8,34,42,Benign-only
PNPLA5,150379,0,3,70,73,Benign-only
PNPLA6,10908,114,732,547,1393,Multiclass
PNPLA7,375775,0,32,269,301,Benign-only
PNPLA8,50640,27,147,220,394,Multiclass
PNPO,55163,40,181,156,377,Multiclass
PNPT1,87178,65,514,352,931,Multiclass
PNRC1,10957,0,0,57,57,VUS/Other-only
PNRC2,55629,0,1,9,10,Benign-only
POC1A,25886,22,110,87,219,Multiclass
POC1B,282809,40,162,196,398,Multiclass
POC1B-GALNT4,100528030,0,0,2,2,VUS/Other-only
POC5,134359,1,132,241,374,Multiclass
PODN,127435,0,7,112,119,Benign-only
PODNL1,79883,0,5,120,125,Benign-only
PODXL,5420,7,144,118,269,Multiclass
PODXL2,50512,0,3,100,103,Benign-only
POF1B,79983,0,38,80,118,Benign-only
POFUT1,23509,2,67,74,143,Multiclass
POFUT2,23275,0,9,52,61,Benign-only
POFUT3,84750,0,1,1,2,Benign-only
POGK,57645,0,2,62,64,Benign-only
POGLUT1,56983,20,144,152,316,Multiclass
POGLUT2,79070,0,2,74,76,Benign-only
POGLUT3,143888,0,2,86,88,Benign-only
POGZ,23126,189,229,366,784,Multiclass
POLA1,5422,7,413,453,873,Multiclass
POLA2,23649,2,1,75,78,Multiclass
POLB,5423,0,0,16,16,VUS/Other-only
POLD1,5424,6,2429,2958,5393,Multiclass
POLD2,5425,0,160,214,374,Benign-only
POLD3,10714,1,3,51,55,Multiclass
POLD4,57804,0,1,11,12,Benign-only
POLDIP2,26073,0,5,0,5,Benign-only
POLDIP3,84271,0,3,55,58,Benign-only
POLE,5426,454,4180,5522,10156,Multiclass
POLE2,5427,0,175,262,437,Benign-only
POLE3,54107,0,0,17,17,VUS/Other-only
POLE4,56655,0,1,22,23,Benign-only
POLG,5428,374,1206,1461,3041,Multiclass
POLG2,11232,31,184,320,535,Multiclass
POLG;FANCI,-1,0,1,1,2,Benign-only
POLH,5429,52,307,243,602,Multiclass
POLI,11201,0,5,102,107,Benign-only
POLK,51426,19,6,91,116,Multiclass
POLL,27343,0,20,82,102,Benign-only
POLM,27434,0,11,77,88,Benign-only
POLN,353497,0,17,110,127,Benign-only
POLQ,10721,0,1189,2431,3620,Benign-only
POLR1A,25885,9,504,610,1123,Multiclass
POLR1A;PTCD3,-1,0,1,0,1,Benign-only
POLR1B,84172,1,50,112,163,Multiclass
POLR1C,9533,46,81,120,247,Multiclass
POLR1D,51082,12,32,53,97,Multiclass
POLR1E,64425,0,1,51,52,Benign-only
POLR1F,221830,0,4,48,52,Benign-only
POLR1G,10849,0,12,79,91,Benign-only
POLR1H,30834,0,1,9,10,Benign-only
POLR2A,5430,38,106,361,506,Multiclass
POLR2B,5431,0,1,46,47,Benign-only
POLR2C,5432,0,1,20,21,Benign-only
POLR2D,5433,0,0,13,13,VUS/Other-only
POLR2E,5434,0,3,26,29,Benign-only
POLR2F,5435,0,3,17,20,Benign-only
POLR2F;SOX10,-1,4,0,4,8,Pathogenic-only
POLR2G,5436,0,0,6,6,VUS/Other-only
POLR2H,5437,0,0,10,10,VUS/Other-only
POLR2I,5438,0,0,11,11,VUS/Other-only
POLR2J,5439,0,1,10,11,Benign-only
POLR2J2,246721,0,0,8,8,VUS/Other-only
POLR2K,5440,0,0,4,4,VUS/Other-only
POLR2L,5441,0,0,10,10,VUS/Other-only
POLR2M,81488,0,9,45,54,Benign-only
POLR3A,11128,129,620,484,1233,Multiclass
POLR3B,55703,68,251,355,674,Multiclass
POLR3B;LOC100287944,-1,1,0,0,1,Pathogenic-only
POLR3C,10623,0,3,64,67,Benign-only
POLR3D,661,0,1,70,71,Benign-only
POLR3E,55718,0,6,108,114,Benign-only
POLR3F,10621,0,69,104,173,Benign-only
POLR3G,10622,0,2,28,30,Benign-only
POLR3GL,84265,2,2,33,37,Multiclass
POLR3H,171568,0,6,35,41,Benign-only
POLR3K,51728,2,4,16,22,Multiclass
POLRMT,5442,12,72,349,433,Multiclass
POM121,9883,0,32,167,199,Benign-only
POM121C,100101267,0,27,173,200,Benign-only
POM121L12,285877,0,4,72,76,Benign-only
POM121L2,94026,0,10,135,145,Benign-only
POMC,5443,15,27,85,127,Multiclass
POMGNT1,55624,232,654,465,1351,Multiclass
POMGNT1;TSPAN1,-1,1,0,1,2,Pathogenic-only
POMGNT2,84892,26,185,267,478,Multiclass
POMK,84197,25,98,148,271,Multiclass
POMP,51371,3,68,73,144,Multiclass
POMT1,10585,194,553,421,1168,Multiclass
POMT2,29954,148,595,488,1231,Multiclass
POMZP3,22932,0,1,27,28,Benign-only
PON1,5444,0,39,25,64,Benign-only
PON2,5445,0,40,51,91,Benign-only
PON3,5446,0,27,49,76,Benign-only
POP1,10940,28,233,219,480,Multiclass
POP4,10775,0,3,41,44,Benign-only
POP5,51367,0,0,16,16,VUS/Other-only
POP7,10248,0,0,22,22,VUS/Other-only
POPDC1,11149,6,33,48,87,Multiclass
POPDC2,64091,0,1,59,60,Benign-only
POPDC3,64208,0,8,30,38,Benign-only
POR,5447,93,509,248,850,Multiclass
POR;LOC126860075,-1,1,0,0,1,Pathogenic-only
PORCN,64840,54,63,71,188,Multiclass
POSTN,10631,0,9,107,116,Benign-only
POT1,25913,214,909,1286,2409,Multiclass
POTEA,340441,0,1,1,2,Benign-only
POTEB,100996331,0,2,0,2,Benign-only
POTEB2,100287399,0,1,0,1,Benign-only
POTED,317754,0,4,42,46,Benign-only
POTEE,445582,0,6,0,6,Benign-only
POTEF,728378,0,5,0,5,Benign-only
POTEG,404785,0,12,76,88,Benign-only
POTEG;POTEM,-1,0,1,0,1,Benign-only
POTEH,23784,0,11,87,98,Benign-only
POTEI,653269,0,3,0,3,Benign-only
POTEJ,653781,0,10,0,10,Benign-only
POTEM,641455,0,13,78,91,Benign-only
POU1F1,5449,28,128,55,211,Multiclass
POU2AF1,5450,0,20,25,45,Benign-only
POU2AF2,341032,0,0,2,2,VUS/Other-only
POU2AF3,120376,0,2,21,23,Benign-only
POU2F1,5451,0,6,63,69,Benign-only
POU2F2,5452,0,2,52,54,Benign-only
POU2F3,25833,0,1,47,48,Benign-only
POU3F1,5453,0,2,46,48,Benign-only
POU3F2,5454,1,12,51,64,Multiclass
POU3F3,5455,47,34,151,232,Multiclass
POU3F4,5456,87,34,65,186,Multiclass
POU4F1,5457,4,28,79,111,Multiclass
POU4F2,5458,0,4,75,79,Benign-only
POU4F3,5459,47,50,138,235,Multiclass
POU4F3;RBM27-POU4F3,-1,2,0,2,4,Pathogenic-only
POU5F1,5460,0,6,17,23,Benign-only
POU5F1B,5462,0,1,57,58,Benign-only
POU5F2,134187,0,4,34,38,Benign-only
POU6F1,5463,0,1,28,29,Benign-only
POU6F2,11281,0,23,113,136,Benign-only
PP2D1,151649,0,1,0,1,Benign-only
PPA1,5464,0,1,35,36,Benign-only
PPA2,27068,15,241,139,395,Multiclass
PPAN,56342,0,2,14,16,Benign-only
PPAN-P2RY11,692312,0,11,6,17,Benign-only
PPAN;PPAN-P2RY11,-1,0,2,0,2,Benign-only
PPARA,5465,0,9,38,47,Benign-only
PPARD,5467,0,1,38,39,Benign-only
PPARG,5468,31,60,103,194,Multiclass
PPARGC1A,10891,0,18,103,121,Benign-only
PPARGC1B,133522,0,52,184,236,Benign-only
PPAT,5471,0,2,26,28,Benign-only
PPBP,5473,0,0,14,14,VUS/Other-only
PPCDC,60490,0,6,36,42,Benign-only
PPCS,79717,3,140,127,270,Multiclass
PPDPF,79144,0,0,32,32,VUS/Other-only
PPEF1,5475,0,10,25,35,Benign-only
PPEF2,5470,0,7,113,120,Benign-only
PPFIA1,8500,0,21,179,200,Benign-only
PPFIA2,8499,0,8,110,118,Benign-only
PPFIA3,8541,14,19,158,191,Multiclass
PPFIA4,8497,0,5,70,75,Benign-only
PPFIBP1,8496,14,17,141,172,Multiclass
PPFIBP2,8495,0,9,154,163,Benign-only
PPHLN1,51535,0,1,43,44,Benign-only
PPIA,5478,0,0,4,4,VUS/Other-only
PPIAL4A,653505,0,0,11,11,VUS/Other-only
PPIAL4C,653598,0,0,2,2,VUS/Other-only
PPIAL4D,645142,0,0,4,4,VUS/Other-only
PPIAL4E,730262,0,3,33,36,Benign-only
PPIAL4G,644591,0,4,31,35,Benign-only
PPIB,5479,20,78,81,179,Multiclass
PPIB;SNX22,-1,0,1,2,3,Benign-only
PPIC,5480,0,2,29,31,Benign-only
PPID,5481,0,6,53,59,Benign-only
PPIE,10450,0,0,30,30,VUS/Other-only
PPIF,10105,0,2,33,35,Benign-only
PPIG,9360,0,8,67,75,Benign-only
PPIH,10465,0,0,7,7,VUS/Other-only
PPIL1,51645,3,4,26,33,Multiclass
PPIL2,23759,0,4,93,97,Benign-only
PPIL3,53938,0,1,16,17,Benign-only
PPIL4,85313,0,2,50,52,Benign-only
PPIL6,285755,0,4,55,59,Benign-only
PPIP5K1,9677,0,3,60,63,Benign-only
PPIP5K2,23262,0,36,99,135,Benign-only
PPL,5493,0,63,413,476,Benign-only
PPM1A,5494,0,0,36,36,VUS/Other-only
PPM1B,5495,0,10,53,63,Benign-only
PPM1D,8493,66,140,152,358,Multiclass
PPM1E,22843,0,3,79,82,Benign-only
PPM1F,9647,0,49,87,136,Benign-only
PPM1G,5496,0,0,33,33,VUS/Other-only
PPM1H,57460,0,1,61,62,Benign-only
PPM1J,333926,0,2,92,94,Benign-only
PPM1K,152926,1,48,88,137,Multiclass
PPM1L,151742,0,0,37,37,VUS/Other-only
PPM1M,132160,0,2,65,67,Benign-only
PPM1N,147699,0,4,73,77,Benign-only
PPM1N;RTN2,-1,0,0,1,1,VUS/Other-only
PPME1,51400,0,2,27,29,Benign-only
PPOX,5498,55,71,152,278,Multiclass
PPP1CA,5499,0,1,24,25,Benign-only
PPP1CB,5500,14,247,97,358,Multiclass
PPP1CC,5501,0,0,12,12,VUS/Other-only
PPP1R10,5514,0,14,98,112,Benign-only
PPP1R11,6992,0,2,10,12,Benign-only
PPP1R12A,4659,30,81,149,260,Multiclass
PPP1R12B,4660,0,8,119,127,Benign-only
PPP1R12C,54776,0,16,117,133,Benign-only
PPP1R13B,23368,0,16,158,174,Benign-only
PPP1R13L,10848,12,44,141,197,Multiclass
PPP1R14A,94274,0,1,34,35,Benign-only
PPP1R14B,26472,0,0,18,18,VUS/Other-only
PPP1R14C,81706,0,0,25,25,VUS/Other-only
PPP1R14D,54866,0,6,27,33,Benign-only
PPP1R15A,23645,0,18,97,115,Benign-only
PPP1R15B,84919,0,61,164,225,Benign-only
PPP1R16A,84988,0,8,99,107,Benign-only
PPP1R16B,26051,0,3,54,57,Benign-only
PPP1R17,10842,0,2,20,22,Benign-only
PPP1R18,170954,0,9,83,92,Benign-only
PPP1R1A,5502,0,2,21,23,Benign-only
PPP1R1B,84152,0,2,16,18,Benign-only
PPP1R1C,151242,0,0,11,11,VUS/Other-only
PPP1R2,5504,0,4,19,23,Benign-only
PPP1R21,129285,13,28,153,194,Multiclass
PPP1R26,9858,0,31,217,248,Benign-only
PPP1R27,116729,0,2,24,26,Benign-only
PPP1R2C,80316,0,2,0,2,Benign-only
PPP1R35,221908,1,2,48,51,Multiclass
PPP1R36,145376,0,6,63,69,Benign-only
PPP1R37,284352,0,6,134,140,Benign-only
PPP1R3A,5506,0,35,168,203,Benign-only
PPP1R3B,79660,0,2,48,50,Benign-only
PPP1R3C,5507,0,1,50,51,Benign-only
PPP1R3D,5509,0,3,64,67,Benign-only
PPP1R3F,89801,1,28,137,166,Multiclass
PPP1R3G,648791,0,1,87,88,Benign-only
PPP1R42,286187,0,1,16,17,Benign-only
PPP1R7,5510,0,2,40,42,Benign-only
PPP1R8,5511,0,0,19,19,VUS/Other-only
PPP1R9A,55607,0,13,169,182,Benign-only
PPP1R9B,84687,0,17,13,30,Benign-only
PPP2CA,5515,39,128,82,249,Multiclass
PPP2CB,5516,0,1,29,30,Benign-only
PPP2R1A,5518,21,359,205,585,Multiclass
PPP2R1B,5519,0,4,84,88,Benign-only
PPP2R2A,5520,0,16,27,43,Benign-only
PPP2R2B,5521,0,16,59,75,Benign-only
PPP2R2C,5522,0,2,38,40,Benign-only
PPP2R3A,5523,0,8,160,168,Benign-only
PPP2R3B,28227,0,4,0,4,Benign-only
PPP2R3C,55012,4,2,56,62,Multiclass
PPP2R5A,5525,0,0,38,38,VUS/Other-only
PPP2R5B,5526,0,32,69,101,Benign-only
PPP2R5C,5527,3,50,73,126,Multiclass
PPP2R5D,5528,23,303,288,614,Multiclass
PPP2R5E,5529,0,4,13,17,Benign-only
PPP3CA,5530,47,294,237,578,Multiclass
PPP3CB,5532,0,0,23,23,VUS/Other-only
PPP3CC,5533,0,4,60,64,Benign-only
PPP3R1,5534,0,2,3,5,Benign-only
PPP3R2,5535,0,1,34,35,Benign-only
PPP4C,5531,0,0,6,6,VUS/Other-only
PPP4R1,9989,0,2,123,125,Benign-only
PPP4R2,151987,0,3,45,48,Benign-only
PPP4R3A,55671,0,1,0,1,Benign-only
PPP4R3B,57223,0,0,89,89,VUS/Other-only
PPP4R3C,139420,0,4,0,4,Benign-only
PPP4R4,57718,0,2,98,100,Benign-only
PPP5C,5536,0,1,44,45,Benign-only
PPP5D1,100506012,0,0,9,9,VUS/Other-only
PPP6C,5537,0,2,18,20,Benign-only
PPP6R1,22870,0,9,153,162,Benign-only
PPP6R2,9701,0,19,154,173,Benign-only
PPP6R3,55291,0,2,95,97,Benign-only
PPRC1,23082,0,26,265,291,Benign-only
PPT1,5538,140,335,202,677,Multiclass
PPT2,9374,0,2,30,32,Benign-only
PPTC7,160760,2,0,22,24,Pathogenic-only
PPWD1,23398,0,1,78,79,Benign-only
PPY,5539,0,1,10,11,Benign-only
PQBP1,10084,33,53,96,182,Multiclass
PQBP1;SLC35A2,-1,0,0,2,2,VUS/Other-only
PQBP1;TIMM17B,-1,0,1,0,1,Benign-only
PRAC1,84366,0,1,8,9,Benign-only
PRAC2,360205,0,1,0,1,Benign-only
PRADC1,84279,0,2,27,29,Benign-only
PRAF2,11230,0,0,22,22,VUS/Other-only
PRAG1,157285,0,35,373,408,Benign-only
PRAM1,84106,0,22,118,140,Benign-only
PRAME,23532,0,12,86,98,Benign-only
PRAMEF1,65121,0,16,89,105,Benign-only
PRAMEF10,343071,0,4,0,4,Benign-only
PRAMEF11,440560,0,21,91,112,Benign-only
PRAMEF12,390999,0,7,76,83,Benign-only
PRAMEF13;PRAMEF14,-1,0,0,2,2,VUS/Other-only
PRAMEF14,729528,0,2,0,2,Benign-only
PRAMEF15,653619,0,2,3,5,Benign-only
PRAMEF17,391004,0,10,46,56,Benign-only
PRAMEF18,391003,0,9,69,78,Benign-only
PRAMEF19,645414,0,0,26,26,VUS/Other-only
PRAMEF2,65122,0,31,102,133,Benign-only
PRAMEF20,645425,0,3,14,17,Benign-only
PRAMEF33,645382,0,4,0,4,Benign-only
PRAMEF4,400735,0,14,106,120,Benign-only
PRAMEF5,343068,0,12,31,43,Benign-only
PRAMEF6,440561,0,9,27,36,Benign-only
PRAMEF7,441871,0,4,38,42,Benign-only
PRAP1,118471,0,0,24,24,VUS/Other-only
PRB1,5542,0,5,74,79,Benign-only
PRB2,653247,0,13,132,145,Benign-only
PRB3,5544,0,15,37,52,Benign-only
PRB4,5545,0,14,46,60,Benign-only
PRC1,9055,0,4,88,92,Benign-only
PRCC,5546,0,2,60,62,Benign-only
PRCD,768206,12,53,75,140,Multiclass
PRCP,5547,0,3,72,75,Benign-only
PRDM1,639,0,11,74,85,Benign-only
PRDM10,56980,0,10,115,125,Benign-only
PRDM12,59335,14,162,156,332,Multiclass
PRDM13,59336,2,213,386,601,Multiclass
PRDM13;LOC111365204,-1,1,0,1,2,Pathogenic-only
PRDM14,63978,0,3,49,52,Benign-only
PRDM15,63977,1,20,229,250,Multiclass
PRDM16,63976,16,705,759,1480,Multiclass
PRDM2,7799,0,18,233,251,Benign-only
PRDM4,11108,0,5,94,99,Benign-only
PRDM5,11107,58,469,284,811,Multiclass
PRDM6,93166,0,14,119,133,Benign-only
PRDM7,11105,0,9,69,78,Benign-only
PRDM8,56978,0,200,308,508,Benign-only
PRDM8-AS1,105377303,0,1,0,1,Benign-only
PRDM9,56979,3,28,136,167,Multiclass
PRDX1,5052,0,34,34,68,Benign-only
PRDX1;MMACHC,-1,1,0,0,1,Pathogenic-only
PRDX2,7001,0,1,19,20,Benign-only
PRDX3,10935,4,4,43,51,Multiclass
PRDX4,10549,0,1,23,24,Benign-only
PRDX5,25824,0,3,18,21,Benign-only
PRDX6,9588,0,1,24,25,Benign-only
PREB,10113,0,3,46,49,Benign-only
PRELID1,27166,0,1,20,21,Benign-only
PRELID2,153768,0,1,26,27,Benign-only
PRELID3A,10650,0,1,18,19,Benign-only
PRELID3B,51012,0,0,26,26,VUS/Other-only
PRELP,5549,0,5,52,57,Benign-only
PREP,5550,2,3,79,84,Multiclass
PREPL,9581,58,345,370,773,Multiclass
PREPL;SLC3A1,-1,3,1,1,5,Multiclass
PREX1,57580,0,22,184,206,Benign-only
PREX2,80243,1,18,152,171,Multiclass
PRF1,5551,146,272,285,703,Multiclass
PRG2,5553,0,4,32,36,Benign-only
PRG3,10394,0,4,26,30,Benign-only
PRG4,10216,36,51,215,302,Multiclass
PRG4;TPR,-1,0,1,0,1,Benign-only
PRH1,5554,0,5,11,16,Benign-only
PRH2,5555,0,0,18,18,VUS/Other-only
PRICKLE1,144165,2,242,360,604,Multiclass
PRICKLE2,166336,5,210,425,640,Multiclass
PRICKLE3,4007,0,3,90,93,Benign-only
PRICKLE4,29964,0,3,57,60,Benign-only
PRIM1,5557,2,7,40,49,Multiclass
PRIMA1,145270,2,84,74,160,Multiclass
PRIMPOL,201973,0,10,87,97,Benign-only
PRKAA1,5562,0,3,33,36,Benign-only
PRKAA2,5563,0,5,53,58,Benign-only
PRKAB1,5564,0,1,32,33,Benign-only
PRKAB2,5565,0,0,20,20,VUS/Other-only
PRKACA,5566,1,14,42,57,Multiclass
PRKACB,5567,2,7,37,46,Multiclass
PRKACG,5568,0,12,60,72,Benign-only
PRKAG1,5571,0,0,31,31,VUS/Other-only
PRKAG2,51422,21,654,663,1338,Multiclass
PRKAG3,53632,0,8,82,90,Benign-only
PRKAR1A,5573,110,582,574,1266,Multiclass
PRKAR1A;FAM20A,-1,0,1,0,1,Benign-only
PRKAR1B,5575,4,41,100,145,Multiclass
PRKAR2A,5576,0,3,52,55,Benign-only
PRKAR2B,5577,0,5,36,41,Benign-only
PRKCA,5578,0,17,34,51,Benign-only
PRKCB,5579,0,10,43,53,Benign-only
PRKCD,5580,15,352,233,600,Multiclass
PRKCE,5581,2,8,49,59,Multiclass
PRKCG,5582,33,104,193,330,Multiclass
PRKCH,5583,0,3,74,77,Benign-only
PRKCI,5584,0,0,43,43,VUS/Other-only
PRKCQ,5588,0,5,74,79,Benign-only
PRKCSH,5589,32,205,214,451,Multiclass
PRKCZ,5590,0,11,5,16,Benign-only
PRKD1,5587,8,52,187,247,Multiclass
PRKD2,25865,0,8,83,91,Benign-only
PRKD3,23683,0,2,87,89,Benign-only
PRKDC,5591,2,2287,2660,4949,Multiclass
PRKG1,5592,1,547,393,941,Multiclass
PRKG2,5593,6,22,55,83,Multiclass
PRKN,5071,82,197,227,506,Multiclass
PRKRA,8575,2,93,85,180,Multiclass
PRKRIP1,79706,0,1,23,24,Benign-only
PRKX,5613,0,9,32,41,Benign-only
PRL,5617,0,8,26,34,Benign-only
PRLH,51052,0,1,17,18,Benign-only
PRLHR,2834,0,2,61,63,Benign-only
PRLR,5618,1,10,64,75,Multiclass
PRM1,5619,0,2,15,17,Benign-only
PRM2,5620,0,11,27,38,Benign-only
PRM3,58531,0,5,23,28,Benign-only
PRMT1,3276,0,3,22,25,Benign-only
PRMT2,3275,0,10,49,59,Benign-only
PRMT2IP,56905,0,2,0,2,Benign-only
PRMT3,10196,0,2,62,64,Benign-only
PRMT5,10419,0,7,42,49,Benign-only
PRMT6,55170,0,1,70,71,Benign-only
PRMT7,54496,41,129,157,327,Multiclass
PRMT8,56341,0,4,27,31,Benign-only
PRMT9,90826,18,5,113,136,Multiclass
PRND,23627,0,4,21,25,Benign-only
PRNP,5621,21,68,91,180,Multiclass
PROB1,389333,0,19,173,192,Benign-only
PROC,5624,98,132,186,416,Multiclass
PROCA1,147011,0,14,52,66,Benign-only
PROCR,10544,0,5,22,27,Benign-only
PRODH,5625,21,228,190,439,Multiclass
PRODH2,58510,0,10,91,101,Benign-only
PROK1,84432,0,1,18,19,Benign-only
PROK2,60675,7,24,33,64,Multiclass
PROKR1,10887,0,4,63,67,Benign-only
PROKR2,128674,12,70,143,225,Multiclass
PROM1,8842,137,342,559,1038,Multiclass
PROM2,150696,0,10,144,154,Benign-only
PROP1,5626,60,151,65,276,Multiclass
PRORP,9692,2,10,68,80,Multiclass
PROS1,5627,134,188,273,595,Multiclass
PROSER1,80209,0,10,129,139,Benign-only
PROSER2,254427,0,20,128,148,Benign-only
PROSER3,148137,0,14,57,71,Benign-only
PROX1,5629,0,3,62,65,Benign-only
PROX2,283571,0,5,59,64,Benign-only
PROZ,8858,0,12,72,84,Benign-only
PRP4K,8899,0,8,38,46,Benign-only
PRPF18,8559,0,0,24,24,VUS/Other-only
PRPF19,27339,1,0,43,44,Pathogenic-only
PRPF3,9129,11,208,191,410,Multiclass
PRPF31,26121,229,233,239,701,Multiclass
PRPF31;PRPF31-AS1,-1,6,0,1,7,Pathogenic-only
PRPF31;PRPF31-AS1;TFPT,-1,1,0,0,1,Pathogenic-only
PRPF31;TFPT,-1,0,0,1,1,VUS/Other-only
PRPF38A,84950,0,1,36,37,Benign-only
PRPF38B,55119,0,1,60,61,Benign-only
PRPF39,55015,0,1,55,56,Benign-only
PRPF4,9128,1,169,197,367,Multiclass
PRPF40A,55660,0,2,63,65,Benign-only
PRPF40B,25766,0,1,154,155,Benign-only
PRPF6,24148,1,384,305,690,Multiclass
PRPF8,10594,72,881,647,1600,Multiclass
PRPH,5630,4,20,82,106,Multiclass
PRPH2,5961,301,140,240,681,Multiclass
PRPH2;UBR2,-1,1,0,0,1,Pathogenic-only
PRPS1,5631,28,182,119,329,Multiclass
PRPS1L1,221823,0,0,53,53,VUS/Other-only
PRPS2,5634,0,1,9,10,Benign-only
PRPSAP1,5635,0,4,37,41,Benign-only
PRPSAP2,5636,0,1,26,27,Benign-only
PRR11,55771,0,5,40,45,Benign-only
PRR12,57479,69,201,424,694,Multiclass
PRR13,54458,0,0,17,17,VUS/Other-only
PRR14,78994,0,4,83,87,Benign-only
PRR14L,253143,0,32,272,304,Benign-only
PRR15,222171,0,1,25,26,Benign-only
PRR15L,79170,0,1,24,25,Benign-only
PRR16,51334,0,0,45,45,VUS/Other-only
PRR18,285800,0,4,83,87,Benign-only
PRR19,284338,0,5,57,62,Benign-only
PRR20B,729233,0,0,2,2,VUS/Other-only
PRR21,643905,0,13,0,13,Benign-only
PRR22,163154,0,7,92,99,Benign-only
PRR23A,729627,0,4,46,50,Benign-only
PRR23B,389151,0,7,59,66,Benign-only
PRR23C,389152,0,8,47,55,Benign-only
PRR23D1,100131608,0,1,0,1,Benign-only
PRR23E,285311,0,2,0,2,Benign-only
PRR25,388199,0,14,68,82,Benign-only
PRR27,401137,0,8,39,47,Benign-only
PRR29,92340,0,7,51,58,Benign-only
PRR3,80742,0,5,26,31,Benign-only
PRR30,339779,0,11,70,81,Benign-only
PRR32,100130613,0,6,31,37,Benign-only
PRR33,102724536,0,2,0,2,Benign-only
PRR35,146325,0,14,102,116,Benign-only
PRR36,80164,0,11,110,121,Benign-only
PRR4,11272,0,2,18,20,Benign-only
PRR5,55615,0,4,68,72,Benign-only
PRR5-ARHGAP8,553158,0,3,15,18,Benign-only
PRR5L,79899,0,8,56,64,Benign-only
PRR7,80758,0,0,38,38,VUS/Other-only
PRR9,574414,0,2,14,16,Benign-only
PRRC1,133619,0,5,76,81,Benign-only
PRRC2A,7916,0,22,369,391,Benign-only
PRRC2B,84726,0,37,367,404,Benign-only
PRRC2C,23215,0,21,307,328,Benign-only
PRRG1,5638,0,2,20,22,Benign-only
PRRG2,5639,0,3,28,31,Benign-only
PRRG3,79057,0,2,43,45,Benign-only
PRRG4,79056,0,2,20,22,Benign-only
PRRT1,80863,0,2,22,24,Benign-only
PRRT2,112476,155,203,320,678,Multiclass
PRRT3,285368,0,6,154,160,Benign-only
PRRT4,401399,0,9,159,168,Benign-only
PRRX1,5396,1,8,27,36,Multiclass
PRRX2,51450,0,0,52,52,VUS/Other-only
PRSS1,5644,15,285,568,868,Multiclass
PRSS12,8492,4,43,244,291,Multiclass
PRSS16,10279,0,2,72,74,Benign-only
PRSS1;TRB,-1,1,3,1,5,Multiclass
PRSS21,10942,0,6,54,60,Benign-only
PRSS22,64063,0,3,46,49,Benign-only
PRSS23,11098,0,2,62,64,Benign-only
PRSS27,83886,0,7,42,49,Benign-only
PRSS3,5646,0,16,1,17,Benign-only
PRSS33,260429,0,2,50,52,Benign-only
PRSS35,167681,0,7,48,55,Benign-only
PRSS36,146547,0,9,129,138,Benign-only
PRSS37,136242,0,0,26,26,VUS/Other-only
PRSS38,339501,0,13,65,78,Benign-only
PRSS41,360226,0,0,3,3,VUS/Other-only
PRSS48,345062,0,7,49,56,Benign-only
PRSS50,29122,0,7,63,70,Benign-only
PRSS53,339105,0,8,95,103,Benign-only
PRSS54,221191,0,9,52,61,Benign-only
PRSS55,203074,0,12,77,89,Benign-only
PRSS56,646960,18,84,137,239,Multiclass
PRSS57,400668,0,8,71,79,Benign-only
PRSS58,136541,0,2,40,42,Benign-only
PRSS8,5652,0,6,31,37,Benign-only
PRTFDC1,56952,0,2,38,40,Benign-only
PRTG,283659,0,9,138,147,Benign-only
PRTN3,5657,0,8,38,46,Benign-only
PRUNE1,58497,20,70,42,132,Multiclass
PRUNE2,158471,0,75,425,500,Benign-only
PRX,57716,84,480,840,1404,Multiclass
PRX;PLD3,-1,2,1,0,3,Multiclass
PRXL2A,84293,0,1,36,37,Benign-only
PRXL2B,127281,0,9,41,50,Benign-only
PRXL2C,195827,0,0,42,42,VUS/Other-only
PRY2;RBMY1F;TTTY5;TTTY6B,-1,0,0,1,1,VUS/Other-only
PSAP,5660,88,533,261,882,Multiclass
PSAPL1,768239,0,11,122,133,Benign-only
PSAT1,29968,34,186,141,361,Multiclass
PSCA,8000,0,2,22,24,Benign-only
PSD,5662,0,20,121,141,Benign-only
PSD2,84249,0,7,123,130,Benign-only
PSD3,23362,0,17,92,109,Benign-only
PSD4,23550,0,10,123,133,Benign-only
PSEN1,5663,130,128,208,466,Multiclass
PSEN2,5664,8,150,163,321,Multiclass
PSENEN,55851,1,29,30,60,Multiclass
PSG1,5669,0,10,146,156,Benign-only
PSG11,5680,0,7,84,91,Benign-only
PSG2,5670,0,9,89,98,Benign-only
PSG3,5671,0,14,123,137,Benign-only
PSG4,5672,0,13,111,124,Benign-only
PSG5,5673,0,9,90,99,Benign-only
PSG6,5675,0,19,102,121,Benign-only
PSG7,5676,0,19,140,159,Benign-only
PSG8,440533,0,23,126,149,Benign-only
PSG9,5678,0,12,130,142,Benign-only
PSIP1,11168,0,6,60,66,Benign-only
PSKH1,5681,2,2,54,58,Multiclass
PSKH2,85481,0,1,59,60,Benign-only
PSMA1,5682,0,2,13,15,Benign-only
PSMA2,5683,0,1,6,7,Benign-only
PSMA3,5684,0,139,102,241,Benign-only
PSMA4,5685,0,2,11,13,Benign-only
PSMA5,5686,0,0,9,9,VUS/Other-only
PSMA6,5687,0,0,17,17,VUS/Other-only
PSMA7,5688,0,2,19,21,Benign-only
PSMA8,143471,0,1,37,38,Benign-only
PSMB1,5689,0,2,23,25,Benign-only
PSMB10,5699,2,13,37,52,Multiclass
PSMB11,122706,0,10,59,69,Benign-only
PSMB2,5690,0,0,24,24,VUS/Other-only
PSMB3,5691,0,2,19,21,Benign-only
PSMB4,5692,0,118,154,272,Benign-only
PSMB5,5693,0,1,38,39,Benign-only
PSMB6,5694,0,3,31,34,Benign-only
PSMB7,5695,0,0,19,19,VUS/Other-only
PSMB8,5696,17,105,120,242,Multiclass
PSMB9,5698,1,17,33,51,Multiclass
PSMC1,5700,1,4,10,15,Multiclass
PSMC2,5701,0,2,18,20,Benign-only
PSMC3,5702,5,11,36,52,Multiclass
PSMC3IP,29893,3,24,37,64,Multiclass
PSMC4,5704,0,2,20,22,Benign-only
PSMC5,5705,3,4,38,45,Multiclass
PSMC6,5706,0,1,10,11,Benign-only
PSMD1,5707,0,5,52,57,Benign-only
PSMD10,5716,0,3,12,15,Benign-only
PSMD11,5717,2,1,43,46,Multiclass
PSMD12,5718,28,13,102,143,Multiclass
PSMD13,5719,0,2,46,48,Benign-only
PSMD13;SIRT3;LOC130005040,-1,0,1,0,1,Benign-only
PSMD14,10213,0,2,10,12,Benign-only
PSMD2,5708,0,1,78,79,Benign-only
PSMD3,5709,0,5,48,53,Benign-only
PSMD4,5710,0,2,29,31,Benign-only
PSMD5,5711,0,2,68,70,Benign-only
PSMD6,9861,0,1,45,46,Benign-only
PSMD7,5713,0,2,30,32,Benign-only
PSMD8,5714,0,5,40,45,Benign-only
PSMD9,5715,0,6,37,43,Benign-only
PSME1,5720,0,1,28,29,Benign-only
PSME2,5721,0,3,25,28,Benign-only
PSME3,10197,0,2,14,16,Benign-only
PSME3IP1,80011,0,0,32,32,VUS/Other-only
PSME4,23198,0,6,197,203,Benign-only
PSMF1,9491,1,6,46,53,Multiclass
PSMG1,8624,0,4,36,40,Benign-only
PSMG2,56984,0,87,150,237,Benign-only
PSMG3,84262,0,2,15,17,Benign-only
PSMG4,389362,0,2,22,24,Benign-only
PSORS1C1,170679,0,7,17,24,Benign-only
PSORS1C2,170680,0,1,16,17,Benign-only
PSPC1,55269,0,0,60,60,VUS/Other-only
PSPH,5723,3,72,98,173,Multiclass
PSPN,5623,0,4,36,40,Benign-only
PSRC1,84722,0,8,48,56,Benign-only
PSTK,118672,0,0,42,42,VUS/Other-only
PSTPIP1,9051,3,391,373,767,Multiclass
PSTPIP2,9050,0,3,24,27,Benign-only
PTAFR,5724,0,3,41,44,Benign-only
PTAR1,375743,0,1,53,54,Benign-only
PTBP1,5725,8,24,65,97,Multiclass
PTBP2,58155,2,4,37,43,Multiclass
PTBP3,9991,0,0,62,62,VUS/Other-only
PTCD1,26024,0,10,3,13,Benign-only
PTCD2,79810,0,4,54,58,Benign-only
PTCD3,55037,9,9,110,128,Multiclass
PTCH1,5727,736,2249,2693,5678,Multiclass
PTCH1;LOC100507346,-1,0,0,1,1,VUS/Other-only
PTCH2,8643,2,449,651,1102,Multiclass
PTCHD1,139411,26,69,203,298,Multiclass
PTCHD3,374308,0,23,115,138,Benign-only
PTCHD4,442213,0,3,128,131,Benign-only
PTCRA,171558,1,6,41,48,Multiclass
PTCSC2,101928337,0,0,0,1,VUS/Other-only
PTDSS1,9791,5,142,103,250,Multiclass
PTDSS2,81490,0,2,54,56,Benign-only
PTEN,5728,1306,822,1472,3600,Multiclass
PTER,9317,0,6,62,68,Benign-only
PTF1A,256297,4,64,84,152,Multiclass
PTGDR,5729,0,7,53,60,Benign-only
PTGDR2,11251,0,4,59,63,Benign-only
PTGDS,5730,0,7,19,26,Benign-only
PTGER1,5731,0,5,72,77,Benign-only
PTGER2,5732,1,4,50,55,Multiclass
PTGER3,5733,0,5,36,41,Benign-only
PTGER4,5734,0,4,42,46,Benign-only
PTGES,9536,0,6,16,22,Benign-only
PTGES2,80142,0,6,64,70,Benign-only
PTGES3,10728,0,1,6,7,Benign-only
PTGES3L,100885848,0,1,0,1,Benign-only
PTGES3L-AARSD1,100885850,0,1,0,1,Benign-only
PTGES3L-AARSD1;AARSD1,-1,0,0,1,1,VUS/Other-only
PTGFR,5737,0,5,39,44,Benign-only
PTGFRN,5738,0,13,129,142,Benign-only
PTGIR,5739,0,9,62,71,Benign-only
PTGIS,5740,1,7,89,97,Multiclass
PTGR1,22949,0,6,43,49,Benign-only
PTGR2,145482,0,2,46,48,Benign-only
PTGR3,284273,0,5,75,80,Benign-only
PTGS1,5742,0,18,74,92,Benign-only
PTGS2,5743,0,12,43,55,Benign-only
PTH,5741,6,15,27,48,Multiclass
PTH1R,5745,24,141,246,411,Multiclass
PTH2,113091,0,0,23,23,VUS/Other-only
PTH2R,5746,0,11,99,110,Benign-only
PTHLH,5744,18,31,68,117,Multiclass
PTK2,5747,0,22,92,114,Benign-only
PTK2B,2185,0,12,125,137,Benign-only
PTK6,5753,0,4,79,83,Benign-only
PTK7,5754,0,20,109,129,Benign-only
PTMA,5757,0,0,12,12,VUS/Other-only
PTMS,5763,0,1,6,7,Benign-only
PTN,5764,0,1,10,11,Benign-only
PTOV1,53635,0,1,93,94,Benign-only
PTP4A1,7803,0,2,7,9,Benign-only
PTP4A2,8073,0,0,11,11,VUS/Other-only
PTP4A3,11156,0,3,33,36,Benign-only
PTPA,5524,0,11,4,15,Benign-only
PTPDC1,138639,0,8,86,94,Benign-only
PTPMT1,114971,0,9,27,36,Benign-only
PTPN1,5770,3,8,28,39,Multiclass
PTPN11,5781,183,526,529,1238,Multiclass
PTPN12,5782,0,7,79,86,Benign-only
PTPN13,5783,0,31,340,371,Benign-only
PTPN14,5784,1,86,150,237,Multiclass
PTPN18,26469,0,1,92,93,Benign-only
PTPN2,5771,0,9,38,47,Benign-only
PTPN20,26095,0,0,1,1,VUS/Other-only
PTPN21,11099,0,13,176,189,Benign-only
PTPN22,26191,0,24,90,114,Benign-only
PTPN23,25930,47,754,736,1537,Multiclass
PTPN3,5774,0,7,138,145,Benign-only
PTPN4,5775,12,18,113,143,Multiclass
PTPN5,84867,0,5,81,86,Benign-only
PTPN6,5777,0,20,61,81,Benign-only
PTPN7,5778,0,4,63,67,Benign-only
PTPN9,5780,0,4,66,70,Benign-only
PTPRA,5786,0,3,83,86,Benign-only
PTPRA;VPS16,-1,0,1,0,1,Benign-only
PTPRB,5787,0,21,255,276,Benign-only
PTPRB;PTPRB-AS1,-1,0,0,2,2,VUS/Other-only
PTPRC,5788,36,808,394,1238,Multiclass
PTPRCAP,5790,0,3,33,36,Benign-only
PTPRD,5789,0,41,219,260,Benign-only
PTPRE,5791,0,5,92,97,Benign-only
PTPRF,5792,1,46,257,304,Multiclass
PTPRG,5793,0,30,226,256,Benign-only
PTPRH,5794,0,30,201,231,Benign-only
PTPRJ,5795,0,28,161,189,Benign-only
PTPRK,5796,0,5,148,153,Benign-only
PTPRM,5797,0,8,158,166,Benign-only
PTPRN,5798,0,15,145,160,Benign-only
PTPRN2,5799,0,64,183,247,Benign-only
PTPRO,5800,8,232,259,499,Multiclass
PTPRQ,374462,55,263,231,549,Multiclass
PTPRR,5801,0,4,96,100,Benign-only
PTPRS,5802,0,41,306,347,Benign-only
PTPRT,11122,6,39,161,206,Multiclass
PTPRU,10076,0,7,218,225,Benign-only
PTPRZ1,5803,0,24,277,301,Benign-only
PTRH1,138428,0,4,49,53,Benign-only
PTRH2,51651,8,16,24,48,Multiclass
PTRHD1,391356,2,3,30,35,Multiclass
PTS,5805,98,161,59,318,Multiclass
PTS;TEX12,-1,1,0,0,1,Pathogenic-only
PTTG1,9232,0,2,21,23,Benign-only
PTTG1IP,754,0,2,24,26,Benign-only
PTTG1IP2,102723899,0,1,0,1,Benign-only
PTTG2,10744,0,3,38,41,Benign-only
PTX3,5806,0,7,56,63,Benign-only
PTX4,390667,0,15,107,122,Benign-only
PUDP,8226,1,7,38,46,Multiclass
PUF60,22827,101,46,107,254,Multiclass
PUM1,9698,25,65,246,336,Multiclass
PUM2,23369,0,3,106,109,Benign-only
PUM3,9933,0,6,125,131,Benign-only
PURA,5813,205,200,187,592,Multiclass
PURB,5814,0,0,32,32,VUS/Other-only
PURG,29942,0,2,39,41,Benign-only
PUS1,80324,76,408,160,644,Multiclass
PUS10,150962,0,3,64,67,Benign-only
PUS3,83480,13,51,97,161,Multiclass
PUS7,54517,31,19,94,144,Multiclass
PUS7L,83448,0,3,84,87,Benign-only
PUSL1,126789,0,6,75,81,Benign-only
PVALB,5816,0,3,12,15,Benign-only
PVALEF,388428,0,1,0,1,Benign-only
PVR,5817,0,6,62,68,Benign-only
PVRIG,79037,0,15,54,69,Benign-only
PWP1,11137,0,0,52,52,VUS/Other-only
PWP2,5822,0,9,161,170,Benign-only
PWRN1;PWRN3,-1,0,1,0,1,Benign-only
PWRN2,791115,0,1,0,1,Benign-only
PWWP2A,114825,0,7,90,97,Benign-only
PWWP2B,170394,0,9,124,133,Benign-only
PWWP3A,84939,0,19,135,154,Benign-only
PWWP3B,139221,0,8,78,86,Benign-only
PXDC1,221749,0,0,29,29,VUS/Other-only
PXDN,7837,22,299,242,563,Multiclass
PXDNL,137902,0,43,248,291,Benign-only
PXK,54899,0,6,67,73,Benign-only
PXMP2,5827,0,4,33,37,Benign-only
PXMP4,11264,0,2,32,34,Benign-only
PXN,5829,0,11,97,108,Benign-only
PXT1,222659,0,1,20,21,Benign-only
PXYLP1,92370,0,3,66,69,Benign-only
PYCARD,29108,0,2,13,15,Benign-only
PYCR1,5831,40,170,134,344,Multiclass
PYCR2,29920,31,60,69,160,Multiclass
PYCR3,65263,0,3,65,68,Benign-only
PYDC1,260434,0,1,13,14,Benign-only
PYDC2,152138,0,0,10,10,VUS/Other-only
PYGB,5834,0,10,149,159,Benign-only
PYGL,5836,71,147,182,400,Multiclass
PYGM,5837,282,715,394,1391,Multiclass
PYGO1,26108,0,0,49,49,VUS/Other-only
PYGO2,90780,0,0,68,68,VUS/Other-only
PYHIN1,149628,0,10,61,71,Benign-only
PYM1,84305,0,0,9,9,VUS/Other-only
PYROXD1,79912,26,232,167,425,Multiclass
PYROXD2,84795,0,6,110,116,Benign-only
PYURF,100996939,0,1,0,1,Benign-only
PYURF;PIGY,-1,0,1,0,1,Benign-only
PYY,5697,0,10,27,37,Benign-only
PZP,5858,0,31,172,203,Benign-only
QARS1,5859,69,502,445,1016,Multiclass
QDPR,5860,52,223,116,391,Multiclass
QKI,9444,0,2,18,20,Benign-only
QNG1,84267,0,4,1,5,Benign-only
QPCT,25797,0,3,68,71,Benign-only
QPCTL,54814,0,4,74,78,Benign-only
QPRT,23475,0,3,40,43,Benign-only
QRFP,347148,0,8,36,44,Benign-only
QRFPR,84109,0,0,58,58,VUS/Other-only
QRICH1,54870,70,15,140,225,Multiclass
QRICH1;IMPDH2,-1,1,0,0,1,Pathogenic-only
QRICH2,84074,8,59,232,299,Multiclass
QRSL1,55278,11,81,79,171,Multiclass
QSER1,79832,0,17,208,225,Benign-only
QSOX1,5768,0,17,139,156,Benign-only
QSOX2,169714,0,12,117,129,Benign-only
QTGAL,146712,0,0,8,8,VUS/Other-only
QTMAN,79712,0,2,1,3,Benign-only
QTRT1,81890,0,6,73,79,Benign-only
QTRT2,79691,0,1,4,5,Benign-only
R3HCC1,203069,0,5,50,55,Benign-only
R3HCC1L,27291,0,13,130,143,Benign-only
R3HDM1,23518,0,7,111,118,Benign-only
R3HDM2,22864,0,1,104,105,Benign-only
R3HDM4,91300,0,1,54,55,Benign-only
R3HDML,140902,0,4,37,41,Benign-only
RAB10,10890,0,1,9,10,Benign-only
RAB11A,8766,2,66,50,118,Multiclass
RAB11B,9230,6,169,76,251,Multiclass
RAB11FIP1,80223,0,25,186,211,Benign-only
RAB11FIP2,22841,0,5,66,71,Benign-only
RAB11FIP3,9727,0,16,131,147,Benign-only
RAB11FIP4,84440,0,1,89,90,Benign-only
RAB11FIP5,26056,0,21,115,136,Benign-only
RAB12,201475,0,1,25,26,Benign-only
RAB13,5872,0,1,20,21,Benign-only
RAB14,51552,0,2,8,10,Benign-only
RAB15,376267,0,3,21,24,Benign-only
RAB17,64284,0,2,36,38,Benign-only
RAB18,22931,6,75,104,185,Multiclass
RAB19,401409,0,0,45,45,VUS/Other-only
RAB1A,5861,1,1,10,12,Multiclass
RAB1B,81876,0,0,20,20,VUS/Other-only
RAB20,55647,0,1,38,39,Benign-only
RAB21,23011,0,2,18,20,Benign-only
RAB22A,57403,0,0,18,18,VUS/Other-only
RAB23,51715,36,160,79,275,Multiclass
RAB24,53917,0,0,13,13,VUS/Other-only
RAB25,57111,0,2,34,36,Benign-only
RAB26,25837,0,2,66,68,Benign-only
RAB27A,5873,51,122,140,313,Multiclass
RAB27B,5874,0,1,23,24,Benign-only
RAB28,9364,19,91,87,197,Multiclass
RAB29,8934,0,1,29,30,Benign-only
RAB2A,5862,0,2,5,7,Benign-only
RAB2B,84932,0,1,24,25,Benign-only
RAB30,27314,0,0,15,15,VUS/Other-only
RAB31,11031,0,1,19,20,Benign-only
RAB32,10981,0,1,26,27,Benign-only
RAB33A,9363,0,0,12,12,VUS/Other-only
RAB33B,83452,6,41,78,125,Multiclass
RAB34,83871,2,5,34,41,Multiclass
RAB35,11021,0,3,6,9,Benign-only
RAB36,9609,0,2,42,44,Benign-only
RAB37,326624,0,5,38,43,Benign-only
RAB38,23682,0,1,32,33,Benign-only
RAB39A,54734,0,1,12,13,Benign-only
RAB39B,116442,11,29,60,100,Multiclass
RAB3A,5864,1,3,17,21,Multiclass
RAB3B,5865,0,0,24,24,VUS/Other-only
RAB3C,115827,0,0,25,25,VUS/Other-only
RAB3D,9545,0,3,42,45,Benign-only
RAB3GAP1,22930,65,253,248,566,Multiclass
RAB3GAP2,25782,41,363,391,795,Multiclass
RAB3IL1,5866,0,1,69,70,Benign-only
RAB3IP,117177,0,3,55,58,Benign-only
RAB40A,142684,0,3,29,32,Benign-only
RAB40AL,282808,0,8,38,46,Benign-only
RAB40AL;LINC00630,-1,0,1,0,1,Benign-only
RAB40B,10966,0,0,49,49,VUS/Other-only
RAB40C,57799,0,3,20,23,Benign-only
RAB41,347517,0,6,28,34,Benign-only
RAB42,115273,0,2,28,30,Benign-only
RAB43,339122,0,2,19,21,Benign-only
RAB44,401258,0,2,3,5,Benign-only
RAB4A,5867,0,0,26,26,VUS/Other-only
RAB4A;SPHAR,-1,0,1,7,8,Benign-only
RAB4B,53916,0,0,27,27,VUS/Other-only
RAB5A,5868,0,2,24,26,Benign-only
RAB5B,5869,0,1,20,21,Benign-only
RAB5C,5878,1,2,26,29,Multiclass
RAB5IF,55969,0,0,3,3,VUS/Other-only
RAB6A,5870,0,3,5,8,Benign-only
RAB6B,51560,0,2,16,18,Benign-only
RAB6C,84084,0,0,43,43,VUS/Other-only
RAB6D,150786,0,0,2,2,VUS/Other-only
RAB7A,7879,4,110,81,195,Multiclass
RAB8A,4218,0,1,18,19,Benign-only
RAB8B,51762,0,1,16,17,Benign-only
RAB9A,9367,0,2,16,18,Benign-only
RAB9B,51209,0,0,12,12,VUS/Other-only
RABAC1,10567,0,1,25,26,Benign-only
RABEP1,9135,0,7,75,82,Benign-only
RABEP2,79874,0,6,89,95,Benign-only
RABEPK,10244,0,3,66,69,Benign-only
RABGAP1,23637,2,5,97,104,Multiclass
RABGAP1L,9910,0,4,95,99,Benign-only
RABGEF1,27342,0,3,48,51,Benign-only
RABGGTA,5875,0,2,93,95,Benign-only
RABGGTB,5876,0,1,28,29,Benign-only
RABIF,5877,0,1,16,17,Benign-only
RABL2A,11159,0,2,36,38,Benign-only
RABL2B,11158,0,2,39,41,Benign-only
RABL3,285282,0,3,21,24,Benign-only
RABL6,55684,0,31,166,197,Benign-only
RAC1,5879,25,21,46,92,Multiclass
RAC2,5880,5,127,73,205,Multiclass
RAC3,5881,7,11,34,52,Multiclass
RACGAP1,29127,0,16,60,76,Benign-only
RACK1,10399,0,2,0,2,Benign-only
RAD1,5810,0,1,40,41,Benign-only
RAD17,5884,0,3,92,95,Benign-only
RAD18,56852,0,1,84,85,Benign-only
RAD21,5885,52,225,203,480,Multiclass
RAD21L1,642636,1,5,63,69,Multiclass
RAD23A,5886,0,3,29,32,Benign-only
RAD23B,5887,0,3,36,39,Benign-only
RAD50,10111,491,1477,2705,4673,Multiclass
RAD51,5888,10,220,245,475,Multiclass
RAD51AP1,10635,0,9,42,51,Benign-only
RAD51AP2,729475,1,16,168,185,Multiclass
RAD51B,5890,1,256,385,642,Multiclass
RAD51C,5889,346,775,740,1861,Multiclass
RAD51C;TEX14,-1,0,1,0,1,Benign-only
RAD51D,5892,252,716,901,1869,Multiclass
RAD51D;RAD51L3-RFFL,-1,1,0,2,3,Pathogenic-only
RAD52,5893,0,7,35,42,Benign-only
RAD54B,25788,1,36,91,128,Multiclass
RAD54L,8438,6,405,669,1080,Multiclass
RAD54L2,23132,0,12,158,170,Benign-only
RAD9A,5883,0,3,56,59,Benign-only
RAD9B,144715,0,3,45,48,Benign-only
RADIL,55698,0,18,232,250,Benign-only
RADX,55086,0,9,2,11,Benign-only
RAE1,8480,0,1,21,22,Benign-only
RAET1E,135250,0,4,31,35,Benign-only
RAET1G,353091,0,3,44,47,Benign-only
RAET1L,154064,0,10,45,55,Benign-only
RAF1,5894,52,576,630,1258,Multiclass
RAG1,5896,167,341,394,902,Multiclass
RAG2,5897,146,206,217,569,Multiclass
RAI1,10743,145,1074,915,2134,Multiclass
RAI14,26064,0,5,117,122,Benign-only
RAI2,10742,0,11,75,86,Benign-only
RALA,5898,12,63,44,119,Multiclass
RALB,5899,0,0,21,21,VUS/Other-only
RALBP1,10928,0,9,75,84,Benign-only
RALGAPA1,253959,9,44,240,293,Multiclass
RALGAPA2,57186,0,15,288,303,Benign-only
RALGAPB,57148,2,3,131,136,Multiclass
RALGDS,5900,0,36,122,158,Benign-only
RALGPS1,9649,0,1,40,41,Benign-only
RALGPS2,55103,0,1,72,73,Benign-only
RALY,22913,0,4,34,38,Benign-only
RALYL,138046,0,0,46,46,VUS/Other-only
RAMAC,83640,0,1,23,24,Benign-only
RAMP1,10267,0,8,27,35,Benign-only
RAMP2,10266,0,3,21,24,Benign-only
RAMP3,10268,0,4,12,16,Benign-only
RAN,5901,0,1,0,1,Benign-only
RANBP1,5902,0,2,19,21,Benign-only
RANBP10,57610,0,7,77,84,Benign-only
RANBP17,64901,0,10,160,170,Benign-only
RANBP2,5903,3,377,870,1250,Multiclass
RANBP2;EDAR,-1,1,0,0,1,Pathogenic-only
RANBP3,8498,0,2,75,77,Benign-only
RANBP3L,202151,0,5,53,58,Benign-only
RANBP6,26953,0,4,138,142,Benign-only
RANBP9,10048,0,3,112,115,Benign-only
RANGAP1,5905,0,8,64,72,Benign-only
RANGRF,29098,0,89,107,196,Benign-only
RAP1A,5906,0,24,7,31,Benign-only
RAP1B,5908,2,20,10,32,Multiclass
RAP1GAP,5909,0,3,92,95,Benign-only
RAP1GAP2,23108,0,9,86,95,Benign-only
RAP1GDS1,5910,0,5,71,76,Benign-only
RAP2A,5911,0,0,10,10,VUS/Other-only
RAP2B,5912,0,1,13,14,Benign-only
RAP2C,57826,0,2,6,8,Benign-only
RAPGEF1,2889,0,6,114,120,Benign-only
RAPGEF2,9693,0,27,128,155,Benign-only
RAPGEF3,10411,0,16,141,157,Benign-only
RAPGEF4,11069,0,11,119,130,Benign-only
RAPGEF5,9771,0,5,71,76,Benign-only
RAPGEF6,51735,0,10,189,199,Benign-only
RAPGEFL1,51195,0,2,46,48,Benign-only
RAPH1,65059,0,12,160,172,Benign-only
RAPSN,5913,112,358,211,681,Multiclass
RARA,5914,0,8,42,50,Benign-only
RARB,5915,24,49,61,134,Multiclass
RARB;TOP2B,-1,1,0,2,3,Pathogenic-only
RARG,5916,0,2,26,28,Benign-only
RARRES1,5918,0,5,52,57,Benign-only
RARRES2,5919,0,4,16,20,Benign-only
RARS1,5917,32,227,171,430,Multiclass
RARS2,57038,241,536,186,963,Multiclass
RASA1,5921,275,693,698,1666,Multiclass
RASA2,5922,0,386,511,897,Benign-only
RASA3,22821,0,12,126,138,Benign-only
RASA4,10156,0,3,4,7,Benign-only
RASA4B,100271927,0,3,0,3,Benign-only
RASAL1,8437,0,24,141,165,Benign-only
RASAL2,9462,0,9,169,178,Benign-only
RASAL3,64926,0,13,164,177,Benign-only
RASD1,51655,0,1,43,44,Benign-only
RASD2,23551,0,2,27,29,Benign-only
RASEF,158158,0,6,109,115,Benign-only
RASGEF1A,221002,0,1,42,43,Benign-only
RASGEF1B,153020,0,3,54,57,Benign-only
RASGEF1C,255426,0,1,69,70,Benign-only
RASGRF1,5923,0,27,132,159,Benign-only
RASGRF2,5924,0,8,118,126,Benign-only
RASGRP1,10125,25,254,208,487,Multiclass
RASGRP2,10235,25,166,115,306,Multiclass
RASGRP3,25780,0,6,69,75,Benign-only
RASGRP4,115727,0,7,92,99,Benign-only
RASIP1,54922,0,5,140,145,Benign-only
RASL10A,10633,0,0,27,27,VUS/Other-only
RASL10B,91608,0,0,21,21,VUS/Other-only
RASL11A,387496,0,2,32,34,Benign-only
RASL11B,65997,0,1,36,37,Benign-only
RASL12,51285,0,1,35,36,Benign-only
RASSF1,11186,0,3,52,55,Benign-only
RASSF10,644943,0,1,98,99,Benign-only
RASSF1;RASSF1-AS1;ZMYND10;ZMYND10-AS1,-1,1,0,0,1,Pathogenic-only
RASSF2,9770,0,1,47,48,Benign-only
RASSF3,283349,0,1,34,35,Benign-only
RASSF4,83937,0,9,56,65,Benign-only
RASSF5,83593,0,2,67,69,Benign-only
RASSF6,166824,0,5,64,69,Benign-only
RASSF7,8045,0,7,89,96,Benign-only
RASSF8,11228,0,4,59,63,Benign-only
RASSF9,9182,0,2,65,67,Benign-only
RAVER1,125950,0,2,123,125,Benign-only
RAVER2,55225,0,6,73,79,Benign-only
RAX,30062,5,58,132,195,Multiclass
RAX2,84839,7,98,159,264,Multiclass
RB1,5925,922,1498,1854,4274,Multiclass
RB1CC1,9821,1,25,178,204,Multiclass
RBAK,57786,0,6,86,92,Benign-only
RBAK-RBAKDN,100533952,0,1,4,5,Benign-only
RBBP4,5928,0,2,10,12,Benign-only
RBBP5,5929,2,5,20,27,Multiclass
RBBP6,5930,0,20,198,218,Benign-only
RBBP7,5931,0,3,26,29,Benign-only
RBBP8,5932,9,206,205,420,Multiclass
RBBP8NL,140893,0,18,113,131,Benign-only
RBBP9,10741,0,1,29,30,Benign-only
RBCK1,10616,40,297,213,550,Multiclass
RBFA,79863,0,15,62,77,Benign-only
RBFOX1,54715,14,260,280,554,Multiclass
RBFOX2,23543,4,50,63,117,Multiclass
RBFOX3,146713,0,180,148,328,Benign-only
RBIS,401466,0,0,1,1,VUS/Other-only
RBKS,64080,0,2,34,36,Benign-only
RBL1,5933,0,5,141,146,Benign-only
RBL2,5934,9,11,160,180,Multiclass
RBM10,8241,35,169,155,359,Multiclass
RBM11,54033,0,4,42,46,Benign-only
RBM12,10137,0,11,120,131,Benign-only
RBM12B,389677,0,11,149,160,Benign-only
RBM14,10432,0,3,69,72,Benign-only
RBM14-RBM4,100526737,0,1,4,5,Benign-only
RBM15,64783,0,5,104,109,Benign-only
RBM15B,29890,0,2,119,121,Benign-only
RBM17,84991,0,1,24,25,Benign-only
RBM18,92400,0,0,19,19,VUS/Other-only
RBM19,9904,0,6,176,182,Benign-only
RBM20,282996,102,866,1049,2017,Multiclass
RBM22,55696,0,1,31,32,Benign-only
RBM23,55147,0,3,81,84,Benign-only
RBM24,221662,0,1,29,30,Benign-only
RBM25,58517,0,1,43,44,Benign-only
RBM26,64062,0,6,89,95,Benign-only
RBM27,54439,0,4,114,118,Benign-only
RBM28,55131,2,34,103,139,Multiclass
RBM3,5935,0,0,14,14,VUS/Other-only
RBM33,155435,0,10,151,161,Benign-only
RBM34,23029,0,3,84,87,Benign-only
RBM38,55544,0,4,33,37,Benign-only
RBM39,9584,0,1,27,28,Benign-only
RBM4,5936,0,0,9,9,VUS/Other-only
RBM41,55285,0,1,32,33,Benign-only
RBM42,79171,0,0,50,50,VUS/Other-only
RBM43,375287,0,1,38,39,Benign-only
RBM44,375316,0,16,122,138,Benign-only
RBM45,129831,0,2,38,40,Benign-only
RBM46,166863,0,0,41,41,VUS/Other-only
RBM47,54502,0,5,100,105,Benign-only
RBM48,84060,0,24,65,89,Benign-only
RBM4B,83759,0,1,64,65,Benign-only
RBM5,10181,1,0,69,70,Pathogenic-only
RBM6,10180,0,15,121,136,Benign-only
RBM7,10179,0,0,39,39,VUS/Other-only
RBM8A,9939,7,65,19,91,Multiclass
RBMS1,5937,0,1,45,46,Benign-only
RBMS2,5939,0,0,50,50,VUS/Other-only
RBMS3,27303,0,11,54,65,Benign-only
RBMX,27316,10,12,31,53,Multiclass
RBMX2,51634,0,5,32,37,Benign-only
RBMXL1,494115,0,0,61,61,VUS/Other-only
RBMXL2,27288,0,11,95,106,Benign-only
RBMXL3,139804,0,24,266,290,Benign-only
RBMY1A1,5940,0,0,1,1,VUS/Other-only
RBMY1A1;RBMY1B,-1,0,0,1,1,VUS/Other-only
RBP1,5947,0,54,102,156,Benign-only
RBP2,5948,0,1,19,20,Benign-only
RBP3,5949,39,350,633,1022,Multiclass
RBP4,5950,15,81,95,191,Multiclass
RBP4;FFAR4,-1,1,0,0,1,Pathogenic-only
RBP5,83758,0,2,28,30,Benign-only
RBP7,116362,0,1,16,17,Benign-only
RBPJ,3516,5,103,80,188,Multiclass
RBPJL,11317,0,5,77,82,Benign-only
RBPMS,11030,0,1,21,22,Benign-only
RBPMS2,348093,0,0,29,29,VUS/Other-only
RBSN,64145,0,15,111,126,Benign-only
RBX1,9978,0,0,1,1,VUS/Other-only
RC3H1,149041,0,7,105,112,Benign-only
RC3H2,54542,0,2,115,117,Benign-only
RCAN1,1827,0,0,17,17,VUS/Other-only
RCAN2,10231,0,2,23,25,Benign-only
RCAN3,11123,0,0,15,15,VUS/Other-only
RCBTB1,55213,30,202,190,422,Multiclass
RCBTB2,1102,0,0,69,69,VUS/Other-only
RCC1,1104,0,2,45,47,Benign-only
RCC1L,81554,0,2,5,7,Benign-only
RCC2,55920,0,1,55,56,Benign-only
RCCD1,91433,0,4,68,72,Benign-only
RCE1,9986,0,0,44,44,VUS/Other-only
RCHY1,25898,0,6,20,26,Benign-only
RCL1,10171,0,4,62,66,Benign-only
RCN1,5954,0,3,51,54,Benign-only
RCN2,5955,0,1,38,39,Benign-only
RCN3,57333,0,2,54,56,Benign-only
RCOR1,23186,0,37,59,96,Benign-only
RCOR2,283248,0,2,79,81,Benign-only
RCOR3,55758,0,3,43,46,Benign-only
RCSD1,92241,0,4,71,75,Benign-only
RCVRN,5957,0,1,20,21,Benign-only
RD3,343035,10,63,166,239,Multiclass
RD3L,647286,0,1,0,1,Benign-only
RDH10,157506,0,0,26,26,VUS/Other-only
RDH11,51109,8,86,123,217,Multiclass
RDH12,145226,138,277,198,613,Multiclass
RDH13,112724,0,6,72,78,Benign-only
RDH14,57665,0,2,70,72,Benign-only
RDH16,8608,0,6,57,63,Benign-only
RDH5,5959,54,98,150,302,Multiclass
RDH8,50700,1,6,18,25,Multiclass
RDM1,201299,0,2,24,26,Benign-only
RDX,5962,21,84,175,280,Multiclass
REC114,283677,0,9,47,56,Benign-only
REC8,9985,0,5,20,25,Benign-only
RECK,8434,0,11,107,118,Benign-only
RECQL,5965,11,563,1214,1788,Multiclass
RECQL4,9401,381,1920,2994,5295,Multiclass
RECQL5,9400,0,30,159,189,Benign-only
REDIC1,283461,0,0,4,4,VUS/Other-only
REEP1,65055,83,161,185,429,Multiclass
REEP2,51308,4,80,64,148,Multiclass
REEP3,221035,1,3,32,36,Multiclass
REEP4,80346,0,7,54,61,Benign-only
REEP5,7905,0,2,16,18,Benign-only
REEP5;SRP19,-1,0,1,0,1,Benign-only
REEP6,92840,25,126,121,272,Multiclass
REG1A,5967,0,6,14,20,Benign-only
REG1B,5968,0,1,31,32,Benign-only
REG3A,5068,0,10,20,30,Benign-only
REG3G,130120,0,9,34,43,Benign-only
REG4,83998,0,3,26,29,Benign-only
REL,5966,5,159,87,251,Multiclass
RELA,5970,39,234,234,507,Multiclass
RELA;SIPA1,-1,1,0,0,1,Pathogenic-only
RELB,5971,1,247,265,513,Multiclass
RELCH,57614,0,5,118,123,Benign-only
RELL1,768211,0,3,41,44,Benign-only
RELL2,285613,0,0,42,42,VUS/Other-only
RELN,5649,101,1837,1848,3786,Multiclass
RELN;SLC26A5-AS1,-1,1,0,2,3,Pathogenic-only
RELT,84957,3,9,68,80,Multiclass
REM1,28954,0,2,48,50,Benign-only
REM2,161253,0,4,49,53,Benign-only
REN,5972,13,74,137,224,Multiclass
RENBP,5973,0,9,38,47,Benign-only
REP15,387849,0,3,25,28,Benign-only
REPIN1,29803,0,5,104,109,Benign-only
REPS1,85021,0,110,148,258,Benign-only
REPS2,9185,0,11,59,70,Benign-only
RER1,11079,0,0,9,9,VUS/Other-only
RERE,473,68,358,587,1013,Multiclass
RERG,85004,0,2,24,26,Benign-only
RERGL,79785,0,2,36,38,Benign-only
RESF1,55196,0,35,305,340,Benign-only
RESP18,389075,0,4,33,37,Benign-only
REST,5978,23,240,477,740,Multiclass
RET,5979,163,1702,2074,3939,Multiclass
RETN,56729,0,2,10,12,Benign-only
RETNLB,84666,0,2,19,21,Benign-only
RETREG1,54463,24,212,272,508,Multiclass
RETREG2,79137,0,2,74,76,Benign-only
RETREG3,162427,0,1,74,75,Benign-only
RETREG3;TUBG1,-1,1,0,0,1,Pathogenic-only
RETSAT,54884,0,14,106,120,Benign-only
REV1,51455,0,14,147,161,Benign-only
REV3L,5980,4,106,284,394,Multiclass
REX1BD,55049,0,0,2,2,VUS/Other-only
REXO1,57455,0,20,275,295,Benign-only
REXO2,25996,0,1,20,21,Benign-only
REXO4,57109,0,6,66,72,Benign-only
REXO5,81691,0,1,10,11,Benign-only
RFC1,5981,3,19,149,171,Multiclass
RFC2,5982,0,26,38,64,Benign-only
RFC3,5983,0,0,41,41,VUS/Other-only
RFC4,5984,6,5,62,73,Multiclass
RFC5,5985,0,1,33,34,Benign-only
RFESD,317671,0,0,24,24,VUS/Other-only
RFFL,117584,0,3,40,43,Benign-only
RFK,55312,0,0,16,16,VUS/Other-only
RFLNA,144347,0,1,0,1,Benign-only
RFLNB,359845,0,2,0,2,Benign-only
RFNG,5986,0,10,65,75,Benign-only
RFPL1,5988,0,3,52,55,Benign-only
RFPL2,10739,0,6,66,72,Benign-only
RFPL3,10738,0,6,63,69,Benign-only
RFPL4A,342931,0,4,37,41,Benign-only
RFPL4B,442247,0,2,40,42,Benign-only
RFT1,91869,12,281,281,574,Multiclass
RFTN1,23180,0,9,73,82,Benign-only
RFTN2,130132,0,3,70,73,Benign-only
RFWD3,55159,1,257,432,690,Multiclass
RFX1,5989,0,18,128,146,Benign-only
RFX2,5990,0,8,115,123,Benign-only
RFX3,5991,11,19,102,132,Multiclass
RFX4,5992,0,6,109,115,Benign-only
RFX5,5993,47,148,250,445,Multiclass
RFX6,222546,35,187,148,370,Multiclass
RFX7,64864,15,85,246,346,Multiclass
RFX8,731220,0,10,63,73,Benign-only
RFXANK,8625,31,162,111,304,Multiclass
RFXAP,5994,23,72,119,214,Multiclass
RGCC,28984,0,0,18,18,VUS/Other-only
RGL1,23179,0,2,66,68,Benign-only
RGL2,5863,0,19,100,119,Benign-only
RGL3,57139,0,11,141,152,Benign-only
RGL4,266747,0,4,73,77,Benign-only
RGMA,56963,0,5,76,81,Benign-only
RGMB,285704,0,6,70,76,Benign-only
RGN,9104,0,3,43,46,Benign-only
RGP1,9827,0,1,55,56,Benign-only
RGPD1,400966,0,4,56,60,Benign-only
RGPD2,729857,0,3,65,68,Benign-only
RGPD3,653489,0,25,358,383,Benign-only
RGPD4,285190,0,38,328,366,Benign-only
RGPD6,729540,0,0,5,5,VUS/Other-only
RGPD8,727851,0,17,180,197,Benign-only
RGR,5995,1,127,181,309,Multiclass
RGS1,5996,0,0,30,30,VUS/Other-only
RGS10,6001,0,1,16,17,Benign-only
RGS11,8786,0,15,102,117,Benign-only
RGS12,6002,0,21,241,262,Benign-only
RGS13,6003,0,0,18,18,VUS/Other-only
RGS14,10636,0,7,66,73,Benign-only
RGS16,6004,0,1,26,27,Benign-only
RGS17,26575,0,0,17,17,VUS/Other-only
RGS18,64407,0,1,29,30,Benign-only
RGS19,10287,0,1,30,31,Benign-only
RGS2,5997,1,1,18,20,Multiclass
RGS20,8601,0,6,63,69,Benign-only
RGS21,431704,0,0,20,20,VUS/Other-only
RGS22,26166,0,16,142,158,Benign-only
RGS3,5998,0,16,180,196,Benign-only
RGS4,5999,0,1,37,38,Benign-only
RGS5,8490,0,1,22,23,Benign-only
RGS6,9628,0,104,63,167,Benign-only
RGS7,6000,0,9,37,46,Benign-only
RGS7BP,401190,0,0,27,27,VUS/Other-only
RGS8,85397,0,1,15,16,Benign-only
RGS9,8787,39,261,260,560,Multiclass
RGS9BP,388531,2,64,111,177,Multiclass
RGSL1,353299,0,8,148,156,Benign-only
RHAG,6005,9,52,94,155,Multiclass
RHBDD1,84236,0,2,49,51,Benign-only
RHBDD2,57414,0,2,69,71,Benign-only
RHBDD3,25807,0,9,69,78,Benign-only
RHBDF1,64285,0,14,141,155,Benign-only
RHBDF2,79651,1,165,320,486,Multiclass
RHBDL1,9028,0,1,0,1,Benign-only
RHBDL1;JMJD8;WDR24;STUB1,-1,0,0,1,1,VUS/Other-only
RHBDL2,54933,0,2,42,44,Benign-only
RHBDL3,162494,0,2,59,61,Benign-only
RHBG,57127,0,4,78,82,Benign-only
RHCE,6006,0,17,37,54,Benign-only
RHCG,51458,0,6,70,76,Benign-only
RHD,6007,0,15,27,42,Benign-only
RHEB,6009,6,2,15,23,Multiclass
RHEBL1,121268,0,2,15,17,Benign-only
RHEX,440712,0,0,1,1,VUS/Other-only
RHNO1,83695,0,2,0,2,Benign-only
RHO,6010,180,147,255,582,Multiclass
RHOA,387,3,1,7,11,Multiclass
RHOB,388,0,1,9,10,Benign-only
RHOBTB1,9886,0,5,70,75,Benign-only
RHOBTB2,23221,15,513,308,836,Multiclass
RHOBTB3,22836,0,0,71,71,VUS/Other-only
RHOC,389,0,0,16,16,VUS/Other-only
RHOD,29984,0,1,23,24,Benign-only
RHOF,54509,0,2,31,33,Benign-only
RHOG,391,0,0,15,15,VUS/Other-only
RHOH,399,0,50,39,89,Benign-only
RHOJ,57381,0,3,25,28,Benign-only
RHOQ,23433,0,0,16,16,VUS/Other-only
RHOT1,55288,0,2,54,56,Benign-only
RHOT2,89941,0,26,128,154,Benign-only
RHOU,58480,0,0,27,27,VUS/Other-only
RHOV,171177,0,2,22,24,Benign-only
RHOXF1,158800,0,6,24,30,Benign-only
RHOXF2,84528,0,7,23,30,Benign-only
RHOXF2B,727940,0,3,23,26,Benign-only
RHPN1,114822,0,15,145,160,Benign-only
RHPN2,85415,0,13,86,99,Benign-only
RIBC1,158787,0,5,38,43,Benign-only
RIBC2,26150,0,3,21,24,Benign-only
RIC1,57589,1,33,190,224,Multiclass
RIC3,79608,0,12,54,66,Benign-only
RIC8A,60626,0,6,86,92,Benign-only
RIC8B,55188,0,3,32,35,Benign-only
RICTOR,253260,2,11,127,140,Multiclass
RIF1,55183,0,41,327,368,Benign-only
RIGI,23586,3,276,481,760,Multiclass
RIIAD1,284485,0,1,12,13,Benign-only
RILP,83547,0,4,64,68,Benign-only
RILPL1,353116,0,1,47,48,Benign-only
RILPL2,196383,0,2,32,34,Benign-only
RIMBP2,23504,0,19,169,188,Benign-only
RIMBP3,85376,0,32,197,229,Benign-only
RIMBP3B,440804,0,5,49,54,Benign-only
RIMBP3C,150221,0,2,5,7,Benign-only
RIMKLA,284716,0,0,35,35,VUS/Other-only
RIMKLB,57494,0,0,33,33,VUS/Other-only
RIMOC1,285636,0,0,4,4,VUS/Other-only
RIMS1,22999,1,515,796,1312,Multiclass
RIMS2,9699,2,26,192,220,Multiclass
RIMS3,9783,0,1,54,55,Benign-only
RIMS4,140730,0,1,18,19,Benign-only
RIN1,9610,0,14,151,165,Benign-only
RIN2,54453,16,324,310,650,Multiclass
RIN3,79890,0,12,158,170,Benign-only
RING1,6015,0,3,37,40,Benign-only
RINL,126432,0,11,82,93,Benign-only
RINT1,60561,41,571,1173,1785,Multiclass
RINT1;EFCAB10,-1,0,1,0,1,Benign-only
RIOK1,83732,0,7,80,87,Benign-only
RIOK2,55781,0,7,71,78,Benign-only
RIOK3,8780,0,3,55,58,Benign-only
RIOX1,79697,0,2,1,3,Benign-only
RIOX2,84864,0,4,86,90,Benign-only
RIPK1,8737,18,202,324,544,Multiclass
RIPK2,8767,0,9,46,55,Benign-only
RIPK3,11035,0,11,64,75,Benign-only
RIPK4,54101,2,109,184,295,Multiclass
RIPOR1,79567,0,10,169,179,Benign-only
RIPOR2,9750,0,258,243,501,Benign-only
RIPOR3,140876,0,17,200,217,Benign-only
RIPPLY1,92129,0,4,15,19,Benign-only
RIPPLY2,134701,1,45,55,101,Multiclass
RIPPLY3,53820,0,1,31,32,Benign-only
RIT1,6016,36,156,193,385,Multiclass
RIT2,6014,0,1,17,18,Benign-only
RITA1,84934,0,8,35,43,Benign-only
RLBP1,6017,49,195,146,390,Multiclass
RLBP1;POLG,-1,1,0,0,1,Pathogenic-only
RLF,6018,0,13,184,197,Benign-only
RLIM,51132,9,33,104,146,Multiclass
RLN1,6013,0,6,42,48,Benign-only
RLN2,6019,0,7,35,42,Benign-only
RLN3,117579,0,3,22,25,Benign-only
RMC1,29919,0,8,6,14,Benign-only
RMDN1,51115,0,1,44,45,Benign-only
RMDN2,151393,0,15,117,132,Benign-only
RMDN3,55177,0,1,60,61,Benign-only
RMI1,80010,0,13,62,75,Benign-only
RMI2,116028,0,1,46,47,Benign-only
RMI2;SOCS1,-1,0,1,0,1,Benign-only
RMND1,55005,44,163,137,344,Multiclass
RMND5A,64795,0,0,20,20,VUS/Other-only
RMND5B,64777,0,1,58,59,Benign-only
RMP64,25871,1,6,5,12,Multiclass
RMRP,6023,292,29,489,810,Multiclass
RNASE1,6035,0,1,16,17,Benign-only
RNASE10,338879,0,3,31,34,Benign-only
RNASE11,122651,0,5,23,28,Benign-only
RNASE12,493901,0,1,16,17,Benign-only
RNASE13,440163,0,2,24,26,Benign-only
RNASE2,6036,0,1,18,19,Benign-only
RNASE3,6037,0,7,20,27,Benign-only
RNASE4,6038,0,0,26,26,VUS/Other-only
RNASE4;ANG;EGILA,-1,0,0,1,1,VUS/Other-only
RNASE6,6039,0,2,20,22,Benign-only
RNASE7,84659,0,1,16,17,Benign-only
RNASE8,122665,0,1,14,15,Benign-only
RNASE9,390443,0,1,29,30,Benign-only
RNASEH1,246243,5,136,86,227,Multiclass
RNASEH2A,10535,41,275,210,526,Multiclass
RNASEH2B,79621,55,269,191,515,Multiclass
RNASEH2C,84153,6,202,189,397,Multiclass
RNASEK,440400,0,1,21,22,Benign-only
RNASEL,6041,2,16,68,86,Multiclass
RNASET2,8635,7,78,74,159,Multiclass
RND1,27289,0,1,24,25,Benign-only
RND2,8153,0,0,35,35,VUS/Other-only
RND3,390,0,4,25,29,Benign-only
RNF10,9921,0,6,105,111,Benign-only
RNF103,7844,0,2,88,90,Benign-only
RNF103-CHMP3,100526767,0,0,2,2,VUS/Other-only
RNF11,26994,0,0,16,16,VUS/Other-only
RNF111,54778,0,3,131,134,Benign-only
RNF112,7732,0,5,64,69,Benign-only
RNF113A,7737,3,24,93,120,Multiclass
RNF113A;NDUFA1,-1,0,0,1,1,VUS/Other-only
RNF113B,140432,0,2,50,52,Benign-only
RNF114,55905,0,3,32,35,Benign-only
RNF115,27246,0,2,46,48,Benign-only
RNF121,55298,0,1,33,34,Benign-only
RNF122,79845,0,0,22,22,VUS/Other-only
RNF123,63891,0,11,204,215,Benign-only
RNF125,54941,1,27,54,82,Multiclass
RNF126,55658,0,5,74,79,Benign-only
RNF128,79589,0,5,57,62,Benign-only
RNF13,11342,4,131,143,278,Multiclass
RNF130,55819,0,2,61,63,Benign-only
RNF133,168433,0,4,50,54,Benign-only
RNF135,84282,1,40,79,120,Multiclass
RNF138,51444,0,0,5,5,VUS/Other-only
RNF139,11236,0,1,67,68,Benign-only
RNF14,9604,0,3,34,37,Benign-only
RNF141,50862,0,0,18,18,VUS/Other-only
RNF144A,9781,0,4,39,43,Benign-only
RNF144B,255488,0,2,40,42,Benign-only
RNF145,153830,0,2,42,44,Benign-only
RNF146,81847,0,3,42,45,Benign-only
RNF148,378925,0,3,62,65,Benign-only
RNF149,284996,0,2,42,44,Benign-only
RNF150,57484,0,1,57,58,Benign-only
RNF151,146310,0,8,51,59,Benign-only
RNF152,220441,0,0,38,38,VUS/Other-only
RNF157,114804,1,8,94,103,Multiclass
RNF166,115992,0,1,51,52,Benign-only
RNF167,26001,0,3,61,64,Benign-only
RNF168,165918,34,161,182,377,Multiclass
RNF169,254225,0,5,103,108,Benign-only
RNF17,56163,0,22,147,169,Benign-only
RNF170,81790,6,9,38,53,Multiclass
RNF175,285533,0,0,44,44,VUS/Other-only
RNF180,285671,0,8,74,82,Benign-only
RNF181,51255,0,2,17,19,Benign-only
RNF182,221687,0,1,31,32,Benign-only
RNF183,138065,0,2,30,32,Benign-only
RNF185,91445,0,1,19,20,Benign-only
RNF186,54546,0,5,49,54,Benign-only
RNF187,149603,0,0,28,28,VUS/Other-only
RNF19A,25897,0,3,72,75,Benign-only
RNF19B,127544,0,1,94,95,Benign-only
RNF2,6045,0,3,31,34,Benign-only
RNF20,56254,0,5,98,103,Benign-only
RNF207,388591,1,10,121,132,Multiclass
RNF208,727800,0,0,49,49,VUS/Other-only
RNF212,285498,1,10,41,52,Multiclass
RNF212B,100507650,1,1,0,2,Multiclass
RNF213,57674,19,560,357,937,Multiclass
RNF213;RNF213-AS1,-1,0,0,1,1,VUS/Other-only
RNF214,257160,0,2,71,73,Benign-only
RNF215,200312,0,2,65,67,Benign-only
RNF216,54476,17,148,215,380,Multiclass
RNF217,154214,0,0,27,27,VUS/Other-only
RNF220,55182,1,5,64,70,Multiclass
RNF222,643904,0,2,49,51,Benign-only
RNF223,401934,0,4,70,74,Benign-only
RNF224,643596,0,1,49,50,Benign-only
RNF225,646862,0,2,85,87,Benign-only
RNF24,11237,0,0,13,13,VUS/Other-only
RNF25,64320,0,2,72,74,Benign-only
RNF26,79102,0,3,62,65,Benign-only
RNF31,55072,0,399,472,871,Benign-only
RNF32,140545,0,2,45,47,Benign-only
RNF34,80196,0,6,41,47,Benign-only
RNF38,152006,0,1,58,59,Benign-only
RNF39,80352,0,3,55,58,Benign-only
RNF4,6047,0,7,30,37,Benign-only
RNF40,9810,0,6,111,117,Benign-only
RNF41,10193,0,9,16,25,Benign-only
RNF43,54894,33,537,833,1403,Multiclass
RNF44,22838,0,4,88,92,Benign-only
RNF5,6048,0,1,7,8,Benign-only
RNF6,6049,0,11,87,98,Benign-only
RNF7,9616,0,0,3,3,VUS/Other-only
RNF8,9025,0,3,36,39,Benign-only
RNFT1,51136,0,5,60,65,Benign-only
RNFT1-DT,101927755,0,1,0,1,Benign-only
RNFT2,84900,0,0,59,59,VUS/Other-only
RNGTT,8732,0,2,46,48,Benign-only
RNH1,6050,0,10,86,96,Benign-only
RNLS,55328,0,45,53,98,Benign-only
RNMT,8731,0,4,55,59,Benign-only
RNPC3,55599,2,10,74,86,Multiclass
RNPEP,6051,0,4,96,100,Benign-only
RNPEPL1,57140,0,5,92,97,Benign-only
RNPS1,10921,0,3,44,47,Benign-only
RNU1-2,26870,0,0,2,2,VUS/Other-only
RNU12,267010,8,2,4,14,Multiclass
RNU2-2,26855,21,7,72,100,Multiclass
RNU2-2;WDR74,-1,2,0,2,4,Pathogenic-only
RNU4-1,26835,0,0,1,1,VUS/Other-only
RNU4-1;RNU4-2;SIRT4,-1,1,0,0,1,Pathogenic-only
RNU4-2,26834,29,21,33,83,Multiclass
RNU4-2;SIRT4,-1,0,0,2,2,VUS/Other-only
RNU4ATAC,100151683,18,15,177,210,Multiclass
RNU5A-1,26831,0,0,5,5,VUS/Other-only
RNU5B-1,26832,2,0,7,9,Pathogenic-only
RNU5E-1,26829,0,0,2,2,VUS/Other-only
RNU5F-1,26828,0,0,3,3,VUS/Other-only
RNU6-1,26827,1,0,1,2,Pathogenic-only
RNU6-2,103625684,0,0,4,4,VUS/Other-only
RNU6-8,101954278,1,1,1,3,Multiclass
RNU6-9,101954271,1,2,2,5,Multiclass
RNU6ATAC,100151684,0,0,4,4,VUS/Other-only
RNU7-1,100147744,3,10,20,33,Multiclass
RNVU1-14,101954266,0,0,2,2,VUS/Other-only
RNVU1-15,101954267,0,0,2,2,VUS/Other-only
RNVU1-18,26863,0,0,2,2,VUS/Other-only
RNVU1-19,101954277,0,0,1,1,VUS/Other-only
RNVU1-27,124904621,0,0,1,1,VUS/Other-only
RO60,6738,0,4,99,103,Benign-only
ROBO1,6091,47,238,393,678,Multiclass
ROBO2,6092,0,218,426,644,Benign-only
ROBO3,64221,35,75,281,391,Multiclass
ROBO4,54538,13,49,214,276,Multiclass
ROCK1,6093,0,9,67,76,Benign-only
ROCK2,9475,0,5,113,118,Benign-only
ROGDI,79641,49,305,264,618,Multiclass
ROM1,6094,0,114,254,368,Benign-only
ROMO1,140823,0,0,10,10,VUS/Other-only
ROPN1,54763,0,6,36,42,Benign-only
ROPN1B,152015,0,3,30,33,Benign-only
ROPN1L,83853,0,0,31,31,VUS/Other-only
ROR1,4919,0,77,181,258,Benign-only
ROR2,4920,42,286,467,795,Multiclass
RORA,6095,43,49,155,247,Multiclass
RORA;RORA-AS1,-1,2,0,0,2,Pathogenic-only
RORB,6096,61,163,229,453,Multiclass
RORC,6097,9,185,130,324,Multiclass
ROS1,6098,3,74,247,324,Multiclass
RP1,6101,309,344,1076,1729,Multiclass
RP1L1,94137,45,447,1094,1586,Multiclass
RP2,6102,150,123,148,421,Multiclass
RP9,6100,2,54,109,165,Multiclass
RPA1,6117,0,17,74,91,Benign-only
RPA2,6118,0,0,42,42,VUS/Other-only
RPA3,6119,0,1,16,17,Benign-only
RPA4,29935,0,5,40,45,Benign-only
RPAIN,84268,0,3,34,37,Benign-only
RPAP1,26015,0,14,199,213,Benign-only
RPAP2,79871,0,0,69,69,VUS/Other-only
RPAP3,79657,0,5,86,91,Benign-only
RPE,6120,0,1,20,21,Benign-only
RPE65,6121,319,420,307,1046,Multiclass
RPEL1,729020,0,2,39,41,Benign-only
RPF1,80135,0,4,61,65,Benign-only
RPF2,84154,0,3,46,49,Benign-only
RPGR,6103,706,473,510,1689,Multiclass
RPGRIP1,57096,157,398,512,1067,Multiclass
RPGRIP1L,23322,331,873,679,1883,Multiclass
RPH3A,22895,1,7,105,113,Multiclass
RPH3AL,9501,0,7,62,69,Benign-only
RPH3AL-AS1,100506388,0,0,1,1,VUS/Other-only
RPIA,22934,8,46,77,131,Multiclass
RPL10,6134,6,23,43,72,Multiclass
RPL10A,4736,0,0,9,9,VUS/Other-only
RPL10L,140801,1,0,48,49,Pathogenic-only
RPL11,6135,45,98,64,207,Multiclass
RPL12,6136,0,0,17,17,VUS/Other-only
RPL13,6137,5,4,37,46,Multiclass
RPL13;SPG7,-1,1,0,0,1,Pathogenic-only
RPL13A,23521,0,7,32,39,Benign-only
RPL14,9045,0,2,20,22,Benign-only
RPL15,6138,8,80,77,165,Multiclass
RPL17,6139,0,0,12,12,VUS/Other-only
RPL17;RPL17-C18orf32,-1,1,0,0,1,Pathogenic-only
RPL18,6141,1,79,53,133,Multiclass
RPL18A,6142,0,0,23,23,VUS/Other-only
RPL19,6143,0,89,49,138,Benign-only
RPL21,6144,0,20,12,32,Benign-only
RPL22,6146,0,0,4,4,VUS/Other-only
RPL22L1,200916,0,0,19,19,VUS/Other-only
RPL23,9349,0,36,18,54,Benign-only
RPL23A,6147,0,0,26,26,VUS/Other-only
RPL24,6152,0,1,7,8,Benign-only
RPL26,6154,5,50,39,94,Multiclass
RPL26L1,51121,0,0,26,26,VUS/Other-only
RPL27,6155,0,44,35,79,Benign-only
RPL27A,6157,0,0,11,11,VUS/Other-only
RPL28,6158,0,2,22,24,Benign-only
RPL29,6159,0,0,25,25,VUS/Other-only
RPL3,6122,0,6,52,58,Benign-only
RPL30,6156,0,1,4,5,Benign-only
RPL31,6160,1,42,31,74,Multiclass
RPL31;TBC1D8,-1,0,1,0,1,Benign-only
RPL32,6161,0,0,9,9,VUS/Other-only
RPL34,6164,0,2,7,9,Benign-only
RPL35,11224,0,46,32,78,Benign-only
RPL35A,6165,11,60,61,132,Multiclass
RPL36,25873,0,2,8,10,Benign-only
RPL36A,6173,0,1,1,2,Benign-only
RPL36A-HNRNPH2,100529097,0,1,3,4,Benign-only
RPL36A-HNRNPH2;GLA,-1,1,0,0,1,Pathogenic-only
RPL36AL,6166,0,0,7,7,VUS/Other-only
RPL37,6167,0,0,8,8,VUS/Other-only
RPL37A,6168,0,0,8,8,VUS/Other-only
RPL39,6170,0,0,1,1,VUS/Other-only
RPL39L,116832,0,0,5,5,VUS/Other-only
RPL3L,6123,4,9,119,132,Multiclass
RPL4,6124,0,2,57,59,Benign-only
RPL5,6125,85,119,131,336,Multiclass
RPL6,6128,0,1,33,34,Benign-only
RPL7,6129,0,2,36,38,Benign-only
RPL7A,6130,0,0,27,27,VUS/Other-only
RPL7L1,285855,0,0,40,40,VUS/Other-only
RPL8,6132,0,0,28,28,VUS/Other-only
RPL9,6133,0,57,48,105,Benign-only
RPLP0,6175,0,1,37,38,Benign-only
RPLP1,6176,0,0,14,14,VUS/Other-only
RPLP2,6181,0,0,19,19,VUS/Other-only
RPN1,6184,0,6,57,63,Benign-only
RPN2,6185,0,126,122,248,Benign-only
RPP14,11102,0,2,18,20,Benign-only
RPP21,79897,0,3,7,10,Benign-only
RPP25,54913,0,2,0,2,Benign-only
RPP25L,138716,0,0,21,21,VUS/Other-only
RPP30,10556,0,3,39,42,Benign-only
RPP38,10557,0,4,42,46,Benign-only
RPP40,10799,0,2,48,50,Benign-only
RPRD1A,55197,0,0,22,22,VUS/Other-only
RPRD1B,58490,0,0,12,12,VUS/Other-only
RPRD2,23248,0,9,154,163,Benign-only
RPRM,56475,0,0,17,17,VUS/Other-only
RPRML,388394,0,1,13,14,Benign-only
RPS10,6204,9,87,58,154,Multiclass
RPS10-NUDT3,100529239,0,0,5,5,VUS/Other-only
RPS10-NUDT3;RPS10,-1,0,0,1,1,VUS/Other-only
RPS10;RPS10-NUDT3,-1,0,1,8,9,Benign-only
RPS11,6205,0,4,15,19,Benign-only
RPS12,6206,0,0,8,8,VUS/Other-only
RPS13,6207,0,1,2,3,Benign-only
RPS14,6208,0,0,5,5,VUS/Other-only
RPS15,6209,0,5,9,14,Benign-only
RPS15A,6210,0,25,8,33,Benign-only
RPS16,6217,0,1,10,11,Benign-only
RPS17,6218,4,13,16,33,Multiclass
RPS19,6223,79,96,94,269,Multiclass
RPS19BP1,91582,0,2,19,21,Benign-only
RPS2,6187,0,4,18,22,Benign-only
RPS20,6224,9,207,151,367,Multiclass
RPS21,6227,0,0,4,4,VUS/Other-only
RPS23,6228,0,5,7,12,Benign-only
RPS24,6229,15,112,79,206,Multiclass
RPS25,6230,0,1,3,4,Benign-only
RPS26,6231,28,88,55,171,Multiclass
RPS27,6232,0,29,18,47,Benign-only
RPS27A,6233,0,11,12,23,Benign-only
RPS27L,51065,0,0,3,3,VUS/Other-only
RPS28,6234,0,32,7,39,Benign-only
RPS29,6235,3,38,25,66,Multiclass
RPS3,6188,0,2,5,7,Benign-only
RPS3A,6189,0,1,16,17,Benign-only
RPS4X,6191,0,1,12,13,Benign-only
RPS5,6193,0,0,11,11,VUS/Other-only
RPS6,6194,0,2,26,28,Benign-only
RPS6KA1,6195,0,5,88,93,Benign-only
RPS6KA2,6196,0,8,72,80,Benign-only
RPS6KA3,6197,143,191,155,489,Multiclass
RPS6KA4,8986,0,9,78,87,Benign-only
RPS6KA5,9252,0,1,85,86,Benign-only
RPS6KA6,27330,0,5,41,46,Benign-only
RPS6KB1,6198,0,4,20,24,Benign-only
RPS6KB2,6199,0,2,87,89,Benign-only
RPS6KC1,26750,0,128,225,353,Benign-only
RPS6KL1,83694,0,11,91,102,Benign-only
RPS7,6201,9,111,94,214,Multiclass
RPS8,6202,0,1,20,21,Benign-only
RPS9,6203,0,1,13,14,Benign-only
RPSA,3921,4,87,79,170,Multiclass
RPSA2,388524,0,2,0,2,Benign-only
RPTN,126638,0,17,93,110,Benign-only
RPTOR,57521,0,16,105,121,Benign-only
RPUSD1,113000,0,6,88,94,Benign-only
RPUSD2,27079,0,2,83,85,Benign-only
RPUSD3,285367,2,4,54,60,Multiclass
RPUSD4,84881,0,8,50,58,Benign-only
RRAD,6236,0,2,37,39,Benign-only
RRAGA,10670,0,9,19,28,Benign-only
RRAGB,10325,0,2,20,22,Benign-only
RRAGC,64121,1,2,33,36,Multiclass
RRAGD,58528,3,0,37,40,Pathogenic-only
RRAS,6237,1,158,187,346,Multiclass
RRAS2,22800,11,35,51,97,Multiclass
RRBP1,6238,0,36,165,201,Benign-only
RREB1,6239,4,180,364,548,Multiclass
RRH,10692,0,4,53,57,Benign-only
RRM1,6240,1,4,57,62,Multiclass
RRM2,6241,0,2,21,23,Benign-only
RRM2B,50484,40,168,187,395,Multiclass
RRN3,54700,0,7,103,110,Benign-only
RRP1,8568,0,18,83,101,Benign-only
RRP12,23223,0,16,213,229,Benign-only
RRP15,51018,0,2,37,39,Benign-only
RRP1B,23076,0,14,85,99,Benign-only
RRP36,88745,0,2,53,55,Benign-only
RRP7A,27341,0,5,62,67,Benign-only
RRP8,23378,0,9,76,85,Benign-only
RRP9,9136,0,3,66,69,Benign-only
RRS1,23212,0,5,54,59,Benign-only
RS1,6247,266,169,119,554,Multiclass
RSAD1,55316,0,1,94,95,Benign-only
RSAD2,91543,0,7,52,59,Benign-only
RSBN1,54665,0,1,100,101,Benign-only
RSBN1L,222194,0,5,119,124,Benign-only
RSC1A1,6248,0,9,82,91,Benign-only
RSF1,51773,0,9,182,191,Benign-only
RSKR,124923,0,5,77,82,Benign-only
RSL1D1,26156,0,10,67,77,Benign-only
RSL24D1,51187,0,1,14,15,Benign-only
RSPH1,89765,27,166,102,295,Multiclass
RSPH10B,222967,0,4,82,86,Benign-only
RSPH10B2,728194,0,10,64,74,Benign-only
RSPH14,27156,0,7,61,68,Benign-only
RSPH3,83861,26,159,157,342,Multiclass
RSPH4A,345895,56,142,220,418,Multiclass
RSPH4A;ZUP1,-1,1,0,0,1,Pathogenic-only
RSPH6A,81492,0,9,131,140,Benign-only
RSPH9,221421,19,100,101,220,Multiclass
RSPO1,284654,3,33,49,85,Multiclass
RSPO2,340419,3,47,52,102,Multiclass
RSPO3,84870,0,1,27,28,Benign-only
RSPO4,343637,5,3,64,72,Multiclass
RSPRY1,89970,4,130,66,200,Multiclass
RSRC1,51319,8,6,57,71,Multiclass
RSRC2,65117,0,0,36,36,VUS/Other-only
RSRP1,57035,0,2,42,44,Benign-only
RSU1,6251,0,2,36,38,Benign-only
RTBDN,83546,0,3,49,52,Benign-only
RTCA,8634,0,3,64,67,Benign-only
RTCB,51493,0,6,56,62,Benign-only
RTEL1,51750,266,2205,2108,4579,Multiclass
RTEL1-TNFRSF6B;RTEL1,-1,0,1,0,1,Benign-only
RTEL1-TNFRSF6B;TNFRSF6B;RTEL1,-1,0,1,1,2,Benign-only
RTEL1;RTEL1-TNFRSF6B,-1,0,0,1,1,VUS/Other-only
RTEL1;RTEL1-TNFRSF6B;TNFRSF6B,-1,0,3,7,10,Benign-only
RTF1,23168,0,2,52,54,Benign-only
RTF2,51507,0,0,46,46,VUS/Other-only
RTKN,6242,0,1,93,94,Benign-only
RTKN2,219790,0,7,87,94,Benign-only
RTL1,388015,0,39,192,231,Benign-only
RTL10,79680,0,0,1,1,VUS/Other-only
RTL3,203430,0,8,76,84,Benign-only
RTL4,340595,0,4,43,47,Benign-only
RTL5,340526,0,7,69,76,Benign-only
RTL6,84247,0,1,38,39,Benign-only
RTL8A,26071,0,1,19,20,Benign-only
RTL8B,441518,0,2,17,19,Benign-only
RTL8C,8933,0,0,4,4,VUS/Other-only
RTL9,57529,0,14,166,180,Benign-only
RTN1,6252,0,8,19,27,Benign-only
RTN2,6253,10,133,178,321,Multiclass
RTN3,10313,0,16,147,163,Benign-only
RTN4,57142,0,18,200,218,Benign-only
RTN4IP1,84816,30,142,157,329,Multiclass
RTN4R,65078,0,3,87,90,Benign-only
RTN4RL1,146760,0,6,29,35,Benign-only
RTN4RL2,349667,0,0,44,44,VUS/Other-only
RTP1,132112,0,3,52,55,Benign-only
RTP2,344892,0,5,31,36,Benign-only
RTP3,83597,0,4,31,35,Benign-only
RTP4,64108,0,4,25,29,Benign-only
RTP5,285093,0,15,102,117,Benign-only
RTTN,25914,81,727,635,1443,Multiclass
RUBCN,9711,5,59,157,221,Multiclass
RUBCNL,80183,0,1,4,5,Benign-only
RUFY1,80230,0,5,102,107,Benign-only
RUFY2,55680,0,0,57,57,VUS/Other-only
RUFY3,22902,0,5,68,73,Benign-only
RUFY4,285180,0,15,95,110,Benign-only
RUMY1,729533,0,0,12,12,VUS/Other-only
RUMY2,653820,0,1,20,21,Benign-only
RUMY4,728833,0,1,19,20,Benign-only
RUNDC1,146923,0,4,73,77,Benign-only
RUNDC3A,10900,0,2,38,40,Benign-only
RUNDC3B,154661,0,3,43,46,Benign-only
RUNX1,861,250,685,958,1893,Multiclass
RUNX1T1,862,0,10,77,87,Benign-only
RUNX2,860,158,165,288,611,Multiclass
RUNX2;SUPT3H,-1,0,0,1,1,VUS/Other-only
RUNX3,864,0,10,38,48,Benign-only
RUSC1,23623,0,2,52,54,Benign-only
RUSC2,9853,39,412,529,980,Multiclass
RUSF1,64755,0,1,3,4,Benign-only
RUVBL1,8607,0,0,16,16,VUS/Other-only
RUVBL1;SEC61A1,-1,0,1,0,1,Benign-only
RUVBL2,10856,0,5,54,59,Benign-only
RWDD1,51389,0,0,17,17,VUS/Other-only
RWDD2A,112611,0,0,31,31,VUS/Other-only
RWDD2B,10069,0,3,45,48,Benign-only
RWDD3,25950,0,3,30,33,Benign-only
RWDD4,201965,0,1,18,19,Benign-only
RXFP1,59350,0,3,94,97,Benign-only
RXFP2,122042,2,44,83,129,Multiclass
RXFP3,51289,0,4,70,74,Benign-only
RXFP4,339403,0,5,70,75,Benign-only
RXRA,6256,0,2,25,27,Benign-only
RXRB,6257,0,7,48,55,Benign-only
RXRG,6258,0,1,40,41,Benign-only
RXYLT1,10329,55,214,172,441,Multiclass
RYBP,23429,0,0,3,3,VUS/Other-only
RYK,6259,0,16,13,29,Benign-only
RYR1,6261,765,4526,4955,10248,Multiclass
RYR2,6262,251,4022,4958,9231,Multiclass
RYR3,6263,1,644,1173,1818,Multiclass
S100A1,6271,0,1,11,12,Benign-only
S100A10,6281,0,0,4,4,VUS/Other-only
S100A11,6282,0,0,14,14,VUS/Other-only
S100A12,6283,0,3,17,20,Benign-only
S100A13,6284,0,2,15,17,Benign-only
S100A14,57402,0,0,21,21,VUS/Other-only
S100A16,140576,0,2,10,12,Benign-only
S100A2,6273,0,1,5,6,Benign-only
S100A3,6274,0,2,14,16,Benign-only
S100A4,6275,0,4,7,11,Benign-only
S100A5,6276,0,0,15,15,VUS/Other-only
S100A6,6277,0,2,17,19,Benign-only
S100A7,6278,0,2,16,18,Benign-only
S100A7A,338324,0,6,22,28,Benign-only
S100A8,6279,0,2,7,9,Benign-only
S100A9,6280,0,7,9,16,Benign-only
S100B,6285,0,0,10,10,VUS/Other-only
S100G,795,0,0,3,3,VUS/Other-only
S100P,6286,0,1,14,15,Benign-only
S100PBP,64766,0,9,61,70,Benign-only
S100Z,170591,0,0,9,9,VUS/Other-only
S1PR1,1901,0,2,24,26,Benign-only
S1PR2,9294,0,64,69,133,Benign-only
S1PR3,1903,0,2,53,55,Benign-only
S1PR4,8698,0,9,96,105,Benign-only
S1PR5,53637,0,9,62,71,Benign-only
SAA1,6288,0,12,17,29,Benign-only
SAA2,6289,0,1,7,8,Benign-only
SAA2-SAA4,100528017,0,1,2,3,Benign-only
SAAL1,113174,0,5,54,59,Benign-only
SAC3D1,29901,0,6,70,76,Benign-only
SACK1B,222584,0,1,0,1,Benign-only
SACK1E,54854,0,2,0,2,Benign-only
SACK1F,113828,0,1,0,1,Benign-only
SACK1G,644815,0,2,0,2,Benign-only
SACK1H,286077,7,9,3,19,Multiclass
SACM1L,22908,0,2,56,58,Benign-only
SACS,26278,866,2266,850,3982,Multiclass
SACS;SGCG,-1,0,1,0,1,Benign-only
SAE1,10055,0,8,45,53,Benign-only
SAFB,6294,0,6,96,102,Benign-only
SAFB2,9667,0,5,140,145,Benign-only
SAG,6295,40,187,236,463,Multiclass
SAGE1,55511,0,22,88,110,Benign-only
SALL1,6299,104,196,370,670,Multiclass
SALL2,6297,0,45,157,202,Benign-only
SALL3,27164,0,25,274,299,Benign-only
SALL4,57167,44,170,324,538,Multiclass
SAMD1,90378,0,4,15,19,Benign-only
SAMD10,140700,0,1,31,32,Benign-only
SAMD11,148398,1,523,536,1060,Multiclass
SAMD12,401474,0,3,29,32,Benign-only
SAMD13,148418,0,0,15,15,VUS/Other-only
SAMD14,201191,0,3,83,86,Benign-only
SAMD15,161394,0,11,81,92,Benign-only
SAMD3,154075,0,4,62,66,Benign-only
SAMD4A,23034,0,6,34,41,Benign-only
SAMD4B,55095,0,1,82,83,Benign-only
SAMD5,389432,0,0,32,32,VUS/Other-only
SAMD7,344658,1,3,58,62,Multiclass
SAMD8,142891,0,1,24,25,Benign-only
SAMD9,54809,27,819,1791,2637,Multiclass
SAMD9L,219285,16,725,1736,2477,Multiclass
SAMHD1,25939,134,465,305,904,Multiclass
SAMHD1;TLDC2,-1,0,2,0,2,Benign-only
SAMM50,25813,0,12,73,85,Benign-only
SAMSN1,64092,0,6,52,58,Benign-only
SAMTOR,154743,0,0,1,1,VUS/Other-only
SANBR,84542,0,5,89,94,Benign-only
SAP130,79595,1,2,117,120,Multiclass
SAP18,10284,0,0,13,13,VUS/Other-only
SAP25,100316904,0,8,33,41,Benign-only
SAP30,8819,0,0,24,24,VUS/Other-only
SAP30BP,29115,0,0,37,37,VUS/Other-only
SAP30L,79685,0,0,21,21,VUS/Other-only
SAPCD1,401251,0,7,14,21,Benign-only
SAPCD2,89958,0,4,73,77,Benign-only
SAR1A,56681,0,1,9,10,Benign-only
SAR1B,51128,19,98,55,172,Multiclass
SARAF,51669,0,1,46,47,Benign-only
SARDH,1757,2,36,170,208,Multiclass
SARM1,23098,0,3,4,7,Benign-only
SARM1;SLC46A1,-1,0,1,0,1,Benign-only
SARNP,84324,0,1,21,22,Benign-only
SARS1,6301,3,13,51,67,Multiclass
SARS2,54938,4,170,189,363,Multiclass
SART1,9092,0,5,119,124,Benign-only
SART3,9733,0,9,117,126,Benign-only
SASH1,23328,12,73,220,305,Multiclass
SASH3,54440,3,10,46,59,Multiclass
SASS6,163786,5,63,77,145,Multiclass
SAT1,6303,0,3,2,5,Benign-only
SAT2,112483,0,3,18,21,Benign-only
SATB1,6304,30,25,149,204,Multiclass
SATB2,23314,190,424,229,843,Multiclass
SATL1,340562,0,9,71,80,Benign-only
SAV1,60485,0,2,36,38,Benign-only
SAXO1,158297,0,8,112,120,Benign-only
SAXO2,283726,0,5,69,74,Benign-only
SAXO4,220004,0,8,83,91,Benign-only
SAXO5,374877,0,0,4,4,VUS/Other-only
SAXO6,56890,6,2,1,9,Multiclass
SAYSD1,55776,0,0,37,37,VUS/Other-only
SBDS,51119,44,130,225,399,Multiclass
SBF1,6305,39,1178,816,2033,Multiclass
SBF2,81846,87,817,864,1768,Multiclass
SBK1,388228,0,0,51,51,VUS/Other-only
SBK2,646643,0,1,53,54,Benign-only
SBK3,100130827,0,0,54,54,VUS/Other-only
SBNO1,55206,0,14,116,130,Benign-only
SBNO2,22904,0,29,277,306,Benign-only
SBSN,374897,0,16,93,109,Benign-only
SBSPON,157869,0,2,49,51,Benign-only
SC5D,6309,2,71,141,214,Multiclass
SCAF1,58506,0,12,252,264,Benign-only
SCAF11,9169,0,16,168,184,Benign-only
SCAF4,57466,41,54,227,322,Multiclass
SCAF4;SOD1,-1,1,0,0,1,Pathogenic-only
SCAF8,22828,0,6,144,150,Benign-only
SCAI,286205,0,2,52,54,Benign-only
SCAMP1,9522,0,0,10,10,VUS/Other-only
SCAMP2,10066,0,2,46,48,Benign-only
SCAMP3,10067,0,1,57,58,Benign-only
SCAMP4,113178,0,7,50,57,Benign-only
SCAMP5,192683,0,4,21,25,Benign-only
SCAND1,51282,0,2,41,43,Benign-only
SCAND3,114821,0,3,75,78,Benign-only
SCAP,22937,0,18,190,208,Benign-only
SCAPER,49855,17,61,166,244,Multiclass
SCARA3,51435,0,11,90,101,Benign-only
SCARA5,286133,0,2,89,91,Benign-only
SCARB1,949,1,118,92,211,Multiclass
SCARB2,950,31,256,217,504,Multiclass
SCARF1,8578,0,14,133,147,Benign-only
SCARF2,91179,8,93,169,270,Multiclass
SCCPDH,51097,0,0,56,56,VUS/Other-only
SCD,6319,0,6,20,26,Benign-only
SCD5,79966,0,3,43,46,Benign-only
SCEL,8796,0,4,100,104,Benign-only
SCFD1,23256,0,1,72,73,Benign-only
SCFD2,152579,1,3,95,99,Multiclass
SCG2,7857,0,3,71,74,Benign-only
SCG3,29106,0,3,54,57,Benign-only
SCG5,6447,0,39,21,60,Benign-only
SCGB1A1,7356,0,3,6,9,Benign-only
SCGB1C1,147199,0,4,7,11,Benign-only
SCGB1C2,653486,0,0,7,7,VUS/Other-only
SCGB1D1,10648,0,1,14,15,Benign-only
SCGB1D2,10647,0,1,18,19,Benign-only
SCGB1D4,404552,0,1,9,10,Benign-only
SCGB2A1,4246,0,1,15,16,Benign-only
SCGB2A2,4250,0,3,14,17,Benign-only
SCGB2B2,284402,0,0,21,21,VUS/Other-only
SCGB3A1,92304,0,5,11,16,Benign-only
SCGB3A2,117156,0,0,12,12,VUS/Other-only
SCGN,10590,0,3,41,44,Benign-only
SCHIP1,29970,1,0,0,1,Pathogenic-only
SCIMP,388325,0,3,16,19,Benign-only
SCIN,85477,0,3,149,152,Benign-only
SCLT1,132320,51,244,231,526,Multiclass
SCLY,51540,0,14,99,113,Benign-only
SCMH1,22955,0,2,65,67,Benign-only
SCML1,6322,0,4,12,16,Benign-only
SCML2,10389,0,5,38,43,Benign-only
SCML4,256380,0,3,57,60,Benign-only
SCN10A,6336,2,973,1448,2423,Multiclass
SCN11A,11280,7,614,992,1613,Multiclass
SCN1A,6323,2088,962,1678,4729,Multiclass
SCN1A-AS1;LOC102724058;SCN1A,-1,0,0,1,1,VUS/Other-only
SCN1A-AS1;SCN1A,-1,2,0,0,2,Pathogenic-only
SCN1A-AS1;SCN7A;SCN9A;XIRP2,-1,0,0,1,1,VUS/Other-only
SCN1A-AS1;SCN9A,-1,3,0,3,6,Pathogenic-only
SCN1A;SCN1A-AS1,-1,1,0,1,2,Pathogenic-only
SCN1B,6324,32,238,370,640,Multiclass
SCN2A,6326,638,887,1247,2772,Multiclass
SCN2B,6327,0,111,121,232,Benign-only
SCN3A,6328,38,799,1175,2012,Multiclass
SCN3B,55800,0,122,122,244,Benign-only
SCN4A,6329,153,813,1273,2239,Multiclass
SCN4B,6330,0,149,158,307,Benign-only
SCN5A,6331,532,1576,2334,4442,Multiclass
SCN7A,6332,0,58,198,256,Benign-only
SCN8A,6334,362,891,1104,2357,Multiclass
SCN9A,6335,167,904,1770,2841,Multiclass
SCN9A;SCN1A;SCN1A-AS1,-1,0,0,1,1,VUS/Other-only
SCNM1,79005,1,4,34,39,Multiclass
SCNN1A,6337,37,113,238,388,Multiclass
SCNN1B,6338,34,126,234,394,Multiclass
SCNN1D,6339,0,45,189,234,Benign-only
SCNN1G,6340,11,118,192,321,Multiclass
SCO1,6341,12,99,143,254,Multiclass
SCO2,9997,45,164,180,389,Multiclass
SCO2;NCAPH2;TYMP,-1,0,1,0,1,Benign-only
SCOC,60592,0,3,20,23,Benign-only
SCP2,6342,27,281,193,501,Multiclass
SCP2D1,140856,0,2,24,26,Benign-only
SCP2D1-AS1,100128496,0,0,1,1,VUS/Other-only
SCPEP1,59342,0,3,67,70,Benign-only
SCRG1,11341,0,1,15,16,Benign-only
SCRIB,23513,1,42,350,393,Multiclass
SCRN1,9805,0,4,52,56,Benign-only
SCRN2,90507,0,7,82,89,Benign-only
SCRN3,79634,0,3,52,55,Benign-only
SCRT1,83482,0,1,38,39,Benign-only
SCRT1;SLC52A2,-1,0,1,0,1,Benign-only
SCRT2,85508,0,3,46,49,Benign-only
SCT,6343,0,2,26,28,Benign-only
SCTR,6344,0,12,67,79,Benign-only
SCUBE1,80274,0,16,163,179,Benign-only
SCUBE2,57758,1,8,147,156,Multiclass
SCUBE3,222663,12,6,138,156,Multiclass
SCX,642658,0,0,1,1,VUS/Other-only
SCYGR1,112441428,0,3,0,3,Benign-only
SCYGR10,112441436,0,1,0,1,Benign-only
SCYGR2,112441435,0,1,1,2,Benign-only
SCYGR7,112441438,0,3,0,3,Benign-only
SCYGR8,112441432,0,1,0,1,Benign-only
SCYL1,57410,26,92,135,253,Multiclass
SCYL1;LTBP3,-1,0,0,1,1,VUS/Other-only
SCYL2,55681,9,10,114,133,Multiclass
SCYL3,57147,0,8,81,89,Benign-only
SDAD1,55153,0,6,97,103,Benign-only
SDC1,6382,0,9,35,44,Benign-only
SDC2,6383,0,1,26,27,Benign-only
SDC3,9672,0,11,74,85,Benign-only
SDC4,6385,0,1,23,24,Benign-only
SDCBP,6386,0,3,25,28,Benign-only
SDCBP2,27111,0,1,43,44,Benign-only
SDCCAG8,10806,84,240,346,670,Multiclass
SDE2,163859,0,3,70,73,Benign-only
SDF2,6388,0,0,24,24,VUS/Other-only
SDF2L1,23753,0,0,33,33,VUS/Other-only
SDF4,51150,0,6,69,75,Benign-only
SDHA,6389,337,1144,1627,3108,Multiclass
SDHAF1,644096,7,24,53,84,Multiclass
SDHAF2,54949,50,233,414,697,Multiclass
SDHAF3,57001,0,0,25,25,VUS/Other-only
SDHAF4,135154,0,0,20,20,VUS/Other-only
SDHB,6390,285,527,711,1523,Multiclass
SDHC,6391,104,380,442,926,Multiclass
SDHD,6392,157,276,424,857,Multiclass
SDIM1,100505705,0,2,0,2,Benign-only
SDK1,221935,0,57,477,534,Benign-only
SDK2,54549,0,21,396,417,Benign-only
SDR16C5,195814,0,4,46,50,Benign-only
SDR39U1,56948,0,3,54,57,Benign-only
SDR42E1,93517,0,3,82,85,Benign-only
SDR42E1;LOC130059544;LOC130059545;LOC130059546;PLCG2,-1,0,0,1,1,VUS/Other-only
SDR42E2,100288072,0,4,0,4,Benign-only
SDR9C7,121214,5,30,69,104,Multiclass
SDS,10993,0,6,58,64,Benign-only
SDSL,113675,0,3,55,58,Benign-only
SEBOX,645832,0,5,37,42,Benign-only
SEC11A,23478,0,0,14,14,VUS/Other-only
SEC11C,90701,0,1,8,9,Benign-only
SEC13,6396,0,2,64,66,Benign-only
SEC14L1,6397,0,11,75,86,Benign-only
SEC14L2,23541,0,3,36,39,Benign-only
SEC14L3,266629,0,1,67,68,Benign-only
SEC14L4,284904,0,2,66,68,Benign-only
SEC14L5,9717,0,8,139,147,Benign-only
SEC14L6,730005,0,6,83,89,Benign-only
SEC16A,9919,0,66,362,428,Benign-only
SEC16B,89866,0,21,164,185,Benign-only
SEC22A,26984,0,2,34,36,Benign-only
SEC22C,9117,0,3,32,35,Benign-only
SEC23A,10484,2,111,127,240,Multiclass
SEC23B,10483,97,437,210,744,Multiclass
SEC23IP,11196,0,10,119,129,Benign-only
SEC24A,10802,0,3,143,146,Benign-only
SEC24B,10427,0,15,176,191,Benign-only
SEC24C,9632,1,14,141,156,Multiclass
SEC24D,9871,36,310,243,589,Multiclass
SEC31A,22872,0,24,113,137,Benign-only
SEC31B,25956,0,17,176,193,Benign-only
SEC61A1,29927,5,208,120,333,Multiclass
SEC61A2,55176,0,0,30,30,VUS/Other-only
SEC61B,10952,0,4,8,12,Benign-only
SEC61G,23480,0,0,3,3,VUS/Other-only
SEC62,7095,0,2,25,27,Benign-only
SEC63,11231,35,228,244,507,Multiclass
SECISBP2,79048,10,20,116,146,Multiclass
SECISBP2L,9728,0,6,119,125,Benign-only
SECTM1,6398,0,7,36,43,Benign-only
SEH1L,81929,0,2,47,49,Benign-only
SEL1L,6400,0,4,84,88,Benign-only
SEL1L2,80343,0,1,0,1,Benign-only
SEL1L3,23231,0,22,147,169,Benign-only
SELE,6401,0,13,75,88,Benign-only
SELENBP1,8991,3,6,74,83,Multiclass
SELENOF,9403,0,4,24,28,Benign-only
SELENOH,280636,0,0,2,2,VUS/Other-only
SELENOI,85465,0,19,36,55,Benign-only
SELENOK,58515,0,1,13,14,Benign-only
SELENOM,140606,0,1,21,22,Benign-only
SELENON,57190,109,331,316,756,Multiclass
SELENOO,83642,0,11,193,204,Benign-only
SELENOP,6414,0,9,45,54,Benign-only
SELENOS,55829,0,4,36,40,Benign-only
SELENOT,51714,0,0,20,20,VUS/Other-only
SELENOV,348303,0,4,62,66,Benign-only
SELENOW,6415,0,0,14,14,VUS/Other-only
SELL,6402,0,6,49,55,Benign-only
SELP,6403,0,18,98,116,Benign-only
SELPLG,6404,0,14,53,67,Benign-only
SEM1,7979,0,2,4,6,Benign-only
SEMA3A,10371,3,124,137,264,Multiclass
SEMA3B,7869,0,11,50,61,Benign-only
SEMA3C,10512,0,21,92,113,Benign-only
SEMA3D,223117,1,31,99,131,Multiclass
SEMA3E,9723,2,400,422,824,Multiclass
SEMA3F,6405,0,11,120,131,Benign-only
SEMA3G,56920,0,11,149,160,Benign-only
SEMA4A,64218,3,230,390,623,Multiclass
SEMA4B,10509,0,10,140,150,Benign-only
SEMA4C,54910,0,5,120,125,Benign-only
SEMA4D,10507,0,20,128,148,Benign-only
SEMA4F,10505,0,9,126,135,Benign-only
SEMA4G,57715,0,5,127,132,Benign-only
SEMA5A,9037,0,63,158,221,Benign-only
SEMA5B,54437,0,7,176,183,Benign-only
SEMA6A,57556,2,13,160,175,Multiclass
SEMA6B,10501,25,82,211,318,Multiclass
SEMA6C,10500,0,6,8,14,Benign-only
SEMA6D,80031,0,6,122,128,Benign-only
SEMA7A,8482,0,16,75,91,Benign-only
SEMG1,6406,0,4,71,75,Benign-only
SEMG2,6407,0,4,89,93,Benign-only
SENP1,29843,0,2,0,2,Benign-only
SENP2,59343,0,5,68,73,Benign-only
SENP3,26168,0,1,52,53,Benign-only
SENP5,205564,0,6,77,83,Benign-only
SENP6,26054,0,12,129,141,Benign-only
SENP7,57337,3,18,98,119,Multiclass
SENP8,123228,0,0,14,14,VUS/Other-only
SEPHS1,22929,4,8,40,52,Multiclass
SEPHS2,22928,0,1,55,56,Benign-only
SEPSECS,51091,108,363,167,638,Multiclass
SEPTIN10,151011,0,3,110,113,Benign-only
SEPTIN11,55752,0,0,43,43,VUS/Other-only
SEPTIN12,124404,0,20,90,110,Benign-only
SEPTIN14,346288,0,9,65,74,Benign-only
SEPTIN2,4735,0,1,36,37,Benign-only
SEPTIN3,55964,0,2,30,32,Benign-only
SEPTIN4,5414,1,7,77,85,Multiclass
SEPTIN5,5413,0,13,41,54,Benign-only
SEPTIN6,23157,0,4,28,32,Benign-only
SEPTIN7,989,0,1,35,36,Benign-only
SEPTIN8,23176,0,0,69,69,VUS/Other-only
SEPTIN9,10801,1,384,320,705,Multiclass
SERAC1,84947,56,251,169,476,Multiclass
SERBP1,26135,0,0,54,54,VUS/Other-only
SERF1A,8293,0,1,0,1,Benign-only
SERF2,10169,0,0,15,15,VUS/Other-only
SERGEF,26297,0,4,64,68,Benign-only
SERHL2,253190,0,7,55,62,Benign-only
SERINC1,57515,0,4,50,54,Benign-only
SERINC2,347735,0,9,92,101,Benign-only
SERINC3,10955,0,9,63,72,Benign-only
SERINC5,256987,0,9,53,62,Benign-only
SERP1,27230,0,0,6,6,VUS/Other-only
SERP2,387923,0,0,3,3,VUS/Other-only
SERPINA1,5265,60,233,129,422,Multiclass
SERPINA10,51156,0,7,57,64,Benign-only
SERPINA11,256394,1,8,66,75,Multiclass
SERPINA12,145264,0,10,65,75,Benign-only
SERPINA3,12,0,29,69,98,Benign-only
SERPINA4,5267,0,9,80,89,Benign-only
SERPINA5,5104,0,6,74,80,Benign-only
SERPINA6,866,0,4,69,73,Benign-only
SERPINA7,6906,2,9,41,52,Multiclass
SERPINA9,327657,0,7,92,99,Benign-only
SERPINB1,1992,0,8,59,67,Benign-only
SERPINB10,5273,0,4,54,58,Benign-only
SERPINB11,89778,0,4,69,73,Benign-only
SERPINB12,89777,0,2,70,72,Benign-only
SERPINB13,5275,0,4,68,72,Benign-only
SERPINB2,5055,0,15,49,64,Benign-only
SERPINB3,6317,0,13,57,70,Benign-only
SERPINB4,6318,0,9,70,79,Benign-only
SERPINB5,5268,0,2,47,49,Benign-only
SERPINB6,5269,3,101,87,191,Multiclass
SERPINB7,8710,8,31,70,109,Multiclass
SERPINB8,5271,4,38,57,99,Multiclass
SERPINB9,5272,0,5,58,63,Benign-only
SERPINC1,462,129,129,154,412,Multiclass
SERPIND1,3053,1,21,64,86,Multiclass
SERPINE1,5054,1,36,92,129,Multiclass
SERPINE2,5270,0,4,43,47,Benign-only
SERPINE3,647174,0,7,37,44,Benign-only
SERPINF1,5176,60,182,141,383,Multiclass
SERPINF2,5345,2,33,62,97,Multiclass
SERPING1,710,330,209,235,774,Multiclass
SERPINH1,871,9,103,150,262,Multiclass
SERPINI1,5274,4,153,225,382,Multiclass
SERPINI2,5276,0,2,41,43,Benign-only
SERTAD1,29950,0,1,31,32,Benign-only
SERTAD2,9792,0,5,43,48,Benign-only
SERTAD3,29946,0,1,30,31,Benign-only
SERTAD4,56256,0,1,54,55,Benign-only
SERTM1,400120,0,0,10,10,VUS/Other-only
SERTM2,401613,0,2,0,2,Benign-only
SESN1,27244,0,0,53,53,VUS/Other-only
SESN2,83667,0,15,72,87,Benign-only
SESN3,143686,0,2,41,43,Benign-only
SESTD1,91404,0,3,58,61,Benign-only
SET,6418,34,27,46,107,Multiclass
SETBP1,26040,110,836,752,1698,Multiclass
SETD1A,9739,67,179,496,742,Multiclass
SETD1B,23067,91,168,407,666,Multiclass
SETD2,29072,66,538,762,1366,Multiclass
SETD3,84193,0,8,76,84,Benign-only
SETD4,54093,0,7,54,61,Benign-only
SETD5,55209,268,444,608,1320,Multiclass
SETD6,79918,0,5,82,87,Benign-only
SETD7,80854,0,1,29,30,Benign-only
SETD9,133383,0,3,32,35,Benign-only
SETDB1,9869,0,23,39,62,Benign-only
SETDB2,83852,0,8,68,76,Benign-only
SETMAR,6419,0,6,63,69,Benign-only
SETSIP,646817,1,0,0,1,Pathogenic-only
SETX,23064,111,785,877,1773,Multiclass
SEZ6,124925,1,19,115,135,Multiclass
SEZ6L,23544,1,19,164,184,Multiclass
SEZ6L2,26470,0,24,111,135,Benign-only
SF1,7536,2,11,91,104,Multiclass
SF3A1,10291,0,2,48,50,Benign-only
SF3A2,8175,0,2,58,60,Benign-only
SF3A3,10946,0,1,33,34,Benign-only
SF3B1,23451,4,18,46,68,Multiclass
SF3B2,10992,4,14,96,114,Multiclass
SF3B3,23450,0,0,64,64,VUS/Other-only
SF3B4,10262,32,45,46,123,Multiclass
SF3B5,83443,0,0,5,5,VUS/Other-only
SF3B6,51639,0,2,5,7,Benign-only
SFI1,9814,0,42,235,277,Benign-only
SFMBT1,51460,0,6,1,7,Benign-only
SFMBT2,57713,0,10,123,133,Benign-only
SFN,2810,0,0,31,31,VUS/Other-only
SFPQ,6421,0,7,85,92,Benign-only
SFR1,119392,0,2,38,40,Benign-only
SFRP1,6422,0,3,27,30,Benign-only
SFRP2,6423,0,3,30,33,Benign-only
SFRP4,6424,15,73,83,171,Multiclass
SFRP5,6425,0,2,63,65,Benign-only
SFSWAP,6433,0,14,118,132,Benign-only
SFT2D1,113402,0,2,18,20,Benign-only
SFT2D2,375035,0,1,22,23,Benign-only
SFT2D3,84826,0,0,50,50,VUS/Other-only
SFTA2,389376,0,0,5,5,VUS/Other-only
SFTPA1,653509,0,31,49,80,Benign-only
SFTPA2,729238,3,31,45,79,Multiclass
SFTPB,6439,18,104,104,226,Multiclass
SFTPC,6440,24,74,79,177,Multiclass
SFTPD,6441,0,14,28,42,Benign-only
SFXN1,94081,0,3,36,39,Benign-only
SFXN2,118980,0,3,53,56,Benign-only
SFXN3,81855,0,1,42,43,Benign-only
SFXN4,119559,14,136,43,193,Multiclass
SFXN5,94097,0,1,68,69,Benign-only
SGCA,6442,186,351,207,744,Multiclass
SGCB,6443,125,235,209,569,Multiclass
SGCD,6444,47,373,340,760,Multiclass
SGCE,8910,151,217,346,714,Multiclass
SGCG,6445,110,260,177,547,Multiclass
SGCZ,137868,0,2,53,55,Benign-only
SGF29,112869,0,1,19,20,Benign-only
SGIP1,84251,0,3,120,123,Benign-only
SGK1,6446,0,6,27,33,Benign-only
SGK2,10110,0,7,60,67,Benign-only
SGK3,23678,0,0,45,45,VUS/Other-only
SGMS1,259230,2,0,21,23,Pathogenic-only
SGMS2,166929,3,68,102,173,Multiclass
SGO1,151648,1,16,5,22,Multiclass
SGO2,151246,0,7,10,17,Benign-only
SGPL1,8879,21,187,134,342,Multiclass
SGPP1,81537,0,4,61,65,Benign-only
SGPP2,130367,0,4,50,54,Benign-only
SGSH,6448,206,516,322,1044,Multiclass
SGSH;SLC26A11,-1,1,0,0,1,Pathogenic-only
SGSM1,129049,0,11,153,164,Benign-only
SGSM2,9905,0,7,191,198,Benign-only
SGSM3,27352,2,27,139,168,Multiclass
SGTA,6449,0,3,18,21,Benign-only
SGTB,54557,0,0,22,22,VUS/Other-only
SH2B1,25970,0,69,172,241,Benign-only
SH2B2,10603,0,0,2,2,VUS/Other-only
SH2B3,10019,4,407,690,1101,Multiclass
SH2D1A,4068,36,57,57,150,Multiclass
SH2D1B,117157,0,0,17,17,VUS/Other-only
SH2D2A,9047,0,6,51,57,Benign-only
SH2D3A,10045,0,4,99,103,Benign-only
SH2D3C,10044,0,11,95,106,Benign-only
SH2D4A,63898,0,1,80,81,Benign-only
SH2D4B,387694,0,0,66,66,VUS/Other-only
SH2D5,400745,0,1,76,77,Benign-only
SH2D6,284948,0,6,19,25,Benign-only
SH2D7,646892,0,4,71,75,Benign-only
SH3BGR,6450,0,1,35,36,Benign-only
SH3BGRL,6451,0,0,5,5,VUS/Other-only
SH3BGRL2,83699,0,1,12,13,Benign-only
SH3BGRL3,83442,0,0,15,15,VUS/Other-only
SH3BP1,23616,0,6,119,125,Benign-only
SH3BP2,6452,8,408,409,825,Multiclass
SH3BP4,23677,0,22,133,155,Benign-only
SH3BP5,9467,0,3,62,65,Benign-only
SH3BP5;SH3BP5-AS1,-1,0,0,1,1,VUS/Other-only
SH3BP5L,80851,0,0,47,47,VUS/Other-only
SH3D19,152503,0,8,112,120,Benign-only
SH3D21,79729,0,14,121,135,Benign-only
SH3GL1,6455,0,13,48,61,Benign-only
SH3GL2,6456,0,1,37,38,Benign-only
SH3GL3,6457,0,0,37,37,VUS/Other-only
SH3GLB1,51100,0,0,48,48,VUS/Other-only
SH3GLB2,56904,0,2,48,50,Benign-only
SH3KBP1,30011,0,192,174,366,Benign-only
SH3PXD2A,9644,0,11,167,178,Benign-only
SH3PXD2B,285590,13,277,319,609,Multiclass
SH3RF1,57630,0,7,99,106,Benign-only
SH3RF2,153769,0,6,132,138,Benign-only
SH3RF3,344558,0,12,132,144,Benign-only
SH3TC1,54436,0,30,327,357,Benign-only
SH3TC2,79628,160,649,845,1654,Multiclass
SH3YL1,26751,0,2,58,60,Benign-only
SHANK1,50944,20,117,429,566,Multiclass
SHANK2,22941,41,182,217,440,Multiclass
SHANK3,85358,191,379,490,1060,Multiclass
SHARPIN,81858,1,13,66,80,Multiclass
SHB,6461,0,7,112,119,Benign-only
SHBG,6462,0,12,45,57,Benign-only
SHC1,6464,0,2,65,67,Benign-only
SHC2,25759,0,5,135,140,Benign-only
SHC3,53358,0,6,82,88,Benign-only
SHC4,399694,0,2,83,85,Benign-only
SHCBP1,79801,0,5,101,106,Benign-only
SHCBP1L,81626,0,6,109,115,Benign-only
SHD,56961,0,2,66,68,Benign-only
SHE,126669,0,1,76,77,Benign-only
SHF,90525,0,1,60,61,Benign-only
SHFL,55337,0,2,2,4,Benign-only
SHH,6469,104,167,326,597,Multiclass
SHISA2,387914,0,0,53,53,VUS/Other-only
SHISA3,152573,0,1,41,42,Benign-only
SHISA4,149345,0,0,27,27,VUS/Other-only
SHISA5,51246,0,1,20,21,Benign-only
SHISA6,388336,0,0,110,110,VUS/Other-only
SHISA7,729956,0,4,57,61,Benign-only
SHISA8,440829,0,2,88,90,Benign-only
SHISA9,729993,0,2,61,63,Benign-only
SHISAL1,85352,0,1,30,31,Benign-only
SHISAL2A,348378,0,3,33,36,Benign-only
SHISAL2B,100132916,0,1,37,38,Benign-only
SHKBP1,92799,0,2,102,104,Benign-only
SHLD1,149840,0,0,1,1,VUS/Other-only
SHLD2,54537,0,11,99,110,Benign-only
SHMT1,6470,0,16,57,73,Benign-only
SHMT2,6472,3,15,68,86,Multiclass
SHOC1,158401,6,6,13,25,Multiclass
SHOC2,8036,4,328,345,677,Multiclass
SHOX,6473,90,88,254,432,Multiclass
SHOX2,6474,0,7,59,66,Benign-only
SHPK,23729,0,91,149,240,Benign-only
SHPRH,257218,0,10,172,182,Benign-only
SHQ1,55164,2,17,105,124,Multiclass
SHROOM1,134549,0,10,129,139,Benign-only
SHROOM2,357,1,39,216,256,Multiclass
SHROOM3,57619,0,86,303,389,Benign-only
SHROOM4,57477,1,64,228,293,Multiclass
SHTN1,57698,0,4,46,50,Benign-only
SI,6476,157,659,759,1575,Multiclass
SIAE,54414,0,188,339,527,Benign-only
SIAE;SPA17,-1,0,0,2,2,VUS/Other-only
SIAH1,6477,14,9,32,55,Multiclass
SIAH2,6478,0,2,29,31,Benign-only
SIAH3,283514,0,3,54,57,Benign-only
SIDT1,54847,0,1,123,124,Benign-only
SIDT2,51092,0,7,104,111,Benign-only
SIGIRR,59307,0,7,68,75,Benign-only
SIGLEC1,6614,0,60,271,331,Benign-only
SIGLEC10,89790,0,35,91,126,Benign-only
SIGLEC10;SIGLEC10-AS1,-1,0,0,1,1,VUS/Other-only
SIGLEC11,114132,0,28,132,160,Benign-only
SIGLEC12,89858,0,7,121,128,Benign-only
SIGLEC14,100049587,0,1,52,53,Benign-only
SIGLEC15,284266,0,8,61,69,Benign-only
SIGLEC15;EPG5,-1,0,1,0,1,Benign-only
SIGLEC16,400709,0,9,0,9,Benign-only
SIGLEC5,8778,0,8,76,84,Benign-only
SIGLEC6,946,0,7,66,73,Benign-only
SIGLEC7,27036,0,1,70,71,Benign-only
SIGLEC8,27181,0,7,78,85,Benign-only
SIGLEC9,27180,0,6,59,65,Benign-only
SIGLECL1,284369,0,4,21,25,Benign-only
SIGMAR1,10280,26,97,94,217,Multiclass
SIK1,150094,4,538,496,1038,Multiclass
SIK2,23235,0,5,88,93,Benign-only
SIK3,23387,1,26,132,159,Multiclass
SIKE1,80143,0,0,17,17,VUS/Other-only
SIL1,64374,31,163,184,378,Multiclass
SIM1,6492,9,84,233,326,Multiclass
SIM2,6493,0,11,109,120,Benign-only
SIMC1,375484,0,5,74,79,Benign-only
SIN3A,25942,109,276,365,750,Multiclass
SIN3B,23309,3,30,234,267,Multiclass
SINHCAF,58516,0,2,19,21,Benign-only
SIPA1,6494,0,11,156,167,Benign-only
SIPA1L1,26037,0,19,218,237,Benign-only
SIPA1L2,57568,0,23,237,260,Benign-only
SIPA1L3,23094,1,188,371,560,Multiclass
SIRAL2,55007,0,1,0,1,Benign-only
SIRPA,140885,0,18,67,85,Benign-only
SIRPB1,10326,0,9,57,66,Benign-only
SIRPB2,284759,0,7,38,45,Benign-only
SIRPD,128646,0,3,27,30,Benign-only
SIRPG,55423,0,12,56,68,Benign-only
SIRT1,23411,0,63,130,193,Benign-only
SIRT2,22933,0,6,62,68,Benign-only
SIRT3,23410,0,6,83,89,Benign-only
SIRT4,23409,0,5,44,49,Benign-only
SIRT5,23408,0,5,51,56,Benign-only
SIRT6,51548,2,13,58,73,Multiclass
SIRT7,51547,0,2,48,50,Benign-only
SIT1,27240,0,3,23,26,Benign-only
SIVA1,10572,0,3,37,40,Benign-only
SIX1,6495,23,76,153,252,Multiclass
SIX2,10736,1,41,67,109,Multiclass
SIX3,6496,30,80,135,245,Multiclass
SIX4,51804,0,1,87,88,Benign-only
SIX5,147912,0,197,341,538,Benign-only
SIX6,4990,7,57,78,142,Multiclass
SKA1,220134,0,3,19,22,Benign-only
SKA2,348235,0,5,13,18,Benign-only
SKA3,221150,0,5,44,49,Benign-only
SKAP1,8631,0,3,43,46,Benign-only
SKAP2,8935,0,5,33,38,Benign-only
SKI,6497,30,672,648,1350,Multiclass
SKIC2,6499,140,641,402,1183,Multiclass
SKIC3,9652,169,872,475,1516,Multiclass
SKIC8,80349,0,0,23,23,VUS/Other-only
SKIDA1,387640,0,8,158,166,Benign-only
SKIL,6498,0,7,85,92,Benign-only
SKOR1,390598,0,2,0,2,Benign-only
SKOR2,652991,1,0,0,1,Pathogenic-only
SKP1,6500,0,0,6,6,VUS/Other-only
SKP2,6502,0,1,34,35,Benign-only
SLA,6503,0,7,38,45,Benign-only
SLA2,84174,0,5,38,43,Benign-only
SLA;TG,-1,0,2,0,2,Benign-only
SLAIN1,122060,0,4,49,53,Benign-only
SLAIN2,57606,0,3,98,101,Benign-only
SLAMF1,6504,0,4,18,22,Benign-only
SLAMF6,114836,0,6,31,37,Benign-only
SLAMF7,57823,0,2,21,23,Benign-only
SLAMF8,56833,0,4,42,46,Benign-only
SLAMF9,89886,0,13,34,47,Benign-only
SLBP,7884,0,4,31,35,Benign-only
SLC10A1,6554,6,17,113,136,Multiclass
SLC10A2,6555,1,113,262,376,Multiclass
SLC10A3,8273,0,9,44,53,Benign-only
SLC10A4,201780,0,1,63,64,Benign-only
SLC10A5,347051,0,5,63,68,Benign-only
SLC10A6,345274,0,6,48,54,Benign-only
SLC10A7,84068,3,34,40,77,Multiclass
SLC11A1,6556,0,19,93,112,Benign-only
SLC11A2,4891,3,48,98,149,Multiclass
SLC12A1,6557,128,527,372,1027,Multiclass
SLC12A2,6558,21,228,385,634,Multiclass
SLC12A3,6559,448,968,431,1847,Multiclass
SLC12A4,6560,0,11,177,188,Benign-only
SLC12A5,57468,45,584,373,1002,Multiclass
SLC12A6,9990,214,913,529,1656,Multiclass
SLC12A7,10723,0,93,173,266,Benign-only
SLC12A8,84561,0,8,121,129,Benign-only
SLC12A9,56996,0,7,133,140,Benign-only
SLC13A1,6561,0,15,69,84,Benign-only
SLC13A2,9058,0,6,81,87,Benign-only
SLC13A3,64849,1,95,130,226,Multiclass
SLC13A4,26266,0,3,63,66,Benign-only
SLC13A5,284111,57,427,293,777,Multiclass
SLC14A1,6563,2,10,42,54,Multiclass
SLC14A2,8170,0,6,142,148,Benign-only
SLC15A1,6564,0,13,91,104,Benign-only
SLC15A2,6565,0,6,94,100,Benign-only
SLC15A3,51296,0,6,94,100,Benign-only
SLC15A4,121260,0,5,70,75,Benign-only
SLC15A5,729025,0,4,89,93,Benign-only
SLC16A1,6566,21,114,205,340,Multiclass
SLC16A10,117247,0,8,58,66,Benign-only
SLC16A11,162515,0,5,93,98,Benign-only
SLC16A12,387700,1,29,100,130,Multiclass
SLC16A13,201232,1,3,52,56,Multiclass
SLC16A14,151473,0,2,53,55,Benign-only
SLC16A1;SLC16A1-AS1,-1,1,0,0,1,Pathogenic-only
SLC16A2,6567,100,134,177,411,Multiclass
SLC16A3,9123,0,17,91,108,Benign-only
SLC16A4,9122,0,3,55,58,Benign-only
SLC16A5,9121,0,9,83,92,Benign-only
SLC16A6,9120,0,17,73,90,Benign-only
SLC16A7,9194,0,6,68,74,Benign-only
SLC16A8,23539,0,7,98,105,Benign-only
SLC16A9,220963,0,4,54,58,Benign-only
SLC17A1,6568,0,8,54,62,Benign-only
SLC17A2,10246,0,3,58,61,Benign-only
SLC17A3,10786,0,2,51,53,Benign-only
SLC17A4,10050,0,5,63,68,Benign-only
SLC17A5,26503,142,351,199,692,Multiclass
SLC17A6,57084,0,3,56,59,Benign-only
SLC17A7,57030,0,8,40,48,Benign-only
SLC17A8,246213,4,122,221,347,Multiclass
SLC17A9,63910,0,15,71,86,Benign-only
SLC18A1,6570,0,5,114,119,Benign-only
SLC18A2,6571,12,133,100,245,Multiclass
SLC18A3,6572,4,107,181,292,Multiclass
SLC18A3;CHAT,-1,0,0,1,1,VUS/Other-only
SLC18B1,116843,0,10,69,79,Benign-only
SLC19A1,6573,0,103,130,234,Benign-only
SLC19A1;COL18A1,-1,2,0,0,2,Pathogenic-only
SLC19A2,10560,53,234,192,479,Multiclass
SLC19A3,80704,70,303,284,657,Multiclass
SLC1A1,6505,1,63,153,217,Multiclass
SLC1A2,6506,9,289,215,513,Multiclass
SLC1A3,6507,0,127,181,308,Benign-only
SLC1A4,6509,24,280,115,419,Multiclass
SLC1A5,6510,0,4,61,65,Benign-only
SLC1A6,6511,0,1,46,47,Benign-only
SLC1A7,6512,0,8,112,120,Benign-only
SLC20A1,6574,0,4,73,77,Benign-only
SLC20A2,6575,77,130,202,409,Multiclass
SLC22A1,6580,0,13,77,90,Benign-only
SLC22A10,387775,0,5,80,85,Benign-only
SLC22A11,55867,0,6,74,80,Benign-only
SLC22A12,116085,18,115,173,306,Multiclass
SLC22A13,9390,0,12,72,84,Benign-only
SLC22A14,9389,0,23,76,99,Benign-only
SLC22A15,55356,0,4,68,72,Benign-only
SLC22A16,85413,0,9,100,109,Benign-only
SLC22A17,51310,0,3,87,90,Benign-only
SLC22A18,5002,0,4,12,16,Benign-only
SLC22A2,6582,0,5,53,58,Benign-only
SLC22A23,63027,0,7,95,102,Benign-only
SLC22A24,283238,0,7,107,114,Benign-only
SLC22A25,387601,0,14,80,94,Benign-only
SLC22A3,6581,0,5,69,74,Benign-only
SLC22A31,146429,0,7,68,75,Benign-only
SLC22A4,6583,0,84,94,178,Benign-only
SLC22A5,6584,267,519,391,1177,Multiclass
SLC22A6,9356,0,8,78,86,Benign-only
SLC22A7,10864,0,5,59,64,Benign-only
SLC22A8,9376,0,10,57,67,Benign-only
SLC22A9,114571,0,7,66,73,Benign-only
SLC23A1,9963,0,11,69,80,Benign-only
SLC23A2,9962,0,8,45,53,Benign-only
SLC23A3,151295,0,6,67,73,Benign-only
SLC24A1,9187,40,235,459,734,Multiclass
SLC24A2,25769,0,7,95,102,Benign-only
SLC24A3,57419,0,3,82,85,Benign-only
SLC24A4,123041,0,62,97,159,Benign-only
SLC24A5,283652,36,103,134,273,Multiclass
SLC24A5;MYEF2,-1,0,1,0,1,Benign-only
SLC25A1,6576,23,104,84,211,Multiclass
SLC25A10,1468,4,18,62,84,Multiclass
SLC25A11,8402,0,34,45,79,Benign-only
SLC25A12,8604,18,284,229,531,Multiclass
SLC25A13,10165,208,464,208,880,Multiclass
SLC25A14,9016,0,0,1,1,VUS/Other-only
SLC25A15,10166,82,238,143,463,Multiclass
SLC25A16,8034,1,1,43,45,Multiclass
SLC25A17,10478,0,2,46,48,Benign-only
SLC25A18,83733,0,3,54,57,Benign-only
SLC25A19,60386,4,90,81,175,Multiclass
SLC25A2,83884,0,0,43,43,VUS/Other-only
SLC25A20,788,72,153,110,335,Multiclass
SLC25A21,89874,0,69,87,156,Benign-only
SLC25A21;SLC25A21-AS1,-1,0,2,0,2,Benign-only
SLC25A22,79751,20,284,250,554,Multiclass
SLC25A23,79085,0,6,89,95,Benign-only
SLC25A24,29957,3,84,112,199,Multiclass
SLC25A25,114789,0,2,43,45,Benign-only
SLC25A26,115286,4,111,74,189,Multiclass
SLC25A27,9481,0,1,36,37,Benign-only
SLC25A28,81894,0,0,32,32,VUS/Other-only
SLC25A29,123096,0,6,58,64,Benign-only
SLC25A29;LOC130056456;LOC130056457;MIR6764;YY1,-1,1,0,0,1,Pathogenic-only
SLC25A3,5250,9,133,90,232,Multiclass
SLC25A30,253512,0,1,40,41,Benign-only
SLC25A31,83447,0,0,36,36,VUS/Other-only
SLC25A32,81034,0,116,126,242,Benign-only
SLC25A33,84275,0,1,38,39,Benign-only
SLC25A34,284723,0,7,54,61,Benign-only
SLC25A35,399512,0,1,36,37,Benign-only
SLC25A35;RANGRF,-1,0,1,0,1,Benign-only
SLC25A36,55186,0,1,28,29,Benign-only
SLC25A37,51312,0,3,56,59,Benign-only
SLC25A38,54977,59,89,100,248,Multiclass
SLC25A39,51629,0,5,81,86,Benign-only
SLC25A4,291,17,117,157,291,Multiclass
SLC25A40,55972,0,2,31,33,Benign-only
SLC25A41,284427,0,4,79,83,Benign-only
SLC25A42,284439,4,116,76,196,Multiclass
SLC25A43,203427,0,1,35,36,Benign-only
SLC25A44,9673,0,0,26,26,VUS/Other-only
SLC25A45,283130,0,5,48,53,Benign-only
SLC25A46,91137,28,179,204,411,Multiclass
SLC25A47,283600,0,9,71,80,Benign-only
SLC25A48,153328,0,3,18,21,Benign-only
SLC25A5,292,0,5,10,15,Benign-only
SLC25A51,92014,0,1,27,28,Benign-only
SLC25A52,147407,0,0,10,10,VUS/Other-only
SLC25A53,401612,0,3,34,37,Benign-only
SLC25A6,293,0,18,0,18,Benign-only
SLC26A1,10861,0,146,352,498,Benign-only
SLC26A11,284129,0,8,113,121,Benign-only
SLC26A1;IDUA,-1,0,1,0,1,Benign-only
SLC26A2,1836,217,318,292,827,Multiclass
SLC26A3,1811,102,486,245,833,Multiclass
SLC26A4,5172,587,663,310,1560,Multiclass
SLC26A5,375611,20,135,126,281,Multiclass
SLC26A6,65010,0,29,107,136,Benign-only
SLC26A7,115111,4,7,95,106,Multiclass
SLC26A8,116369,0,48,112,160,Benign-only
SLC26A9,115019,0,12,133,145,Benign-only
SLC27A1,376497,0,10,92,102,Benign-only
SLC27A2,11001,0,7,95,102,Benign-only
SLC27A3,11000,0,9,144,153,Benign-only
SLC27A4,10999,46,341,134,521,Multiclass
SLC27A5,10998,0,43,206,249,Benign-only
SLC27A6,28965,0,4,97,101,Benign-only
SLC28A1,9154,0,8,86,94,Benign-only
SLC28A2,9153,0,5,90,95,Benign-only
SLC28A3,64078,0,10,81,91,Benign-only
SLC29A1,2030,0,9,41,50,Benign-only
SLC29A2,3177,0,3,60,63,Benign-only
SLC29A3,55315,45,245,247,537,Multiclass
SLC29A4,222962,0,15,130,145,Benign-only
SLC2A1,6513,325,355,436,1116,Multiclass
SLC2A1-DT;SLC2A1,-1,1,1,0,2,Multiclass
SLC2A10,81031,53,296,334,683,Multiclass
SLC2A11,66035,0,4,81,85,Benign-only
SLC2A12,154091,0,7,85,92,Benign-only
SLC2A13,114134,0,3,74,77,Benign-only
SLC2A14,144195,0,7,65,72,Benign-only
SLC2A1;SLC2A1-DT,-1,1,0,0,1,Pathogenic-only
SLC2A2,6514,50,144,164,359,Multiclass
SLC2A3,6515,0,11,59,70,Benign-only
SLC2A4,6517,0,6,50,56,Benign-only
SLC2A4RG,56731,0,10,74,84,Benign-only
SLC2A5,6518,0,23,74,97,Benign-only
SLC2A6,11182,0,7,81,88,Benign-only
SLC2A7,155184,0,12,98,110,Benign-only
SLC2A8,29988,0,6,78,84,Benign-only
SLC2A9,56606,14,158,122,294,Multiclass
SLC30A1,7779,0,0,33,33,VUS/Other-only
SLC30A10,55532,5,137,145,287,Multiclass
SLC30A2,7780,3,2,43,48,Multiclass
SLC30A3,7781,0,8,46,54,Benign-only
SLC30A4,7782,0,3,41,44,Benign-only
SLC30A5,64924,2,7,73,82,Multiclass
SLC30A6,55676,0,5,62,67,Benign-only
SLC30A6-DT;SPAST,-1,1,0,0,1,Pathogenic-only
SLC30A6;SLC30A6-DT;SPAST,-1,8,0,0,8,Pathogenic-only
SLC30A7,148867,4,11,57,72,Multiclass
SLC30A8,169026,0,7,54,61,Benign-only
SLC30A9,10463,7,15,57,79,Multiclass
SLC31A1,1317,1,4,18,23,Multiclass
SLC31A2,1318,0,1,12,13,Benign-only
SLC32A1,140679,3,6,79,88,Multiclass
SLC33A1,9197,2,102,156,260,Multiclass
SLC33A2,113655,0,1,10,11,Benign-only
SLC34A1,6569,52,197,274,523,Multiclass
SLC34A2,10568,15,72,113,200,Multiclass
SLC34A3,142680,88,321,370,779,Multiclass
SLC35A1,10559,0,67,43,110,Benign-only
SLC35A2,7355,46,164,119,329,Multiclass
SLC35A3,23443,49,207,65,321,Multiclass
SLC35A4,113829,0,1,55,56,Benign-only
SLC35A5,55032,0,3,49,52,Benign-only
SLC35B1,10237,0,1,38,39,Benign-only
SLC35B2,347734,2,7,86,95,Multiclass
SLC35B3,51000,0,5,41,46,Benign-only
SLC35B4,84912,0,3,38,41,Benign-only
SLC35C1,55343,8,139,173,320,Multiclass
SLC35C2,51006,0,1,13,14,Benign-only
SLC35D1,23169,9,140,81,230,Multiclass
SLC35D2,11046,0,1,49,50,Benign-only
SLC35D3,340146,0,3,53,56,Benign-only
SLC35D4,85019,0,0,4,4,VUS/Other-only
SLC35E1,79939,0,2,51,53,Benign-only
SLC35E2A,9906,0,5,36,41,Benign-only
SLC35E2B,728661,0,9,64,73,Benign-only
SLC35E3,55508,0,2,36,38,Benign-only
SLC35E4,339665,0,1,54,55,Benign-only
SLC35F1,222553,0,1,43,44,Benign-only
SLC35F2,54733,0,0,46,46,VUS/Other-only
SLC35F3,148641,0,7,62,69,Benign-only
SLC35F4,341880,0,0,60,60,VUS/Other-only
SLC35F5,80255,0,3,61,64,Benign-only
SLC35F6,54978,0,1,58,59,Benign-only
SLC35G1,159371,0,6,52,58,Benign-only
SLC35G2,80723,0,1,45,46,Benign-only
SLC35G3,146861,0,0,74,74,VUS/Other-only
SLC35G5,83650,0,1,90,91,Benign-only
SLC35G6,643664,0,4,54,58,Benign-only
SLC35H1,51006,0,1,17,18,Benign-only
SLC36A1,206358,0,7,56,63,Benign-only
SLC36A2,153201,0,91,101,192,Benign-only
SLC36A3,285641,0,2,74,76,Benign-only
SLC36A4,120103,0,4,70,74,Benign-only
SLC37A1,54020,0,24,84,108,Benign-only
SLC37A2,219855,0,7,58,65,Benign-only
SLC37A3,84255,0,9,63,72,Benign-only
SLC37A4,2542,170,372,318,860,Multiclass
SLC38A1,81539,0,1,40,41,Benign-only
SLC38A10,124565,0,14,119,133,Benign-only
SLC38A11,151258,0,3,64,67,Benign-only
SLC38A12,54868,0,2,8,10,Benign-only
SLC38A2,54407,0,7,43,50,Benign-only
SLC38A3,10991,3,3,53,59,Multiclass
SLC38A4,55089,0,3,48,51,Benign-only
SLC38A5,92745,0,11,22,33,Benign-only
SLC38A6,145389,0,6,49,55,Benign-only
SLC38A7,55238,0,3,49,52,Benign-only
SLC38A8,146167,64,513,153,730,Multiclass
SLC38A9,153129,0,3,56,59,Benign-only
SLC39A1,27173,0,1,41,42,Benign-only
SLC39A10,57181,0,9,74,83,Benign-only
SLC39A11,201266,0,8,50,58,Benign-only
SLC39A12,221074,0,9,91,100,Benign-only
SLC39A13,91252,3,233,146,382,Multiclass
SLC39A13-AS1,127138868,0,1,0,1,Benign-only
SLC39A14,23516,7,157,95,259,Multiclass
SLC39A2,29986,0,7,46,53,Benign-only
SLC39A3,29985,0,2,70,72,Benign-only
SLC39A4,55630,140,696,168,1004,Multiclass
SLC39A5,283375,3,22,90,115,Multiclass
SLC39A6,25800,0,4,86,90,Benign-only
SLC39A7,7922,5,118,126,249,Multiclass
SLC39A8,64116,9,110,113,232,Multiclass
SLC39A9,55334,0,1,27,28,Benign-only
SLC3A1,6519,102,114,318,534,Multiclass
SLC3A2,6520,0,18,73,91,Benign-only
SLC40A1,30061,22,138,123,283,Multiclass
SLC41A1,254428,0,57,90,147,Benign-only
SLC41A2,84102,0,25,59,84,Benign-only
SLC41A3,54946,0,21,64,85,Benign-only
SLC43A1,8501,0,11,86,97,Benign-only
SLC43A2,124935,0,1,71,72,Benign-only
SLC43A3,29015,0,2,62,64,Benign-only
SLC44A1,23446,3,12,90,105,Multiclass
SLC44A2,57153,0,7,94,101,Benign-only
SLC44A3,126969,0,7,75,82,Benign-only
SLC44A4,80736,0,141,162,303,Benign-only
SLC44A5,204962,0,6,71,77,Benign-only
SLC45A1,50651,1,72,137,210,Multiclass
SLC45A2,51151,108,276,233,617,Multiclass
SLC45A3,85414,0,4,71,75,Benign-only
SLC45A4,57210,0,30,165,195,Benign-only
SLC46A1,113235,20,154,209,383,Multiclass
SLC46A2,57864,0,8,87,95,Benign-only
SLC46A3,283537,0,3,65,68,Benign-only
SLC47A1,55244,0,10,72,82,Benign-only
SLC47A2,146802,0,11,83,94,Benign-only
SLC48A1,55652,0,1,19,20,Benign-only
SLC49A3,84179,0,14,123,137,Benign-only
SLC49A4,84925,0,3,59,62,Benign-only
SLC4A1,6521,221,226,462,909,Multiclass
SLC4A10,57282,7,23,113,143,Multiclass
SLC4A11,83959,175,762,219,1156,Multiclass
SLC4A1AP,22950,0,4,98,102,Benign-only
SLC4A2,6522,0,12,155,167,Benign-only
SLC4A3,6508,2,65,210,277,Multiclass
SLC4A4,8671,13,170,241,424,Multiclass
SLC4A5,57835,0,14,162,176,Benign-only
SLC4A7,9497,0,4,104,108,Benign-only
SLC4A8,9498,0,7,64,71,Benign-only
SLC4A9,83697,0,7,118,125,Benign-only
SLC50A1,55974,0,5,14,19,Benign-only
SLC51A,200931,0,3,41,44,Benign-only
SLC51B,123264,1,30,67,98,Multiclass
SLC52A1,55065,0,100,175,275,Benign-only
SLC52A2,79581,38,225,268,531,Multiclass
SLC52A3,113278,27,214,223,464,Multiclass
SLC5A1,6523,45,240,226,511,Multiclass
SLC5A10,125206,0,8,104,112,Benign-only
SLC5A11,115584,0,3,59,62,Benign-only
SLC5A12,159963,0,4,75,79,Benign-only
SLC5A2,6524,47,15,280,342,Multiclass
SLC5A3,6526,0,1,40,41,Benign-only
SLC5A4,6527,0,10,95,105,Benign-only
SLC5A5,6528,45,363,128,536,Multiclass
SLC5A6,8884,12,35,70,117,Multiclass
SLC5A7,60482,15,234,313,562,Multiclass
SLC5A8,160728,0,9,93,102,Benign-only
SLC5A9,200010,0,5,110,115,Benign-only
SLC61A1,84975,0,0,7,7,VUS/Other-only
SLC66A1,54896,1,3,56,60,Multiclass
SLC66A2,80148,0,8,48,56,Benign-only
SLC66A3,130814,0,2,34,36,Benign-only
SLC67A1,5002,0,11,38,49,Benign-only
SLC67A1-AS,5003,0,0,1,1,VUS/Other-only
SLC67A1;SLC67A1-AS,-1,0,1,0,1,Benign-only
SLC67A2,84804,0,1,11,12,Benign-only
SLC68A1,79847,0,2,0,2,Benign-only
SLC6A1,6529,180,450,330,960,Multiclass
SLC6A11,6538,0,6,71,77,Benign-only
SLC6A12,6539,0,18,61,79,Benign-only
SLC6A13,6540,1,9,78,88,Multiclass
SLC6A14,11254,0,6,45,51,Benign-only
SLC6A15,55117,0,4,75,79,Benign-only
SLC6A16,28968,0,15,99,114,Benign-only
SLC6A17,388662,0,32,94,126,Benign-only
SLC6A18,348932,0,35,119,154,Benign-only
SLC6A19,340024,40,252,257,549,Multiclass
SLC6A1;SLC6A1-AS1,-1,4,1,0,5,Multiclass
SLC6A2,6530,0,31,67,98,Benign-only
SLC6A20,54716,0,58,195,253,Benign-only
SLC6A2;CAPNS2;LOC125177316;LPCAT2;MMP2;MMP2-AS1,-1,0,0,1,1,VUS/Other-only
SLC6A3,6531,14,363,165,543,Multiclass
SLC6A4,6532,1,25,113,139,Multiclass
SLC6A5,9152,60,442,348,850,Multiclass
SLC6A6,6533,3,8,65,76,Multiclass
SLC6A7,6534,0,3,111,114,Benign-only
SLC6A8,6535,191,669,329,1189,Multiclass
SLC6A9,6536,11,200,149,360,Multiclass
SLC75A1,10227,0,2,13,15,Benign-only
SLC7A1,6541,0,11,53,64,Benign-only
SLC7A10,56301,0,26,81,107,Benign-only
SLC7A11,23657,0,5,72,77,Benign-only
SLC7A13,157724,0,54,108,162,Benign-only
SLC7A14,57709,2,214,380,596,Multiclass
SLC7A2,6542,0,9,110,119,Benign-only
SLC7A3,84889,0,8,44,52,Benign-only
SLC7A4,6545,0,14,120,134,Benign-only
SLC7A5,8140,0,10,67,77,Benign-only
SLC7A6,9057,0,6,46,52,Benign-only
SLC7A6OS,84138,0,9,51,60,Benign-only
SLC7A7,9056,150,415,271,836,Multiclass
SLC7A8,23428,1,4,71,76,Multiclass
SLC7A9,11136,70,148,166,384,Multiclass
SLC8A1,6546,0,12,99,111,Benign-only
SLC8A2,6543,0,11,81,92,Benign-only
SLC8A3,6547,0,11,122,133,Benign-only
SLC8B1,80024,0,1,99,100,Benign-only
SLC9A1,6548,5,114,129,248,Multiclass
SLC9A2,6549,0,4,75,79,Benign-only
SLC9A3,6550,21,509,263,793,Multiclass
SLC9A3;SLC9A3-OT1,-1,0,1,0,1,Benign-only
SLC9A4,389015,0,8,135,143,Benign-only
SLC9A5,6553,0,5,114,119,Benign-only
SLC9A6,10479,57,276,261,594,Multiclass
SLC9A7,84679,2,69,156,227,Multiclass
SLC9A8,23315,0,5,57,62,Benign-only
SLC9A9,285195,1,31,91,123,Multiclass
SLC9B1,150159,1,7,50,58,Multiclass
SLC9B2,133308,0,3,75,78,Benign-only
SLC9C1,285335,0,19,136,155,Benign-only
SLC9C2,284525,0,16,97,113,Benign-only
SLC9D1,55002,0,4,11,15,Benign-only
SLCO1A2,6579,0,2,77,79,Benign-only
SLCO1B1,10599,7,74,111,193,Multiclass
SLCO1B3,28234,6,73,167,246,Multiclass
SLCO1B3-SLCO1B7;SLCO1B7,-1,0,9,82,91,Benign-only
SLCO1B3;SLCO1B3-SLCO1B7,-1,0,5,5,10,Benign-only
SLCO1C1,53919,0,9,81,90,Benign-only
SLCO2A1,6578,40,167,134,341,Multiclass
SLCO2B1,11309,0,12,80,92,Benign-only
SLCO3A1,28232,0,5,67,72,Benign-only
SLCO4A1,28231,0,19,111,130,Benign-only
SLCO4C1,353189,0,10,89,99,Benign-only
SLCO5A1,81796,0,133,251,384,Benign-only
SLCO6A1,133482,0,15,77,92,Benign-only
SLF1,84250,0,16,141,157,Benign-only
SLF2,55719,3,21,149,173,Multiclass
SLFN11,91607,0,25,126,151,Benign-only
SLFN12,55106,0,10,76,86,Benign-only
SLFN12L,100506736,0,11,88,99,Benign-only
SLFN13,146857,0,24,152,176,Benign-only
SLFN14,342618,2,40,143,185,Multiclass
SLFN5,162394,0,10,127,137,Benign-only
SLFNL1,200172,0,6,98,104,Benign-only
SLFNL1;SLFNL1-AS1,-1,0,0,1,1,VUS/Other-only
SLIRP,81892,0,2,18,20,Benign-only
SLIT1,6585,0,15,185,200,Benign-only
SLIT2,9353,0,177,248,425,Benign-only
SLIT3,6586,0,51,231,282,Benign-only
SLITRK1,114798,0,9,157,166,Benign-only
SLITRK2,84631,1,18,90,109,Multiclass
SLITRK3,22865,0,4,106,110,Benign-only
SLITRK4,139065,0,4,53,57,Benign-only
SLITRK5,26050,1,6,149,156,Multiclass
SLITRK6,84189,8,85,201,294,Multiclass
SLK,9748,1,9,128,138,Multiclass
SLMAP,7871,0,327,355,682,Benign-only
SLN,6588,0,0,6,6,VUS/Other-only
SLPI,6590,1,1,17,19,Multiclass
SLTM,79811,0,0,118,118,VUS/Other-only
SLU7,10569,0,5,48,53,Benign-only
SLURP1,57152,10,8,20,38,Multiclass
SLX1A,548593,0,4,30,34,Benign-only
SLX1B,79008,0,0,10,10,VUS/Other-only
SLX4,84464,150,856,1467,2473,Multiclass
SLX4IP,128710,0,5,46,51,Benign-only
SLX9,85395,0,5,48,53,Benign-only
SMAD1,4086,0,22,29,51,Benign-only
SMAD2,4087,37,252,198,487,Multiclass
SMAD3,4088,206,428,546,1181,Multiclass
SMAD4,4089,298,949,1125,2372,Multiclass
SMAD5,4090,0,0,27,27,VUS/Other-only
SMAD6,4091,48,369,804,1221,Multiclass
SMAD7,4092,0,9,56,65,Benign-only
SMAD9,4093,27,121,121,270,Multiclass
SMAGP,57228,0,0,16,16,VUS/Other-only
SMAP1,60682,1,3,60,64,Multiclass
SMAP2,64744,0,1,1,2,Benign-only
SMARCA1,6594,17,19,135,171,Multiclass
SMARCA2,6595,107,790,510,1407,Multiclass
SMARCA4,6597,330,2987,2805,6122,Multiclass
SMARCA5,8467,8,10,112,130,Multiclass
SMARCAD1,56916,2,29,87,118,Multiclass
SMARCAD1-DT,101929210,1,0,0,1,Pathogenic-only
SMARCAL1,50485,160,686,381,1227,Multiclass
SMARCB1,6598,117,608,558,1283,Multiclass
SMARCC1,6599,7,20,159,186,Multiclass
SMARCC2,6601,57,74,281,412,Multiclass
SMARCD1,6602,3,22,89,114,Multiclass
SMARCD2,6603,24,215,154,393,Multiclass
SMARCD3,6604,0,0,50,50,VUS/Other-only
SMARCE1,6605,78,466,540,1084,Multiclass
SMC1A,8243,202,445,370,1017,Multiclass
SMC1B,27127,0,16,131,147,Benign-only
SMC2,10592,0,9,152,161,Benign-only
SMC3,9126,70,360,286,716,Multiclass
SMC4,10051,0,10,152,162,Benign-only
SMC5,23137,2,11,118,131,Multiclass
SMC6,79677,0,4,83,87,Benign-only
SMCHD1,23347,113,698,821,1632,Multiclass
SMCO1,255798,0,2,21,23,Benign-only
SMCO2,341346,0,7,48,55,Benign-only
SMCO3,440087,0,1,43,44,Benign-only
SMCO4,56935,0,1,11,12,Benign-only
SMCP,4184,0,0,11,11,VUS/Other-only
SMCR8,140775,0,5,142,147,Benign-only
SMDT1,91689,0,0,16,16,VUS/Other-only
SMG1,23049,0,13,25,38,Benign-only
SMG5,23381,0,8,129,137,Benign-only
SMG6,23293,0,20,239,259,Benign-only
SMG7,9887,0,3,124,127,Benign-only
SMG8,55181,8,20,124,152,Multiclass
SMG9,56006,12,27,82,121,Multiclass
SMIM1,388588,0,1,7,8,Benign-only
SMIM10,644538,0,0,10,10,VUS/Other-only
SMIM10L2B,644596,0,1,0,1,Benign-only
SMIM11,54065,0,0,7,7,VUS/Other-only
SMIM12,113444,0,0,11,11,VUS/Other-only
SMIM13,221710,0,0,10,10,VUS/Other-only
SMIM14,201895,0,0,12,12,VUS/Other-only
SMIM15,643155,0,0,9,9,VUS/Other-only
SMIM17,147670,0,1,16,17,Benign-only
SMIM18,100507341,0,1,10,11,Benign-only
SMIM19,114926,0,0,20,20,VUS/Other-only
SMIM20,389203,0,0,14,14,VUS/Other-only
SMIM21,284274,0,2,15,17,Benign-only
SMIM24,284422,0,3,15,18,Benign-only
SMIM29,221491,0,2,5,7,Benign-only
SMIM3,85027,0,1,14,15,Benign-only
SMIM43,132332,0,1,7,8,Benign-only
SMIM5,643008,0,2,17,19,Benign-only
SMIM6,100130933,0,0,1,1,VUS/Other-only
SMIM7,79086,0,0,13,13,VUS/Other-only
SMIM8,57150,0,0,20,20,VUS/Other-only
SMIM9,100132963,0,2,9,11,Benign-only
SMKR1,100287482,0,0,9,9,VUS/Other-only
SMLR1,100507203,0,2,11,13,Benign-only
SMN1,6606,68,21,54,143,Multiclass
SMN1;SMN2,-1,0,1,0,1,Benign-only
SMN2,6607,0,6,1,7,Benign-only
SMNDC1,10285,0,0,12,12,VUS/Other-only
SMO,6608,4,69,130,203,Multiclass
SMOC1,64093,9,87,74,170,Multiclass
SMOC2,64094,3,68,106,177,Multiclass
SMOX,54498,0,8,51,59,Benign-only
SMPD1,6609,363,412,221,996,Multiclass
SMPD1;APBB1,-1,1,0,0,1,Pathogenic-only
SMPD2,6610,0,6,56,62,Benign-only
SMPD3,55512,0,2,101,103,Benign-only
SMPD4,55627,29,36,168,233,Multiclass
SMPDL3A,10924,0,1,51,52,Benign-only
SMPDL3B,27293,0,11,75,86,Benign-only
SMPX,23676,10,27,35,72,Multiclass
SMR3A,26952,0,3,21,24,Benign-only
SMR3B,10879,0,1,17,18,Benign-only
SMS,6611,25,58,98,181,Multiclass
SMTN,6525,0,15,184,199,Benign-only
SMTNL1,219537,0,0,81,81,VUS/Other-only
SMTNL2,342527,0,4,96,100,Benign-only
SMU1,55234,0,1,17,18,Benign-only
SMUG1,23583,0,2,41,43,Benign-only
SMURF1,57154,0,6,68,74,Benign-only
SMURF2,64750,0,6,53,59,Benign-only
SMYD1,150572,0,6,99,105,Benign-only
SMYD2,56950,0,1,58,59,Benign-only
SMYD3,64754,0,2,62,64,Benign-only
SMYD4,114826,0,19,125,144,Benign-only
SMYD5,10322,0,4,63,67,Benign-only
SNAI1,6615,0,1,21,22,Benign-only
SNAI2,6591,0,38,66,104,Benign-only
SNAI3,333929,0,3,55,58,Benign-only
SNAP23,8773,0,0,24,24,VUS/Other-only
SNAP25,6616,27,135,81,243,Multiclass
SNAP29,9342,24,155,162,341,Multiclass
SNAP47,116841,0,7,70,77,Benign-only
SNAP91,9892,0,12,108,120,Benign-only
SNAPC1,6617,0,0,44,44,VUS/Other-only
SNAPC2,6618,0,12,80,92,Benign-only
SNAPC3,6619,0,3,68,71,Benign-only
SNAPC4,6621,5,56,331,392,Multiclass
SNAPC5,10302,0,0,19,19,VUS/Other-only
SNAPIN,23557,5,0,15,20,Pathogenic-only
SNCA,6622,7,76,74,157,Multiclass
SNCAIP,9627,0,45,142,187,Benign-only
SNCB,6620,0,9,11,20,Benign-only
SNCG,6623,0,3,21,24,Benign-only
SND1,27044,0,18,95,113,Benign-only
SNED1,25992,0,26,210,236,Benign-only
SNF8,11267,6,1,29,36,Multiclass
SNHG14;SNRPN,-1,1,0,0,1,Pathogenic-only
SNHG14;SNRPN;SNURF,-1,0,1,0,1,Benign-only
SNHG14;UBE3A,-1,7,0,2,9,Pathogenic-only
SNHG28,284677,0,1,1,2,Benign-only
SNIP1,79753,1,86,175,262,Multiclass
SNN,8303,0,1,16,17,Benign-only
SNORA58B;UBAP2L,-1,1,0,0,1,Pathogenic-only
SNORA66;DIPK1A;RPL5,-1,0,1,0,1,Benign-only
SNORD108,338427,0,0,1,1,VUS/Other-only
SNORD118,727676,7,18,106,131,Multiclass
SNORD118;TMEM107,-1,1,13,8,22,Multiclass
SNPH,9751,0,1,56,57,Benign-only
SNRK,54861,0,11,71,82,Benign-only
SNRNP200,23020,13,734,598,1345,Multiclass
SNRNP25,79622,0,0,18,18,VUS/Other-only
SNRNP27,11017,0,0,16,16,VUS/Other-only
SNRNP35,11066,0,1,42,43,Benign-only
SNRNP40,9410,0,1,33,34,Benign-only
SNRNP48,154007,0,1,48,49,Benign-only
SNRNP70,6625,0,1,44,45,Benign-only
SNRPA,6626,2,2,30,34,Multiclass
SNRPA1,6627,0,0,28,28,VUS/Other-only
SNRPB,6628,3,78,71,152,Multiclass
SNRPB2,6629,0,1,19,20,Benign-only
SNRPC,6631,0,0,13,13,VUS/Other-only
SNRPD1,6632,0,0,4,4,VUS/Other-only
SNRPD2,6633,0,0,3,3,VUS/Other-only
SNRPD3,6634,0,0,4,4,VUS/Other-only
SNRPE,6635,1,3,10,14,Multiclass
SNRPG,6637,0,1,3,4,Benign-only
SNRPN,6638,1,16,45,62,Multiclass
SNRPN;SNURF,-1,0,2,0,2,Benign-only
SNTA1,6640,0,277,340,617,Benign-only
SNTB1,6641,0,0,100,101,VUS/Other-only
SNTB2,6645,0,0,66,66,VUS/Other-only
SNTG1,54212,0,6,70,76,Benign-only
SNTG2,54221,0,24,95,119,Benign-only
SNTN,132203,0,1,20,21,Benign-only
SNU13,4809,0,0,1,1,VUS/Other-only
SNUPN,10073,4,3,46,53,Multiclass
SNURF,8926,0,3,12,15,Benign-only
SNW1,22938,1,0,44,45,Pathogenic-only
SNX1,6642,0,0,73,73,VUS/Other-only
SNX10,29887,21,74,65,160,Multiclass
SNX11,29916,0,2,36,38,Benign-only
SNX12,29934,0,0,6,6,VUS/Other-only
SNX13,23161,0,8,102,110,Benign-only
SNX14,57231,39,165,164,368,Multiclass
SNX15,29907,0,2,59,61,Benign-only
SNX16,64089,0,0,37,37,VUS/Other-only
SNX17,9784,0,1,52,53,Benign-only
SNX18,112574,0,4,104,108,Benign-only
SNX19,399979,0,15,145,160,Benign-only
SNX2,6643,0,0,55,55,VUS/Other-only
SNX20,124460,0,5,40,45,Benign-only
SNX21,90203,0,2,69,71,Benign-only
SNX22,79856,0,3,22,25,Benign-only
SNX24,28966,0,0,18,18,VUS/Other-only
SNX25,83891,0,3,64,67,Benign-only
SNX27,81609,18,244,190,452,Multiclass
SNX29,92017,0,6,77,83,Benign-only
SNX3,8724,0,1,11,12,Benign-only
SNX30,401548,0,2,57,59,Benign-only
SNX31,169166,0,8,73,81,Benign-only
SNX32,254122,0,2,88,90,Benign-only
SNX33,257364,0,2,80,82,Benign-only
SNX4,8723,0,2,55,57,Benign-only
SNX5,27131,0,0,54,54,VUS/Other-only
SNX6,58533,0,0,40,40,VUS/Other-only
SNX7,51375,0,2,67,69,Benign-only
SNX8,29886,0,9,94,103,Benign-only
SNX9,51429,0,5,47,52,Benign-only
SOAT1,6646,0,8,61,69,Benign-only
SOAT2,8435,0,13,77,90,Benign-only
SOBP,55084,0,41,148,189,Benign-only
SOCS1,8651,8,8,64,80,Multiclass
SOCS2,8835,0,2,21,23,Benign-only
SOCS3,9021,0,3,28,31,Benign-only
SOCS4,122809,0,3,55,58,Benign-only
SOCS5,9655,0,6,76,82,Benign-only
SOCS6,9306,0,5,46,51,Benign-only
SOCS7,30837,0,3,69,72,Benign-only
SOD1,6647,120,77,84,281,Multiclass
SOD1;SCAF4,-1,1,0,0,1,Pathogenic-only
SOD2,6648,0,3,29,32,Benign-only
SOD3,6649,0,7,55,62,Benign-only
SOHLH1,402381,4,25,67,96,Multiclass
SOHLH2,54937,0,1,1,2,Benign-only
SON,6651,144,780,757,1681,Multiclass
SORBS1,10580,0,22,192,214,Benign-only
SORBS2,8470,0,17,170,187,Benign-only
SORBS3,10174,0,22,144,166,Benign-only
SORCS1,114815,1,16,167,184,Multiclass
SORCS2,57537,0,21,220,241,Benign-only
SORCS3,22986,0,16,173,189,Benign-only
SORD,6652,8,56,73,137,Multiclass
SORL1,6653,25,341,567,934,Multiclass
SORT1,6272,0,10,82,92,Benign-only
SOS1,6654,70,868,1069,2007,Multiclass
SOS2,6655,13,956,943,1912,Multiclass
SOST,50964,5,28,56,89,Multiclass
SOSTDC1,25928,0,5,15,20,Benign-only
SOWAHA,134548,0,4,89,93,Benign-only
SOWAHB,345079,0,7,110,117,Benign-only
SOWAHC,65124,0,2,84,86,Benign-only
SOWAHD,347454,0,2,35,37,Benign-only
SOX1,6656,0,5,74,79,Benign-only
SOX1-OT,100505996,0,2,0,2,Benign-only
SOX10,6663,197,130,156,483,Multiclass
SOX11,6664,81,112,219,412,Multiclass
SOX12,6666,0,3,56,59,Benign-only
SOX13,9580,0,2,82,84,Benign-only
SOX14,8403,0,1,22,23,Benign-only
SOX15,6665,0,3,33,36,Benign-only
SOX17,64321,8,73,176,257,Multiclass
SOX18,54345,6,52,157,215,Multiclass
SOX2,6657,75,59,101,235,Multiclass
SOX2-OT;LOC108281177;SOX2,-1,1,0,0,1,Pathogenic-only
SOX21,11166,0,3,26,29,Benign-only
SOX2;LOC108281177;SOX2-OT,-1,1,0,0,1,Pathogenic-only
SOX2;SOX2-OT,-1,1,0,0,1,Pathogenic-only
SOX3,6658,0,40,76,116,Benign-only
SOX30,11063,0,15,103,118,Benign-only
SOX4,6659,20,44,184,248,Multiclass
SOX5,6660,79,51,156,286,Multiclass
SOX6,55553,34,79,167,280,Multiclass
SOX7,83595,0,8,83,91,Benign-only
SOX8,30812,0,19,80,99,Benign-only
SOX9,6662,125,158,194,477,Multiclass
SP1,6667,0,7,70,77,Benign-only
SP100,6672,0,20,97,117,Benign-only
SP110,3431,40,235,266,541,Multiclass
SP140,11262,0,20,103,123,Benign-only
SP140L,93349,0,11,85,96,Benign-only
SP2,6668,0,2,71,73,Benign-only
SP3,6670,0,5,96,101,Benign-only
SP4,6671,0,2,111,113,Benign-only
SP5,389058,0,0,63,63,VUS/Other-only
SP6,80320,0,1,52,53,Benign-only
SP7,121340,1,76,112,189,Multiclass
SP8,221833,0,10,65,75,Benign-only
SP9,100131390,3,3,61,67,Multiclass
SPA17,53340,0,1,18,19,Benign-only
SPACA1,81833,0,5,48,53,Benign-only
SPACA3,124912,0,8,41,49,Benign-only
SPACA4,171169,0,3,15,18,Benign-only
SPACA5,389852,0,0,6,6,VUS/Other-only
SPACA7,122258,0,4,24,28,Benign-only
SPACA9,11092,0,0,2,2,VUS/Other-only
SPACDR,402573,0,0,4,4,VUS/Other-only
SPAG1,6674,67,271,233,571,Multiclass
SPAG11A,653423,0,2,6,8,Benign-only
SPAG11B,10407,0,3,12,15,Benign-only
SPAG16,79582,0,10,98,108,Benign-only
SPAG17,200162,1,35,276,312,Multiclass
SPAG17;WDR3,-1,0,0,1,1,VUS/Other-only
SPAG1;VPS13B,-1,0,1,1,2,Benign-only
SPAG4,6676,0,1,56,57,Benign-only
SPAG5,10615,0,25,139,164,Benign-only
SPAG6,9576,0,4,60,64,Benign-only
SPAG7,9552,0,4,24,28,Benign-only
SPAG8,26206,0,12,86,98,Benign-only
SPAG9,9043,0,12,136,148,Benign-only
SPAM1,6677,0,7,55,62,Benign-only
SPANXC,64663,0,2,0,2,Benign-only
SPANXD,64648,0,3,35,38,Benign-only
SPANXN1,494118,0,0,4,4,VUS/Other-only
SPANXN2,494119,0,5,31,36,Benign-only
SPANXN3,139067,0,1,15,16,Benign-only
SPANXN4,441525,0,2,17,19,Benign-only
SPANXN5,494197,0,0,9,9,VUS/Other-only
SPARC,6678,2,154,90,246,Multiclass
SPARCL1,8404,0,8,82,90,Benign-only
SPART,23111,27,127,234,388,Multiclass
SPAST,6683,641,314,445,1400,Multiclass
SPATA1,100505741,0,1,0,1,Benign-only
SPATA12,353324,0,5,21,26,Benign-only
SPATA13,221178,0,15,200,215,Benign-only
SPATA16,83893,0,19,91,110,Benign-only
SPATA17,128153,0,4,52,56,Benign-only
SPATA18,132671,0,7,93,100,Benign-only
SPATA19,219938,0,3,31,34,Benign-only
SPATA2,9825,0,4,86,90,Benign-only
SPATA20,64847,0,7,147,154,Benign-only
SPATA21,374955,0,9,68,77,Benign-only
SPATA22,84690,1,5,47,53,Multiclass
SPATA22;ASPA,-1,2,0,0,2,Pathogenic-only
SPATA22;TRPV3,-1,0,0,1,1,VUS/Other-only
SPATA24,202051,0,0,2,2,VUS/Other-only
SPATA25,128497,0,3,27,30,Benign-only
SPATA2L,124044,0,2,76,78,Benign-only
SPATA3,130560,0,7,40,47,Benign-only
SPATA31A1,647060,0,21,107,128,Benign-only
SPATA31A3,727830,0,29,225,254,Benign-only
SPATA31A5,727905,0,1,2,3,Benign-only
SPATA31A6,389730,0,45,334,379,Benign-only
SPATA31A7,26165,0,21,168,189,Benign-only
SPATA31C1,441452,0,1,12,13,Benign-only
SPATA31C2,645961,0,1,14,15,Benign-only
SPATA31D1,389763,0,33,367,400,Benign-only
SPATA31D3,389762,0,12,55,67,Benign-only
SPATA31D4,389761,0,10,53,63,Benign-only
SPATA31E1,286234,0,13,252,265,Benign-only
SPATA31F1,259308,0,26,181,207,Benign-only
SPATA31G1,138724,0,1,11,12,Benign-only
SPATA31H1,84226,0,10,19,29,Benign-only
SPATA32,124783,0,11,58,69,Benign-only
SPATA33,124045,0,2,44,46,Benign-only
SPATA4,132851,0,4,45,49,Benign-only
SPATA45,149643,0,1,11,12,Benign-only
SPATA46,284680,0,1,7,8,Benign-only
SPATA6,54558,0,1,79,80,Benign-only
SPATA6L,55064,0,4,68,72,Benign-only
SPATA7,55812,58,149,245,452,Multiclass
SPATA9,83890,0,1,33,34,Benign-only
SPATC1,375686,0,4,4,8,Benign-only
SPATC1L,84221,0,9,81,90,Benign-only
SPATS1,221409,0,1,42,43,Benign-only
SPATS2,65244,0,3,65,68,Benign-only
SPATS2L,26010,0,2,85,87,Benign-only
SPC24,147841,0,2,20,22,Benign-only
SPC25,57405,0,3,29,32,Benign-only
SPCS1,28972,0,2,26,28,Benign-only
SPCS2,9789,0,1,18,19,Benign-only
SPCS3,60559,0,0,12,12,VUS/Other-only
SPDEF,25803,0,4,53,57,Benign-only
SPDL1,54908,0,7,86,93,Benign-only
SPDYA,245711,0,3,20,23,Benign-only
SPDYC,387778,0,6,44,50,Benign-only
SPDYE1,285955,0,0,89,89,VUS/Other-only
SPDYE16,102723555,0,1,0,1,Benign-only
SPDYE2,441273,0,1,14,15,Benign-only
SPDYE2B,100310812,0,4,8,12,Benign-only
SPDYE3,441272,0,3,129,132,Benign-only
SPDYE4,388333,0,4,42,46,Benign-only
SPDYE5,442590,0,6,61,67,Benign-only
SPDYE6,729597,0,1,33,34,Benign-only
SPECC1,92521,0,10,163,173,Benign-only
SPECC1L,23384,6,142,231,379,Multiclass
SPECC1L;SPECC1L-ADORA2A,-1,0,0,3,3,VUS/Other-only
SPEF1,25876,0,0,31,31,VUS/Other-only
SPEF2,79925,4,114,272,390,Multiclass
SPEG,10290,49,1006,1140,2195,Multiclass
SPEM1,374768,0,8,56,64,Benign-only
SPEM2,201243,0,0,8,8,VUS/Other-only
SPEN,23013,102,212,573,887,Multiclass
SPESP1,246777,0,4,50,54,Benign-only
SPG11,80208,563,1467,1463,3493,Multiclass
SPG21,51324,10,82,76,168,Multiclass
SPG7,6687,186,427,517,1130,Multiclass
SPHK1,8877,0,7,68,75,Benign-only
SPHK2,56848,0,18,118,136,Benign-only
SPHKAP,80309,0,26,240,266,Benign-only
SPI1,6688,7,14,32,53,Multiclass
SPIB,6689,0,11,33,44,Benign-only
SPIC,121599,0,3,30,33,Benign-only
SPICE1,152185,0,13,131,144,Benign-only
SPIDR,23514,3,26,120,149,Multiclass
SPIN1,10927,0,0,9,9,VUS/Other-only
SPIN2A,54466,0,3,37,40,Benign-only
SPIN2B,474343,0,3,9,12,Benign-only
SPIN3,169981,0,1,25,26,Benign-only
SPIN4,139886,1,1,14,16,Multiclass
SPINDOC,144097,0,2,6,8,Benign-only
SPINK1,6690,11,98,107,216,Multiclass
SPINK13,153218,0,3,11,14,Benign-only
SPINK14,408187,0,1,8,9,Benign-only
SPINK2,6691,0,0,15,15,VUS/Other-only
SPINK4,27290,0,1,21,22,Benign-only
SPINK5,11005,123,580,425,1128,Multiclass
SPINK6,404203,0,0,13,13,VUS/Other-only
SPINK7,84651,0,2,14,16,Benign-only
SPINK8,646424,0,0,8,8,VUS/Other-only
SPINK9,643394,0,0,13,13,VUS/Other-only
SPINT1,6692,0,9,88,97,Benign-only
SPINT2,10653,10,122,61,193,Multiclass
SPINT3,10816,0,1,18,19,Benign-only
SPINT4,391253,0,2,13,15,Benign-only
SPIRE1,56907,0,5,85,90,Benign-only
SPIRE2,84501,0,6,172,178,Benign-only
SPMAP2,51298,0,6,96,102,Benign-only
SPMIP10,389320,0,0,15,15,VUS/Other-only
SPMIP2,152940,0,1,2,3,Benign-only
SPMIP3,200159,0,1,1,2,Benign-only
SPMIP4,136895,0,0,3,3,VUS/Other-only
SPMIP5,143379,0,0,2,2,VUS/Other-only
SPMIP6,84688,0,1,4,5,Benign-only
SPMIP7,100130988,0,0,5,5,VUS/Other-only
SPMIP8,374739,0,1,53,54,Benign-only
SPMIP9,200523,0,6,30,36,Benign-only
SPN,6693,0,15,66,81,Benign-only
SPNS1,83985,0,7,54,61,Benign-only
SPNS2,124976,2,43,101,146,Multiclass
SPNS3,201305,0,12,97,109,Benign-only
SPO11,23626,1,2,39,42,Multiclass
SPOCD1,90853,3,29,150,182,Multiclass
SPOCK1,6695,0,3,46,49,Benign-only
SPOCK2,9806,0,7,60,67,Benign-only
SPOCK3,50859,0,5,54,59,Benign-only
SPON1,10418,0,2,61,63,Benign-only
SPON2,10417,0,8,70,78,Benign-only
SPOP,8405,11,12,39,62,Multiclass
SPOPL,339745,0,3,52,55,Benign-only
SPOUT1,51490,6,3,13,22,Multiclass
SPP1,6696,0,15,42,57,Benign-only
SPP2,6694,1,84,116,201,Multiclass
SPPL2A,84888,0,164,235,399,Benign-only
SPPL2B,56928,0,2,3,5,Benign-only
SPPL2C,162540,0,26,145,171,Benign-only
SPPL3,121665,0,0,22,22,VUS/Other-only
SPR,6697,31,122,106,259,Multiclass
SPRED1,161742,164,374,645,1183,Multiclass
SPRED2,200734,6,19,72,97,Multiclass
SPRED3,399473,0,1,69,70,Benign-only
SPRING1,79794,0,2,0,2,Benign-only
SPRN,503542,0,3,64,67,Benign-only
SPRR1A,6698,0,2,15,17,Benign-only
SPRR1B,6699,0,0,18,18,VUS/Other-only
SPRR2A,6700,0,2,8,10,Benign-only
SPRR2B,6701,0,1,11,12,Benign-only
SPRR2D,6703,0,1,16,17,Benign-only
SPRR2E,6704,0,0,13,13,VUS/Other-only
SPRR2F,6705,0,2,11,13,Benign-only
SPRR2G,6706,0,0,10,10,VUS/Other-only
SPRR3,6707,0,9,28,37,Benign-only
SPRR4,163778,0,0,11,11,VUS/Other-only
SPRTN,83932,2,17,48,67,Multiclass
SPRY1,10252,1,5,55,61,Multiclass
SPRY2,10253,0,2,36,38,Benign-only
SPRY3,10251,0,2,0,2,Benign-only
SPRY3;VAMP7,-1,0,0,1,1,VUS/Other-only
SPRY4,81848,0,36,73,109,Benign-only
SPRYD3,84926,0,1,43,44,Benign-only
SPRYD4,283377,0,2,19,21,Benign-only
SPRYD7,57213,0,0,21,21,VUS/Other-only
SPSB1,80176,0,1,20,21,Benign-only
SPSB2,84727,0,1,45,46,Benign-only
SPSB3,90864,0,8,80,88,Benign-only
SPSB4,92369,0,1,53,54,Benign-only
SPTA1,6708,210,327,811,1348,Multiclass
SPTAN1,6709,127,1575,1289,2991,Multiclass
SPTB,6710,544,298,703,1545,Multiclass
SPTBN1,6711,62,93,501,656,Multiclass
SPTBN1;SPTBN1-AS2,-1,0,0,1,1,VUS/Other-only
SPTBN2,6712,54,494,659,1207,Multiclass
SPTBN4,57731,30,143,423,596,Multiclass
SPTBN5,51332,0,180,729,909,Benign-only
SPTLC1,10558,13,202,298,513,Multiclass
SPTLC2,9517,8,316,338,662,Multiclass
SPTLC3,55304,1,2,69,72,Multiclass
SPTSSA,171546,0,0,13,13,VUS/Other-only
SPTY2D1,144108,0,10,91,101,Benign-only
SPX,80763,0,3,16,19,Benign-only
SPZ1,84654,0,14,56,70,Benign-only
SQLE,6713,0,6,53,59,Benign-only
SQOR,58472,0,2,57,59,Benign-only
SQSTM1,8878,49,348,455,852,Multiclass
SRA1,10011,0,36,59,95,Benign-only
SRBD1,55133,0,9,159,168,Benign-only
SRC,6714,1,41,42,84,Multiclass
SRCAP,10847,87,793,1360,2240,Multiclass
SRCIN1,80725,0,7,150,157,Benign-only
SRD5A1,6715,0,7,35,42,Benign-only
SRD5A2,6716,87,144,53,284,Multiclass
SRD5A3,79644,19,88,124,231,Multiclass
SRD5A3;SRD5A3-AS1,-1,0,0,1,1,VUS/Other-only
SREBF1,6720,4,30,159,193,Multiclass
SREBF2,6721,0,43,170,213,Benign-only
SREK1,140890,0,1,75,76,Benign-only
SREK1IP1,285672,0,0,16,16,VUS/Other-only
SRF,6722,0,11,35,46,Benign-only
SRFBP1,153443,0,2,67,69,Benign-only
SRFBP1;LOX,-1,0,0,1,1,VUS/Other-only
SRGAP1,57522,0,29,114,143,Benign-only
SRGAP2,23380,0,0,4,4,VUS/Other-only
SRGAP2C,653464,0,3,0,3,Benign-only
SRGAP3,9901,0,41,128,169,Benign-only
SRGN,5552,0,5,13,18,Benign-only
SRI,6717,1,13,31,45,Multiclass
SRL,6345,0,4,64,68,Benign-only
SRM,6723,0,1,27,28,Benign-only
SRMS,6725,0,13,83,96,Benign-only
SRP14,6727,0,1,14,15,Benign-only
SRP19,6728,0,4,19,23,Benign-only
SRP54,6729,4,199,135,338,Multiclass
SRP68,6730,0,4,71,75,Benign-only
SRP72,6731,0,477,817,1294,Benign-only
SRP9,6726,0,1,5,6,Benign-only
SRPK1,6732,0,1,62,63,Benign-only
SRPK2,6733,0,15,59,74,Benign-only
SRPK3,26576,3,17,125,145,Multiclass
SRPRA,6734,0,4,10,14,Benign-only
SRPRB,58477,0,1,39,40,Benign-only
SRPX,8406,0,8,59,67,Benign-only
SRPX2,27286,2,70,98,170,Multiclass
SRR,63826,0,1,33,34,Benign-only
SRRD,402055,0,5,62,67,Benign-only
SRRM1,10250,0,4,107,111,Benign-only
SRRM2,23524,68,219,834,1121,Multiclass
SRRM3,222183,0,3,85,88,Benign-only
SRRM4,84530,0,4,92,96,Benign-only
SRRM5,100170229,0,22,100,122,Benign-only
SRRT,51593,0,12,115,127,Benign-only
SRSF1,6426,16,0,20,36,Pathogenic-only
SRSF10,10772,0,2,3,5,Benign-only
SRSF11,9295,0,1,32,33,Benign-only
SRSF12,135295,0,0,31,31,VUS/Other-only
SRSF2,6427,1,4,9,14,Multiclass
SRSF3,6428,0,0,3,3,VUS/Other-only
SRSF4,6429,0,3,48,51,Benign-only
SRSF5,6430,0,0,33,33,VUS/Other-only
SRSF6,6431,0,5,49,54,Benign-only
SRSF7,6432,0,2,13,15,Benign-only
SRSF8,10929,0,1,22,23,Benign-only
SRSF9,8683,0,1,16,17,Benign-only
SRXN1,140809,0,0,21,21,VUS/Other-only
SRY,6736,22,4,19,45,Multiclass
SS18,6760,0,2,37,39,Benign-only
SS18L1,26039,0,51,49,100,Benign-only
SS18L2,51188,0,0,9,9,VUS/Other-only
SSB,6741,0,2,42,44,Benign-only
SSBP1,6742,3,3,15,21,Multiclass
SSBP2,23635,0,0,26,26,VUS/Other-only
SSBP3,23648,0,2,42,44,Benign-only
SSBP4,170463,0,4,72,76,Benign-only
SSC4D,136853,0,5,98,103,Benign-only
SSC5D,284297,0,37,336,373,Benign-only
SSH1,54434,0,19,158,177,Benign-only
SSH2,85464,0,11,152,163,Benign-only
SSH3,54961,0,4,118,122,Benign-only
SSMEM1,136263,0,5,32,37,Benign-only
SSNA1,8636,0,1,20,21,Benign-only
SSPN,8082,0,5,39,44,Benign-only
SSR1,6745,0,1,23,24,Benign-only
SSR2,6746,0,0,12,12,VUS/Other-only
SSR3,6747,0,19,25,44,Benign-only
SSR4,6748,10,56,53,119,Multiclass
SSRP1,6749,0,5,51,56,Benign-only
SST,6750,0,3,8,11,Benign-only
SSTR1,6751,0,2,52,54,Benign-only
SSTR2,6752,0,3,38,41,Benign-only
SSTR3,6753,0,5,71,76,Benign-only
SSTR4,6754,0,7,62,69,Benign-only
SSTR5,6755,0,18,82,100,Benign-only
SSU72,29101,0,0,12,12,VUS/Other-only
SSU72L3,143506,0,1,0,1,Benign-only
SSU72L4,441584,0,1,0,1,Benign-only
SSU72L5,196120,0,5,0,5,Benign-only
SSUH2,51066,0,8,63,71,Benign-only
SSX1,6756,1,8,43,52,Multiclass
SSX2IP,117178,0,2,80,82,Benign-only
SSX3,10214,0,8,35,43,Benign-only
SSX4,6759,0,1,4,5,Benign-only
SSX4B,548313,0,2,9,11,Benign-only
SSX5,6758,0,12,43,55,Benign-only
SSX7,280658,0,9,32,41,Benign-only
ST13,6767,0,3,43,46,Benign-only
ST14,6768,11,132,123,266,Multiclass
ST18,9705,0,9,138,147,Benign-only
ST20,400410,0,1,0,1,Benign-only
ST20-MTHFS,100528021,0,0,1,1,VUS/Other-only
ST3GAL1,6482,0,6,37,43,Benign-only
ST3GAL2,6483,0,2,43,45,Benign-only
ST3GAL3,6487,18,204,155,377,Multiclass
ST3GAL4,6484,0,6,40,46,Benign-only
ST3GAL5,8869,51,231,195,477,Multiclass
ST3GAL6,10402,0,1,35,36,Benign-only
ST6GAL1,6480,0,0,26,26,VUS/Other-only
ST6GAL2,84620,0,5,61,66,Benign-only
ST6GALNAC1,55808,0,8,73,81,Benign-only
ST6GALNAC2,10610,0,3,64,67,Benign-only
ST6GALNAC3,256435,0,1,42,43,Benign-only
ST6GALNAC4,27090,0,4,48,52,Benign-only
ST6GALNAC5,81849,0,2,55,57,Benign-only
ST6GALNAC6,30815,0,1,42,43,Benign-only
ST7,7982,0,6,40,46,Benign-only
ST7L,54879,0,5,52,57,Benign-only
ST8SIA1,6489,0,3,34,37,Benign-only
ST8SIA2,8128,0,3,40,43,Benign-only
ST8SIA3,51046,0,0,37,37,VUS/Other-only
ST8SIA4,7903,0,0,29,29,VUS/Other-only
ST8SIA5,29906,0,3,49,52,Benign-only
ST8SIA6,338596,0,1,45,46,Benign-only
STAB1,23166,0,61,442,503,Benign-only
STAB2,55576,0,73,369,442,Benign-only
STAC,6769,0,3,47,50,Benign-only
STAC2,342667,1,0,74,75,Pathogenic-only
STAC3,246329,15,145,132,292,Multiclass
STAG1,10274,48,282,297,627,Multiclass
STAG2,10735,43,371,318,732,Multiclass
STAG3,10734,18,57,149,224,Multiclass
STAM,8027,0,4,76,80,Benign-only
STAM2,10254,0,2,66,68,Benign-only
STAMBP,10617,25,95,105,225,Multiclass
STAMBPL1,57559,0,4,57,61,Benign-only
STAP1,26228,1,73,98,172,Multiclass
STAP2,55620,0,8,78,86,Benign-only
STAR,6770,106,206,111,423,Multiclass
STARD10,10809,0,1,41,42,Benign-only
STARD13,90627,0,23,144,167,Benign-only
STARD3,10948,0,8,58,66,Benign-only
STARD3NL,83930,0,0,15,15,VUS/Other-only
STARD4,134429,0,0,23,23,VUS/Other-only
STARD5,80765,0,2,32,34,Benign-only
STARD6,147323,0,3,28,31,Benign-only
STARD7,56910,0,4,54,58,Benign-only
STARD8,9754,0,22,136,158,Benign-only
STARD9,57519,0,137,775,912,Benign-only
STAT1,6772,84,368,272,724,Multiclass
STAT2,6773,32,284,239,555,Multiclass
STAT3,6774,92,439,330,861,Multiclass
STAT4,6775,1,279,230,510,Multiclass
STAT5A,6776,0,9,66,75,Benign-only
STAT5B,6777,26,264,280,570,Multiclass
STAT6,6778,1,17,96,114,Multiclass
STATH,6779,0,2,10,12,Benign-only
STAU1,6780,0,2,57,59,Benign-only
STAU2,27067,0,2,70,72,Benign-only
STBD1,8987,0,1,57,58,Benign-only
STC1,6781,0,1,21,22,Benign-only
STC2,8614,0,1,39,40,Benign-only
STEAP1,26872,0,2,51,53,Benign-only
STEAP1B,256227,0,2,40,42,Benign-only
STEAP2,261729,0,1,57,58,Benign-only
STEAP3,55240,0,47,118,165,Benign-only
STEAP4,79689,0,5,35,40,Benign-only
STEEP1,63932,3,6,18,27,Multiclass
STH,246744,0,4,12,16,Benign-only
STIL,6491,22,149,254,425,Multiclass
STIM1,6786,32,362,475,869,Multiclass
STIM2,57620,0,0,119,119,VUS/Other-only
STIMATE-MUSTN1,100526772,0,0,4,4,VUS/Other-only
STIMATE;STIMATE-MUSTN1,-1,0,1,0,1,Benign-only
STING1,340061,10,143,211,364,Multiclass
STIP1,10963,0,4,48,52,Benign-only
STK10,6793,0,10,136,146,Benign-only
STK11,6794,389,1104,1125,2618,Multiclass
STK11IP,114790,0,21,182,203,Benign-only
STK16,8576,0,1,47,48,Benign-only
STK17A,9263,0,4,47,51,Benign-only
STK17B,9262,0,2,28,30,Benign-only
STK24,8428,0,0,37,37,VUS/Other-only
STK25,10494,0,1,47,48,Benign-only
STK26,51765,0,4,24,28,Benign-only
STK3,6788,0,2,58,60,Benign-only
STK31,56164,0,18,123,141,Benign-only
STK32A,202374,0,0,63,63,VUS/Other-only
STK32B,55351,0,9,81,90,Benign-only
STK32C,282974,0,10,60,70,Benign-only
STK33,65975,0,10,78,88,Benign-only
STK35,140901,0,4,76,80,Benign-only
STK36,27148,3,69,172,244,Multiclass
STK38,11329,0,2,41,43,Benign-only
STK38L,23012,0,2,31,33,Benign-only
STK39,27347,0,4,53,57,Benign-only
STK4,6789,19,147,127,293,Multiclass
STK40,83931,0,7,55,62,Benign-only
STKLD1,169436,0,7,107,114,Benign-only
STMN1,3925,0,0,1,1,VUS/Other-only
STMN2,11075,0,0,7,7,VUS/Other-only
STMN3,50861,0,1,22,23,Benign-only
STMN4,81551,0,3,19,22,Benign-only
STMND1,401236,0,4,41,45,Benign-only
STMP1,647087,0,0,1,1,VUS/Other-only
STN1,79991,1,139,156,296,Multiclass
STOM,2040,0,0,29,29,VUS/Other-only
STOML1,9399,0,2,58,60,Benign-only
STOML2,30968,0,0,34,34,VUS/Other-only
STOML3,161003,0,1,59,60,Benign-only
STON1,11037,0,1,8,9,Benign-only
STON1-GTF2A1L,286749,0,0,7,7,VUS/Other-only
STON2,85439,0,8,79,87,Benign-only
STOX1,219736,0,27,130,157,Benign-only
STOX2,56977,0,4,119,123,Benign-only
STPG1,90529,0,5,57,62,Benign-only
STPG2,285555,0,5,66,71,Benign-only
STPG3,441476,0,4,2,6,Benign-only
STPG4,285051,0,0,1,1,VUS/Other-only
STRA6,64220,27,128,158,313,Multiclass
STRA8,346673,0,4,33,37,Benign-only
STRADA,92335,19,209,192,420,Multiclass
STRADB,55437,0,2,36,38,Benign-only
STRAP,11171,0,0,23,23,VUS/Other-only
STRBP,55342,0,1,49,50,Benign-only
STRC,161497,74,61,190,325,Multiclass
STRIP1,85369,0,4,105,109,Benign-only
STRIP2,57464,0,1,107,108,Benign-only
STRN,6801,0,34,94,128,Benign-only
STRN3,29966,0,6,101,107,Benign-only
STRN4,29888,0,8,112,120,Benign-only
STS,412,14,64,88,166,Multiclass
STT3A,3703,6,144,111,261,Multiclass
STT3B,201595,0,131,100,231,Benign-only
STUB1,10273,39,89,125,253,Multiclass
STUM,375057,0,0,1,1,VUS/Other-only
STX10,8677,0,1,44,45,Benign-only
STX11,8676,30,165,207,402,Multiclass
STX12,23673,0,2,32,34,Benign-only
STX16,8675,2,113,170,285,Multiclass
STX16;STX16-NPEPL1,-1,0,0,1,1,VUS/Other-only
STX17,55014,0,0,42,42,VUS/Other-only
STX18,53407,0,1,55,56,Benign-only
STX19,415117,0,2,34,36,Benign-only
STX1A,6804,6,12,26,44,Multiclass
STX1B,112755,66,194,164,424,Multiclass
STX2,2054,0,4,41,45,Benign-only
STX3,6809,9,126,86,221,Multiclass
STX4,6810,0,2,24,26,Benign-only
STX5,6811,0,1,32,33,Benign-only
STX6,10228,0,2,38,40,Benign-only
STX7,8417,0,0,32,32,VUS/Other-only
STX8,9482,0,3,36,39,Benign-only
STXBP1,6812,384,496,305,1185,Multiclass
STXBP2,6813,99,669,404,1172,Multiclass
STXBP3,6814,3,2,61,66,Multiclass
STXBP4,252983,0,6,70,76,Benign-only
STXBP5,134957,0,17,108,125,Benign-only
STXBP5L,9515,0,5,145,150,Benign-only
STXBP6,29091,0,0,24,24,VUS/Other-only
STYK1,55359,0,6,59,65,Benign-only
STYX,6815,0,1,25,26,Benign-only
STYXL1,51657,0,5,52,57,Benign-only
STYXL2,92235,0,22,233,255,Benign-only
SUB1,10923,0,2,6,8,Benign-only
SUCLA2,8803,31,225,187,443,Multiclass
SUCLG1,8802,26,177,137,340,Multiclass
SUCLG2,8801,0,80,176,256,Benign-only
SUCNR1,56670,0,5,41,46,Benign-only
SUCO,51430,0,197,350,547,Benign-only
SUDS3,64426,0,2,24,26,Benign-only
SUFU,51684,126,753,917,1796,Multiclass
SUGCT,79783,4,92,84,180,Multiclass
SUGP1,57794,0,8,87,95,Benign-only
SUGP2,10147,0,7,148,155,Benign-only
SUGT1,10910,0,3,33,36,Benign-only
SULF1,23213,0,180,263,443,Benign-only
SULF2,55959,0,18,128,146,Benign-only
SULT1A1,6817,0,4,60,64,Benign-only
SULT1A2,6799,0,6,60,66,Benign-only
SULT1A4,445329,0,1,2,3,Benign-only
SULT1B1,27284,0,4,36,40,Benign-only
SULT1C2,6819,0,9,38,47,Benign-only
SULT1C3,442038,0,4,47,51,Benign-only
SULT1C4,27233,0,1,37,38,Benign-only
SULT1E1,6783,0,6,36,42,Benign-only
SULT2A1,6822,0,6,24,30,Benign-only
SULT2B1,6820,7,37,60,104,Multiclass
SULT4A1,25830,0,2,20,22,Benign-only
SULT6B1,391365,0,3,46,49,Benign-only
SUMF1,285362,129,409,221,759,Multiclass
SUMF2,25870,0,9,84,93,Benign-only
SUMO1,7341,0,6,14,20,Benign-only
SUMO2,6613,0,1,1,2,Benign-only
SUMO3,6612,0,3,5,8,Benign-only
SUMO4,387082,0,3,14,17,Benign-only
SUMO4;TAB2,-1,0,1,0,1,Benign-only
SUN1,23353,0,332,343,675,Benign-only
SUN2,25777,0,240,298,538,Benign-only
SUN3,256979,0,4,48,52,Benign-only
SUN5,140732,4,1,55,60,Multiclass
SUOX,6821,76,205,204,485,Multiclass
SUPT16H,11198,7,15,143,165,Multiclass
SUPT20H,55578,0,2,87,89,Benign-only
SUPT20HL1,100130302,0,8,1,9,Benign-only
SUPT20HL2,170067,0,2,0,2,Benign-only
SUPT3H,8464,0,3,51,54,Benign-only
SUPT4H1,6827,0,1,8,9,Benign-only
SUPT5H,6829,0,12,92,104,Benign-only
SUPT6H,6830,0,5,142,147,Benign-only
SUPT7L,9913,0,0,57,57,VUS/Other-only
SUPV3L1,6832,0,5,97,102,Benign-only
SURF1,6834,172,382,213,767,Multiclass
SURF2,6835,0,2,61,63,Benign-only
SURF4,6836,0,0,24,24,VUS/Other-only
SURF6,6838,0,3,80,83,Benign-only
SUSD1,64420,0,19,97,116,Benign-only
SUSD2,56241,0,25,171,196,Benign-only
SUSD3,203328,0,5,44,49,Benign-only
SUSD4,55061,0,7,67,74,Benign-only
SUSD5,26032,0,14,100,114,Benign-only
SUSD6,9766,0,2,44,46,Benign-only
SUV39H1,6839,0,3,14,17,Benign-only
SUV39H2,79723,0,3,24,27,Benign-only
SUV39H2;DCLRE1C,-1,0,1,0,1,Benign-only
SUZ12,23512,32,45,114,191,Multiclass
SV2A,9900,3,22,80,105,Multiclass
SV2B,9899,0,3,95,98,Benign-only
SV2C,22987,0,8,101,109,Benign-only
SVBP,374969,6,0,10,16,Pathogenic-only
SVEP1,79987,0,45,457,502,Benign-only
SVIL,6840,6,177,340,523,Multiclass
SVIP,258010,0,0,14,14,VUS/Other-only
SVOPL,136306,0,11,106,117,Benign-only
SWAP70,23075,0,1,54,55,Benign-only
SWI5,375757,0,3,36,39,Benign-only
SWSAP1,126074,0,3,34,37,Benign-only
SWT1,54823,0,16,95,111,Benign-only
SYAP1,94056,0,4,30,34,Benign-only
SYBU,55638,0,7,98,105,Benign-only
SYCE1,93426,3,21,42,66,Multiclass
SYCE1L,100130958,0,5,57,62,Benign-only
SYCE2,256126,0,5,33,38,Benign-only
SYCE3,644186,0,1,9,10,Benign-only
SYCN,342898,0,3,30,33,Benign-only
SYCP1,6847,0,9,92,101,Benign-only
SYCP2,10388,6,27,174,207,Multiclass
SYCP2L,221711,3,17,91,111,Multiclass
SYCP3,50511,0,18,39,57,Benign-only
SYDE1,85360,0,5,121,126,Benign-only
SYDE2,84144,0,15,146,161,Benign-only
SYF2,25949,0,1,16,17,Benign-only
SYK,6850,3,38,46,87,Multiclass
SYMPK,8189,0,7,140,147,Benign-only
SYN1,6853,59,239,297,595,Multiclass
SYN1;TIMP1,-1,0,1,0,1,Benign-only
SYN2,6854,0,6,63,69,Benign-only
SYN3,8224,0,14,74,88,Benign-only
SYN3;TIMP3,-1,1,1,0,2,Multiclass
SYNC,81493,0,8,77,85,Benign-only
SYNCRIP,10492,5,11,98,114,Multiclass
SYNDIG1,79953,0,1,44,45,Benign-only
SYNDIG1L,646658,0,1,35,36,Benign-only
SYNE1,23345,369,2478,3522,6369,Multiclass
SYNE2,23224,10,1747,2643,4400,Multiclass
SYNE3,161176,0,14,182,196,Benign-only
SYNE4,163183,43,190,102,335,Multiclass
SYNGAP1,8831,420,754,583,1757,Multiclass
SYNGAP1-AS1;SYNGAP1,-1,2,0,0,2,Pathogenic-only
SYNGAP1;SYNGAP1-AS1,-1,5,1,2,8,Multiclass
SYNGR1,9145,0,2,45,47,Benign-only
SYNGR2,9144,0,2,36,38,Benign-only
SYNGR3,9143,0,2,36,38,Benign-only
SYNGR4,23546,0,4,41,45,Benign-only
SYNJ1,8867,54,738,731,1523,Multiclass
SYNJ2,8871,0,20,232,252,Benign-only
SYNJ2BP,55333,0,0,2,2,VUS/Other-only
SYNJ2BP-COX16,100529257,0,0,2,2,VUS/Other-only
SYNM,23336,0,76,115,191,Benign-only
SYNPO,11346,0,91,263,354,Benign-only
SYNPO2,171024,0,11,181,192,Benign-only
SYNPO2L,79933,0,1,137,138,Benign-only
SYNPR,132204,0,1,35,36,Benign-only
SYNRG,11276,0,15,155,170,Benign-only
SYP,6855,8,18,66,92,Multiclass
SYP-AS1;SYP,-1,0,0,1,1,VUS/Other-only
SYPL1,6856,0,0,38,38,VUS/Other-only
SYPL2,284612,0,2,33,35,Benign-only
SYS1,90196,0,2,19,21,Benign-only
SYT1,6857,18,17,64,99,Multiclass
SYT10,341359,0,3,74,77,Benign-only
SYT11,23208,0,1,42,43,Benign-only
SYT12,91683,0,2,84,86,Benign-only
SYT13,57586,0,5,59,64,Benign-only
SYT14,255928,1,43,85,129,Multiclass
SYT15,83849,0,7,73,80,Benign-only
SYT16,83851,0,3,72,75,Benign-only
SYT17,51760,0,1,65,66,Benign-only
SYT2,127833,10,144,163,317,Multiclass
SYT3,84258,0,6,82,88,Benign-only
SYT4,6860,0,3,39,42,Benign-only
SYT5,6861,0,2,58,60,Benign-only
SYT6,148281,0,0,55,55,VUS/Other-only
SYT7,9066,0,3,39,42,Benign-only
SYT8,90019,0,6,85,91,Benign-only
SYT9,143425,0,2,53,55,Benign-only
SYTL1,84958,0,4,83,87,Benign-only
SYTL2,54843,0,30,254,284,Benign-only
SYTL3,94120,0,6,91,97,Benign-only
SYTL4,94121,0,6,66,72,Benign-only
SYTL5,94122,0,6,84,90,Benign-only
SYVN1,84447,0,4,70,74,Benign-only
SZT2,23334,176,1594,1671,3441,Multiclass
TAAR1,134864,0,5,44,49,Benign-only
TAAR2,9287,0,3,57,60,Benign-only
TAAR5,9038,0,10,47,57,Benign-only
TAAR6,319100,0,5,50,55,Benign-only
TAAR8,83551,0,4,63,67,Benign-only
TAAR9,134860,0,5,60,65,Benign-only
TAB1,10454,0,4,70,74,Benign-only
TAB2,23118,75,114,205,394,Multiclass
TAB3,257397,0,5,51,56,Benign-only
TAC1,6863,0,2,10,12,Benign-only
TAC3,6866,2,13,22,37,Multiclass
TAC4,255061,0,3,7,10,Benign-only
TACC1,6867,0,8,111,119,Benign-only
TACC2,10579,0,70,423,493,Benign-only
TACC3,10460,0,18,155,173,Benign-only
TACO1,51204,16,58,97,171,Multiclass
TACR1,6869,0,2,51,53,Benign-only
TACR2,6865,0,9,51,60,Benign-only
TACR3,6870,16,58,91,165,Multiclass
TACR3;TACR3-AS1,-1,1,0,0,1,Pathogenic-only
TACSTD2,4070,2,24,78,104,Multiclass
TADA1,117143,0,2,47,49,Benign-only
TADA2A,6871,0,0,54,54,VUS/Other-only
TADA2B,93624,0,1,31,32,Benign-only
TADA3,10474,0,2,43,45,Benign-only
TAF1,6872,31,302,389,722,Multiclass
TAF10,6881,0,1,36,37,Benign-only
TAF11,6882,0,0,13,13,VUS/Other-only
TAF11L8,112488737,0,1,0,1,Benign-only
TAF11L9,112488745,0,1,0,1,Benign-only
TAF12,6883,0,0,19,19,VUS/Other-only
TAF13,6884,3,4,8,15,Multiclass
TAF15,8148,0,81,100,181,Benign-only
TAF1A,9015,0,6,45,51,Benign-only
TAF1B,9014,0,3,71,74,Benign-only
TAF1C,9013,0,27,203,230,Benign-only
TAF1C;DNAAF1,-1,0,1,0,1,Benign-only
TAF1D,79101,0,4,34,38,Benign-only
TAF1L,138474,0,11,228,239,Benign-only
TAF2,6873,3,154,174,331,Multiclass
TAF3,83860,0,7,89,96,Benign-only
TAF4,6874,20,56,231,307,Multiclass
TAF4B,6875,0,22,119,141,Benign-only
TAF5,6877,0,3,74,77,Benign-only
TAF5L,27097,0,4,69,73,Benign-only
TAF6,6878,4,85,107,196,Multiclass
TAF6;AP4M1,-1,0,1,0,1,Benign-only
TAF6L,10629,0,4,85,89,Benign-only
TAF7,6879,0,0,42,42,VUS/Other-only
TAF7L,54457,1,10,40,51,Multiclass
TAF8,129685,6,6,50,62,Multiclass
TAF9,6880,0,0,30,30,VUS/Other-only
TAF9B,51616,0,2,29,31,Benign-only
TAFA1,407738,0,0,15,15,VUS/Other-only
TAFA2,338811,0,0,12,12,VUS/Other-only
TAFA3,284467,0,10,33,43,Benign-only
TAFA4,151647,0,1,42,43,Benign-only
TAFA5,25817,0,1,19,20,Benign-only
TAFAZZIN,6901,93,228,206,527,Multiclass
TAGAP,117289,0,7,48,55,Benign-only
TAGLN,6876,0,4,24,28,Benign-only
TAGLN2,8407,0,0,26,26,VUS/Other-only
TAGLN3,29114,0,0,22,22,VUS/Other-only
TAL1,6886,0,5,52,57,Benign-only
TAL2,6887,0,0,13,13,VUS/Other-only
TALDO1,6888,21,124,130,275,Multiclass
TAMALIN,160622,0,4,80,84,Benign-only
TAMM41,132001,1,6,49,56,Multiclass
TANC1,85461,0,28,238,266,Benign-only
TANC2,26115,41,134,481,656,Multiclass
TANGO2,128989,50,270,144,464,Multiclass
TANGO6,79613,0,10,157,167,Benign-only
TANK,10010,0,5,47,52,Benign-only
TAOK1,57551,76,27,196,299,Multiclass
TAOK2,9344,1,395,540,936,Multiclass
TAOK3,51347,0,6,80,86,Benign-only
TAP1,6890,27,236,225,488,Multiclass
TAP2,6891,24,224,222,470,Multiclass
TAPBP,6892,1,143,226,370,Multiclass
TAPBPL,55080,0,3,55,58,Benign-only
TAPT1,202018,7,222,98,327,Multiclass
TARBP1,6894,0,14,280,294,Benign-only
TARBP2,6895,0,2,45,47,Benign-only
TARDBP,23435,20,117,128,265,Multiclass
TARM1,441864,0,4,36,40,Benign-only
TARP,445347,0,0,2,2,VUS/Other-only
TARS1,6897,2,14,115,131,Multiclass
TARS2,80222,12,163,134,309,Multiclass
TARS3,123283,0,4,128,132,Benign-only
TAS1R1,80835,0,15,92,107,Benign-only
TAS1R2,80834,0,14,165,179,Benign-only
TAS1R3,83756,0,37,232,269,Benign-only
TAS2R1,50834,0,5,36,41,Benign-only
TAS2R10,50839,0,5,42,47,Benign-only
TAS2R13,50838,0,4,48,52,Benign-only
TAS2R14,50840,0,8,37,45,Benign-only
TAS2R16,50833,0,0,37,37,VUS/Other-only
TAS2R20,259295,0,7,46,53,Benign-only
TAS2R3,50831,0,4,40,44,Benign-only
TAS2R30,259293,0,8,42,50,Benign-only
TAS2R31,259290,0,4,47,51,Benign-only
TAS2R38,5726,0,5,54,59,Benign-only
TAS2R39,259285,0,7,45,52,Benign-only
TAS2R4,50832,0,11,37,48,Benign-only
TAS2R40,259286,0,4,39,43,Benign-only
TAS2R41,259287,0,3,36,39,Benign-only
TAS2R42,353164,0,3,34,37,Benign-only
TAS2R43,259289,0,16,40,56,Benign-only
TAS2R46,259292,0,7,52,59,Benign-only
TAS2R5,54429,0,3,43,46,Benign-only
TAS2R50,259296,0,4,37,41,Benign-only
TAS2R60,338398,0,8,41,49,Benign-only
TAS2R7,50837,0,5,51,56,Benign-only
TAS2R8,50836,0,6,38,44,Benign-only
TAS2R9,50835,0,8,41,49,Benign-only
TASL,80231,0,3,3,6,Benign-only
TASOR,23272,0,13,123,136,Benign-only
TASOR2,54906,0,41,315,356,Benign-only
TASP1,55617,4,5,45,54,Multiclass
TAT,6898,60,298,94,452,Multiclass
TATDN1,83940,0,0,42,42,VUS/Other-only
TATDN2,9797,0,9,100,109,Benign-only
TATDN3,128387,0,3,33,36,Benign-only
TAX1BP1,8887,0,6,95,101,Benign-only
TAX1BP3,30851,0,9,27,36,Benign-only
TBATA,219793,0,7,55,62,Benign-only
TBC1D1,23216,0,30,172,202,Benign-only
TBC1D10A,83874,0,5,97,102,Benign-only
TBC1D10B,26000,0,2,136,138,Benign-only
TBC1D10C,374403,0,5,78,83,Benign-only
TBC1D12,23232,0,6,117,123,Benign-only
TBC1D13,54662,0,0,47,47,VUS/Other-only
TBC1D14,57533,0,6,89,95,Benign-only
TBC1D15,64786,0,3,71,74,Benign-only
TBC1D16,125058,0,12,144,156,Benign-only
TBC1D17,79735,0,3,132,135,Benign-only
TBC1D19,55296,0,0,46,46,VUS/Other-only
TBC1D2,55357,0,22,126,148,Benign-only
TBC1D20,128637,3,99,76,178,Multiclass
TBC1D21,161514,0,2,45,47,Benign-only
TBC1D22A,25771,0,6,68,74,Benign-only
TBC1D22B,55633,0,1,58,59,Benign-only
TBC1D23,55773,10,25,97,132,Multiclass
TBC1D24,57465,95,332,530,957,Multiclass
TBC1D25,4943,1,2,45,48,Multiclass
TBC1D26,353149,0,6,26,32,Benign-only
TBC1D28,254272,0,2,34,36,Benign-only
TBC1D29P,26083,0,0,16,16,VUS/Other-only
TBC1D2B,23102,5,29,147,181,Multiclass
TBC1D3,729873,0,0,1,1,VUS/Other-only
TBC1D30,23329,0,8,105,113,Benign-only
TBC1D31,93594,0,12,151,163,Benign-only
TBC1D32,221322,12,102,206,320,Multiclass
TBC1D3;TBC1D3C;TBC1D3D;TBC1D3E;TBC1D3K;TBC1D3L,-1,0,0,1,1,VUS/Other-only
TBC1D3;TBC1D3L,-1,0,2,0,2,Benign-only
TBC1D3B,414059,0,7,0,7,Benign-only
TBC1D3C,414060,0,2,8,10,Benign-only
TBC1D3F,84218,0,0,3,3,VUS/Other-only
TBC1D3F;TBC1D3G,-1,0,4,0,4,Benign-only
TBC1D3G,101060321,0,1,4,5,Benign-only
TBC1D3H,729877,0,4,32,36,Benign-only
TBC1D3L,101060376,0,1,0,1,Benign-only
TBC1D4,9882,0,59,164,223,Benign-only
TBC1D5,9779,0,4,97,101,Benign-only
TBC1D7,51256,5,70,64,139,Multiclass
TBC1D8,11138,0,12,167,179,Benign-only
TBC1D8B,54885,7,68,177,252,Multiclass
TBC1D9,23158,0,6,122,128,Benign-only
TBC1D9B,23061,0,8,15,23,Benign-only
TBCA,6902,0,1,13,14,Benign-only
TBCB,1155,0,1,48,49,Benign-only
TBCC,6903,0,1,60,61,Benign-only
TBCCD1,55171,0,3,76,79,Benign-only
TBCD,6904,89,947,313,1349,Multiclass
TBCD;ZNF750,-1,0,2,0,2,Benign-only
TBCE,6905,63,376,163,602,Multiclass
TBCEL,219899,0,0,33,33,VUS/Other-only
TBCEL-TECTA;TECTA,-1,0,0,3,3,VUS/Other-only
TBCEL-TECTA;TECTA;LOC126861365,-1,0,0,1,1,VUS/Other-only
TBCK,93627,96,431,357,884,Multiclass
TBK1,29110,78,223,263,566,Multiclass
TBK1;LOC130008203,-1,0,1,0,1,Benign-only
TBKBP1,9755,0,8,109,117,Benign-only
TBL1X,6907,1,21,85,107,Multiclass
TBL1XR1,79718,107,303,237,647,Multiclass
TBL1Y,90665,0,2,1,3,Benign-only
TBL2,26608,0,17,71,88,Benign-only
TBL3,10607,0,16,181,197,Benign-only
TBP,6908,2,43,35,80,Multiclass
TBPL1,9519,0,0,5,5,VUS/Other-only
TBPL2,387332,0,7,46,53,Benign-only
TBR1,10716,65,44,196,305,Multiclass
TBRG1,84897,0,2,61,63,Benign-only
TBRG4,9238,0,9,81,90,Benign-only
TBX1,6899,56,478,600,1134,Multiclass
TBX10,347853,0,6,62,68,Benign-only
TBX15,6913,2,118,107,227,Multiclass
TBX18,9096,2,84,148,234,Multiclass
TBX19,9095,22,74,105,201,Multiclass
TBX2,6909,3,37,116,156,Multiclass
TBX20,57057,44,270,424,738,Multiclass
TBX21,30009,0,7,67,74,Benign-only
TBX22,50945,6,40,65,111,Multiclass
TBX3,6926,30,224,316,570,Multiclass
TBX4,9496,58,91,146,295,Multiclass
TBX5,6910,150,292,339,781,Multiclass
TBX6,6911,21,105,183,309,Multiclass
TBXA2R,6915,3,92,147,242,Multiclass
TBXAS1,6916,22,155,155,332,Multiclass
TBXT,6862,1,9,38,48,Multiclass
TC2N,123036,0,3,56,59,Benign-only
TCAF1,9747,0,4,50,54,Benign-only
TCAF2,285966,0,5,62,67,Benign-only
TCAIM,285343,0,4,48,52,Benign-only
TCAP,8557,32,113,212,357,Multiclass
TCEA1,6917,0,0,25,25,VUS/Other-only
TCEA2,6919,0,3,33,36,Benign-only
TCEA3,6920,0,1,57,58,Benign-only
TCEAL1,9338,12,4,18,34,Multiclass
TCEAL2,140597,0,5,18,23,Benign-only
TCEAL3,85012,0,2,12,14,Benign-only
TCEAL4,79921,0,4,13,17,Benign-only
TCEAL5,340543,0,2,14,16,Benign-only
TCEAL6,158931,0,5,20,25,Benign-only
TCEAL7,56849,0,0,10,10,VUS/Other-only
TCEAL8,90843,0,1,14,15,Benign-only
TCEAL9,51186,0,0,2,2,VUS/Other-only
TCEANC,170082,0,8,37,45,Benign-only
TCEANC2,127428,0,0,20,20,VUS/Other-only
TCERG1,10915,0,13,96,109,Benign-only
TCERG1L,256536,0,9,96,105,Benign-only
TCF12,6938,128,135,253,516,Multiclass
TCF15,6939,0,16,35,51,Benign-only
TCF19,6941,0,6,43,49,Benign-only
TCF20,6942,132,460,624,1216,Multiclass
TCF21,6943,0,4,19,23,Benign-only
TCF23,150921,0,2,34,36,Benign-only
TCF24,100129654,0,0,31,31,VUS/Other-only
TCF25,22980,0,17,122,139,Benign-only
TCF3,6929,31,563,560,1154,Multiclass
TCF4,6925,279,509,433,1221,Multiclass
TCF7,6932,0,4,63,67,Benign-only
TCF7L1,83439,0,13,84,97,Benign-only
TCF7L2,6934,15,87,105,207,Multiclass
TCFL5,10732,0,2,84,86,Benign-only
TCHH,7062,3,53,425,481,Multiclass
TCHHL1,126637,0,17,102,119,Benign-only
TCHP,84260,0,1,73,74,Benign-only
TCIRG1,10312,267,806,558,1631,Multiclass
TCL1A,8115,0,3,12,15,Benign-only
TCL1B,9623,0,4,19,23,Benign-only
TCN1,6947,7,74,94,175,Multiclass
TCN2,6948,68,431,261,760,Multiclass
TCOF1,6949,218,389,440,1047,Multiclass
TCP1,6950,2,4,69,75,Multiclass
TCP10L,140290,0,3,26,29,Benign-only
TCP11,6954,0,1,49,50,Benign-only
TCP11L1,55346,0,0,64,64,VUS/Other-only
TCP11L2,255394,0,4,68,72,Benign-only
TCTA,6988,0,0,15,15,VUS/Other-only
TCTE1,202500,0,0,8,8,VUS/Other-only
TCTN1,79600,58,230,183,471,Multiclass
TCTN2,79867,76,342,340,758,Multiclass
TCTN3,26123,65,269,246,580,Multiclass
TDG,6996,0,1,46,47,Benign-only
TDO2,6999,0,2,49,51,Benign-only
TDP1,55775,6,87,171,264,Multiclass
TDP2,51567,12,26,57,95,Multiclass
TDRD1,56165,1,14,126,141,Multiclass
TDRD10,126668,0,4,45,49,Benign-only
TDRD12,91646,4,8,60,72,Multiclass
TDRD15,100129278,0,1,0,1,Benign-only
TDRD3,81550,0,1,88,89,Benign-only
TDRD5,163589,0,13,100,113,Benign-only
TDRD6,221400,5,29,360,394,Multiclass
TDRD7,23424,5,73,193,271,Multiclass
TDRD9,122402,10,18,201,229,Multiclass
TDRKH,11022,0,2,43,45,Benign-only
TDRP,157695,0,2,47,49,Benign-only
TEAD1,7003,0,122,149,271,Benign-only
TEAD2,8463,0,3,48,51,Benign-only
TEAD3,7005,0,0,43,43,VUS/Other-only
TEAD3;TULP1,-1,1,0,0,1,Pathogenic-only
TEAD4,7004,0,4,63,67,Benign-only
TEC,7006,1,0,49,50,Pathogenic-only
TECPR1,25851,0,13,203,216,Benign-only
TECPR2,9895,123,1008,298,1429,Multiclass
TECR,9524,0,20,37,57,Benign-only
TECRL,253017,22,153,196,371,Multiclass
TECTA,7007,115,362,767,1244,Multiclass
TECTB,6975,0,2,52,54,Benign-only
TEDC1,283643,0,5,5,10,Benign-only
TEDC2,80178,0,2,8,10,Benign-only
TEDDM1,127670,0,2,41,43,Benign-only
TEF,7008,0,0,34,34,VUS/Other-only
TEFM,79736,0,3,51,54,Benign-only
TEK,7010,59,192,202,453,Multiclass
TEKT1,83659,0,2,72,74,Benign-only
TEKT2,27285,0,10,79,89,Benign-only
TEKT3,64518,1,2,104,107,Multiclass
TEKT4,150483,0,6,129,135,Benign-only
TEKT5,146279,0,5,121,126,Benign-only
TEKTIP1,100128569,0,3,10,13,Benign-only
TEKTL1,126402,0,1,71,72,Benign-only
TELO2,9894,27,342,251,620,Multiclass
TEN1,100134934,0,2,0,2,Benign-only
TENM1,10178,0,50,223,273,Benign-only
TENM2,57451,0,21,404,425,Benign-only
TENM3,55714,8,234,380,622,Multiclass
TENM4,26011,1,97,518,616,Multiclass
TENT2,167153,0,0,64,64,VUS/Other-only
TENT4A,11044,0,4,72,76,Benign-only
TENT4B,64282,0,7,79,86,Benign-only
TENT5A,55603,0,101,80,181,Benign-only
TENT5B,115572,0,5,82,87,Benign-only
TENT5C,54855,0,2,48,50,Benign-only
TENT5D,169966,0,6,30,36,Benign-only
TEP1,7011,0,52,399,451,Benign-only
TEPSIN,146705,0,9,8,17,Benign-only
TERB1,283847,1,7,6,14,Multiclass
TERB2,145645,1,0,3,4,Pathogenic-only
TERC,7012,26,6,348,380,Multiclass
TERF1,7013,0,23,35,58,Benign-only
TERF2,7014,0,22,39,61,Benign-only
TERF2IP,54386,1,315,528,844,Multiclass
TERT,7015,153,1684,1678,3515,Multiclass
TES,26136,0,0,41,41,VUS/Other-only
TESC,54997,0,11,33,44,Benign-only
TESK1,7016,0,2,80,82,Benign-only
TESK2,10420,0,4,83,87,Benign-only
TESMIN,9633,0,0,5,5,VUS/Other-only
TESPA1,9840,0,3,52,55,Benign-only
TET1,80312,0,33,205,238,Benign-only
TET2,54790,162,650,1207,2019,Multiclass
TET3,200424,41,84,307,432,Multiclass
TEX10,54881,0,4,88,92,Benign-only
TEX101,83639,0,4,34,38,Benign-only
TEX11,56159,14,23,66,103,Multiclass
TEX12,56158,0,1,12,13,Benign-only
TEX13A,56157,0,7,32,39,Benign-only
TEX13B,56156,0,0,25,25,VUS/Other-only
TEX13C,100129520,0,10,0,10,Benign-only
TEX13D,100132015,0,4,0,4,Benign-only
TEX14,56155,11,42,215,268,Multiclass
TEX15,56154,24,79,284,387,Multiclass
TEX19,400629,0,1,15,16,Benign-only
TEX2,55852,0,9,145,154,Benign-only
TEX22,647310,0,3,26,29,Benign-only
TEX26,122046,0,5,55,60,Benign-only
TEX261,113419,0,0,21,21,VUS/Other-only
TEX264,51368,0,1,49,50,Benign-only
TEX29,121793,0,2,25,27,Benign-only
TEX30,93081,0,1,19,20,Benign-only
TEX35,84066,0,1,29,30,Benign-only
TEX36,387718,0,4,22,26,Benign-only
TEX38,374973,0,4,27,31,Benign-only
TEX44,165100,0,0,4,4,VUS/Other-only
TEX46,729059,0,0,3,3,VUS/Other-only
TEX47,219557,0,0,1,1,VUS/Other-only
TEX50,730159,0,0,1,1,VUS/Other-only
TEX55,152405,0,0,7,7,VUS/Other-only
TEX9,374618,0,1,62,63,Benign-only
TF,7018,11,357,100,468,Multiclass
TFAM,7019,2,53,40,95,Multiclass
TFAP2A,7020,49,120,124,293,Multiclass
TFAP2A;TFAP2A-AS2,-1,1,0,0,1,Pathogenic-only
TFAP2B,7021,18,63,90,171,Multiclass
TFAP2C,7022,0,2,32,34,Benign-only
TFAP2D,83741,0,3,45,48,Benign-only
TFAP2E,339488,0,0,80,80,VUS/Other-only
TFAP4,7023,0,1,34,35,Benign-only
TFB1M,51106,0,6,49,55,Benign-only
TFB1M;TIAM2,-1,0,1,0,1,Benign-only
TFB2M,64216,0,18,58,76,Benign-only
TFCP2,7024,0,2,33,35,Benign-only
TFCP2L1,29842,0,4,49,53,Benign-only
TFDP1,7027,0,5,37,42,Benign-only
TFDP2,7029,0,0,39,39,VUS/Other-only
TFDP3,51270,0,4,36,40,Benign-only
TFE3,7030,17,26,89,132,Multiclass
TFEB,7942,0,2,23,25,Benign-only
TFEC,22797,0,5,44,49,Benign-only
TFF1,7031,0,2,13,15,Benign-only
TFF2,7032,0,5,16,21,Benign-only
TFF3,7033,0,1,9,10,Benign-only
TFG,10342,4,225,237,466,Multiclass
TFIP11,24144,0,3,90,93,Benign-only
TFPI,7035,0,3,15,18,Benign-only
TFPI2,7980,0,7,32,39,Benign-only
TFPT,29844,0,2,54,56,Benign-only
TFR2,7036,174,702,184,1060,Multiclass
TFRC,7037,1,374,323,698,Multiclass
TG,7038,233,1273,558,2064,Multiclass
TGDS,23483,8,55,59,122,Multiclass
TGFA,7039,0,7,23,30,Benign-only
TGFB1,7040,8,210,300,518,Multiclass
TGFB1I1,7041,0,1,65,66,Benign-only
TGFB2,7042,110,297,412,819,Multiclass
TGFB3,7043,78,250,349,677,Multiclass
TGFBI,7045,18,39,144,201,Multiclass
TGFBR1,7046,104,373,621,1098,Multiclass
TGFBR2,7048,120,458,656,1239,Multiclass
TGFBR3,7049,0,20,95,115,Benign-only
TGFBR3L,100507588,0,2,52,54,Benign-only
TGFBRAP1,9392,0,13,96,109,Benign-only
TGIF1,7050,9,77,72,158,Multiclass
TGIF2,60436,0,0,23,23,VUS/Other-only
TGIF2LX,90316,0,2,25,27,Benign-only
TGIF2LY,90655,1,0,0,1,Pathogenic-only
TGM1,7051,285,565,173,1023,Multiclass
TGM2,7052,0,32,95,127,Benign-only
TGM3,7053,0,19,120,139,Benign-only
TGM4,7047,0,8,93,101,Benign-only
TGM5,9333,19,42,133,194,Multiclass
TGM6,343641,10,217,276,503,Multiclass
TGM7,116179,0,11,109,120,Benign-only
TGOLN2,10618,0,3,62,65,Benign-only
TGS1,96764,0,19,116,135,Benign-only
TH,7054,176,599,335,1110,Multiclass
THADA,63892,0,25,354,379,Benign-only
THAP1,55145,39,55,95,189,Multiclass
THAP10,56906,0,2,41,43,Benign-only
THAP11,57215,1,80,74,155,Multiclass
THAP12,5612,0,1,5,6,Benign-only
THAP2,83591,0,0,27,27,VUS/Other-only
THAP3,90326,0,4,32,36,Benign-only
THAP4,51078,0,7,80,87,Benign-only
THAP5,168451,0,2,53,55,Benign-only
THAP6,152815,0,1,25,26,Benign-only
THAP7,80764,0,0,50,50,VUS/Other-only
THAP7;LZTR1,-1,1,0,0,1,Pathogenic-only
THAP8,199745,0,4,55,59,Benign-only
THAP9,79725,0,5,106,111,Benign-only
THBD,7056,7,151,505,663,Multiclass
THBS1,7057,0,24,112,136,Benign-only
THBS2,7058,1,35,151,187,Multiclass
THBS3,7059,0,1,121,122,Benign-only
THBS4,7060,0,8,123,131,Benign-only
THEM4,117145,0,5,42,47,Benign-only
THEM5,284486,0,5,26,31,Benign-only
THEM6,51337,0,0,42,42,VUS/Other-only
THEMIS,387357,0,6,90,96,Benign-only
THEMIS2,9473,0,10,93,103,Benign-only
THG1L,54974,5,11,50,66,Multiclass
THNSL1,79896,0,6,109,115,Benign-only
THNSL2,55258,0,4,74,78,Benign-only
THOC1,9984,0,1,49,50,Benign-only
THOC1;COLEC12;USP14;LOC130062072;LOC130062073,-1,0,1,0,1,Benign-only
THOC2,57187,13,62,205,280,Multiclass
THOC3,84321,0,2,34,36,Benign-only
THOC5,8563,0,3,61,64,Benign-only
THOC6,79228,19,22,69,110,Multiclass
THOC7,80145,0,0,24,24,VUS/Other-only
THOP1,7064,0,5,122,127,Benign-only
THPO,7066,15,76,129,220,Multiclass
THRA,7067,16,19,45,80,Multiclass
THRAP3,9967,0,5,113,118,Benign-only
THRB,7068,61,95,164,320,Multiclass
THRSP,7069,0,1,17,18,Benign-only
THSD1,55901,4,13,97,114,Multiclass
THSD4,79875,5,39,185,229,Multiclass
THSD4;LOC121530590;LOC125110355;LOC126862169;LOC130057452;LOC130057453,-1,1,0,0,1,Pathogenic-only
THSD7A,221981,0,26,274,300,Benign-only
THSD7B,80731,0,7,170,177,Benign-only
THTPA,79178,0,1,29,30,Benign-only
THTPA;ZFHX2,-1,0,0,1,1,VUS/Other-only
THUMPD1,55623,8,2,57,67,Multiclass
THUMPD2,80745,0,3,92,95,Benign-only
THUMPD3,25917,0,2,73,75,Benign-only
THY1,7070,0,1,24,25,Benign-only
THYN1,29087,0,4,40,44,Benign-only
TIA1,7072,1,174,158,333,Multiclass
TIAL1,7073,0,0,17,17,VUS/Other-only
TIAM1,7074,1,34,250,285,Multiclass
TIAM2,26230,0,32,242,274,Benign-only
TICAM1,148022,0,197,236,433,Benign-only
TICAM2,353376,0,2,2,4,Benign-only
TICAM2-AS1;TMED7;TMED7-TICAM2,-1,0,1,0,1,Benign-only
TICRR,90381,0,36,320,356,Benign-only
TIE1,7075,0,12,170,182,Benign-only
TIFA,92610,0,0,18,18,VUS/Other-only
TIFAB,497189,0,5,32,37,Benign-only
TIGAR,57103,0,3,20,23,Benign-only
TIGD1,200765,0,1,0,1,Benign-only
TIGD2,166815,0,0,70,70,VUS/Other-only
TIGD3,220359,0,5,62,67,Benign-only
TIGD4,201798,0,1,54,55,Benign-only
TIGD5,84948,0,2,89,91,Benign-only
TIGD6,81789,0,3,88,91,Benign-only
TIGD7,91151,0,6,82,88,Benign-only
TIGIT,201633,0,9,32,41,Benign-only
TIMCC,84908,0,4,5,9,Benign-only
TIMD4,91937,0,6,39,45,Benign-only
TIMELESS,8914,0,29,177,206,Benign-only
TIMM10,26519,0,0,8,8,VUS/Other-only
TIMM10B,26515,0,0,22,22,VUS/Other-only
TIMM13,26517,0,0,16,16,VUS/Other-only
TIMM17A,10440,0,0,21,21,VUS/Other-only
TIMM17B,10245,0,2,20,22,Benign-only
TIMM21,29090,0,4,46,50,Benign-only
TIMM22,29928,0,4,28,32,Benign-only
TIMM23,100287932,0,1,10,11,Benign-only
TIMM29,90580,0,0,5,5,VUS/Other-only
TIMM44,10469,0,37,78,115,Benign-only
TIMM50,92609,6,245,213,464,Multiclass
TIMM8A,1678,13,31,16,60,Multiclass
TIMM8B,26521,0,1,26,27,Benign-only
TIMM9,26520,0,0,5,5,VUS/Other-only
TIMMDC1,51300,9,39,80,128,Multiclass
TIMP1,7076,0,8,16,24,Benign-only
TIMP2,7077,0,0,20,20,VUS/Other-only
TIMP3,7078,10,111,139,260,Multiclass
TIMP4,7079,0,3,53,56,Benign-only
TINAG,27283,0,6,71,77,Benign-only
TINAGL1,64129,0,8,63,71,Benign-only
TINF2,26277,20,325,340,685,Multiclass
TIPARP,25976,0,4,65,69,Benign-only
TIPE1,126282,0,1,22,23,Benign-only
TIPE2,79626,0,3,27,30,Benign-only
TIPE3,388121,0,5,41,46,Benign-only
TIPIN,54962,0,2,28,30,Benign-only
TIPRL,261726,0,0,21,21,VUS/Other-only
TIRAP,114609,0,11,18,29,Benign-only
TJAP1,93643,0,3,81,84,Benign-only
TJP1,7082,0,13,256,269,Benign-only
TJP2,9414,76,271,441,788,Multiclass
TJP3,27134,0,7,0,7,Benign-only
TK1,7083,0,2,34,36,Benign-only
TK2,7084,95,292,199,586,Multiclass
TKFC,26007,2,16,102,120,Multiclass
TKT,7086,3,37,87,127,Multiclass
TKTL1,8277,0,5,73,78,Benign-only
TKTL2,84076,0,7,90,97,Benign-only
TLCD1,116238,0,2,46,48,Benign-only
TLCD2,727910,0,5,44,49,Benign-only
TLCD3A,79850,0,5,51,56,Benign-only
TLCD3B,83723,1,5,25,31,Multiclass
TLCD4,148534,0,0,13,13,VUS/Other-only
TLCD4-RWDD3,100527978,0,0,4,4,VUS/Other-only
TLCD5,219902,0,1,35,36,Benign-only
TLDC2,140711,0,6,26,32,Benign-only
TLE1,7088,0,4,91,95,Benign-only
TLE2,7089,0,10,118,128,Benign-only
TLE3,7090,0,11,63,74,Benign-only
TLE4,7091,0,6,54,60,Benign-only
TLE5,166,0,1,9,10,Benign-only
TLE6,79816,7,33,101,141,Multiclass
TLK1,9874,0,1,45,46,Benign-only
TLK2,11011,90,38,161,289,Multiclass
TLL1,7092,1,43,145,189,Multiclass
TLL2,7093,0,12,170,182,Benign-only
TLN1,7094,1,24,244,269,Multiclass
TLN2,83660,0,48,384,432,Benign-only
TLNRD1,59274,0,4,59,63,Benign-only
TLR1,7096,0,19,106,125,Benign-only
TLR10,81793,0,12,92,104,Benign-only
TLR2,7097,0,15,81,96,Benign-only
TLR3,7098,0,183,394,577,Benign-only
TLR4,7099,0,26,85,111,Benign-only
TLR5,7100,1,20,97,118,Multiclass
TLR6,10333,0,7,81,88,Benign-only
TLR7,51284,3,141,178,322,Multiclass
TLR8,51311,3,17,67,87,Multiclass
TLR8;TLR8-AS1,-1,0,2,1,3,Benign-only
TLR9,54106,0,25,115,140,Benign-only
TLX1,3195,0,2,42,44,Benign-only
TLX1NB,100038246,0,1,0,1,Benign-only
TLX2,3196,0,3,40,43,Benign-only
TLX3,30012,0,0,37,37,VUS/Other-only
TM2D1,83941,0,0,31,31,VUS/Other-only
TM2D2,83877,0,2,27,29,Benign-only
TM2D3,80213,0,3,44,47,Benign-only
TM4SF1,4071,0,1,27,28,Benign-only
TM4SF18,116441,0,1,30,31,Benign-only
TM4SF19,116211,0,9,33,42,Benign-only
TM4SF20,79853,1,35,72,108,Multiclass
TM4SF4,7104,0,3,35,38,Benign-only
TM4SF5,9032,0,1,23,24,Benign-only
TM6SF1,53346,0,1,40,41,Benign-only
TM6SF2,53345,0,7,55,62,Benign-only
TM7SF2,7108,0,2,62,64,Benign-only
TM7SF3,51768,0,3,72,75,Benign-only
TM9SF1,10548,0,0,82,82,VUS/Other-only
TM9SF2,9375,0,3,45,48,Benign-only
TM9SF3,56889,0,2,42,44,Benign-only
TM9SF4,9777,0,5,48,53,Benign-only
TMA16,55319,0,4,22,26,Benign-only
TMA7,51372,0,0,6,6,VUS/Other-only
TMBIM1,64114,0,0,45,45,VUS/Other-only
TMBIM4,51643,0,3,30,33,Benign-only
TMBIM6,7009,0,2,41,43,Benign-only
TMC1,117531,153,410,256,819,Multiclass
TMC2,117532,0,35,138,173,Benign-only
TMC3,342125,0,9,171,180,Benign-only
TMC4,147798,0,6,97,103,Benign-only
TMC5,79838,0,8,86,94,Benign-only
TMC6,11322,36,460,365,861,Multiclass
TMC6;TMC8,-1,0,1,0,1,Benign-only
TMC7,79905,0,6,111,117,Benign-only
TMC8,147138,39,346,314,699,Multiclass
TMCC1,23023,0,1,46,47,Benign-only
TMCC2,9911,0,6,81,87,Benign-only
TMCC3,57458,0,4,74,78,Benign-only
TMCO1,54499,17,39,27,83,Multiclass
TMCO2,127391,0,0,18,18,VUS/Other-only
TMCO3,55002,0,9,84,93,Benign-only
TMCO4,255104,0,7,113,120,Benign-only
TMCO5A,145942,0,3,45,48,Benign-only
TMCO6,55374,0,7,66,73,Benign-only
TMED1,11018,0,1,37,38,Benign-only
TMED10,10972,0,2,11,13,Benign-only
TMED2,10959,0,0,15,15,VUS/Other-only
TMED3,23423,0,2,30,32,Benign-only
TMED4,222068,0,1,26,27,Benign-only
TMED5,50999,0,2,22,24,Benign-only
TMED6,146456,0,1,37,38,Benign-only
TMED7,51014,0,52,55,107,Benign-only
TMED7-TICAM2,100302736,0,0,2,2,VUS/Other-only
TMED8,283578,0,1,36,37,Benign-only
TMED9,54732,0,1,21,22,Benign-only
TMEFF1,8577,0,0,13,13,VUS/Other-only
TMEFF2,23671,0,1,18,19,Benign-only
TMEM100,55273,0,2,19,21,Benign-only
TMEM101,84336,0,1,32,33,Benign-only
TMEM102,284114,0,3,75,78,Benign-only
TMEM104,54868,0,3,54,57,Benign-only
TMEM105,284186,0,0,1,1,VUS/Other-only
TMEM106A,113277,0,5,34,39,Benign-only
TMEM106B,54664,2,45,64,111,Multiclass
TMEM106C,79022,0,0,28,28,VUS/Other-only
TMEM107,84314,8,52,49,109,Multiclass
TMEM107;SNORD118,-1,1,4,0,5,Multiclass
TMEM108,66000,0,11,94,105,Benign-only
TMEM109,79073,0,2,34,36,Benign-only
TMEM11,8834,0,1,22,23,Benign-only
TMEM114,283953,0,2,0,2,Benign-only
TMEM115,11070,0,0,34,34,VUS/Other-only
TMEM116,89894,0,2,45,47,Benign-only
TMEM117,84216,0,1,65,66,Benign-only
TMEM119,338773,0,11,56,67,Benign-only
TMEM120A,83862,0,2,56,58,Benign-only
TMEM120B,144404,0,2,56,58,Benign-only
TMEM121,80757,0,2,39,41,Benign-only
TMEM121B,27439,0,1,99,100,Benign-only
TMEM123,114908,0,1,35,36,Benign-only
TMEM125,128218,0,2,48,50,Benign-only
TMEM126A,84233,10,71,83,164,Multiclass
TMEM126B,55863,14,49,54,117,Multiclass
TMEM127,55654,121,331,676,1128,Multiclass
TMEM128,85013,0,1,15,16,Benign-only
TMEM129,92305,0,7,75,82,Benign-only
TMEM130,222865,0,3,74,77,Benign-only
TMEM131,23505,0,10,241,251,Benign-only
TMEM131L,23240,0,18,235,253,Benign-only
TMEM132A,54972,0,8,183,191,Benign-only
TMEM132B,114795,0,9,123,132,Benign-only
TMEM132C,92293,0,20,196,216,Benign-only
TMEM132D,121256,0,21,157,178,Benign-only
TMEM132E,124842,2,168,176,346,Multiclass
TMEM132E-DT,400591,0,0,3,3,VUS/Other-only
TMEM134,80194,0,4,46,50,Benign-only
TMEM135,65084,0,5,42,47,Benign-only
TMEM138,51524,16,71,90,177,Multiclass
TMEM139,135932,0,2,32,34,Benign-only
TMEM140,55281,0,3,31,34,Benign-only
TMEM141,85014,0,0,27,27,VUS/Other-only
TMEM143,55260,0,3,92,95,Benign-only
TMEM144,55314,0,0,51,51,VUS/Other-only
TMEM145,284339,0,1,81,82,Benign-only
TMEM147,10430,16,4,36,56,Multiclass
TMEM14A,28978,0,0,18,18,VUS/Other-only
TMEM14B,81853,0,2,17,19,Benign-only
TMEM14C,51522,0,2,18,20,Benign-only
TMEM150A,129303,0,2,21,23,Benign-only
TMEM150B,284417,0,3,46,49,Benign-only
TMEM150C,441027,0,0,23,23,VUS/Other-only
TMEM151A,256472,1,6,70,77,Multiclass
TMEM151B,441151,0,1,86,87,Benign-only
TMEM154,201799,0,11,21,32,Benign-only
TMEM156,80008,0,5,39,44,Benign-only
TMEM158,25907,0,0,37,37,VUS/Other-only
TMEM160,54958,0,1,26,27,Benign-only
TMEM161A,54929,0,2,77,79,Benign-only
TMEM161B,153396,0,5,31,36,Benign-only
TMEM163,81615,1,3,47,51,Multiclass
TMEM164,84187,0,4,20,24,Benign-only
TMEM165,55858,3,98,90,191,Multiclass
TMEM167A,153339,1,0,7,8,Pathogenic-only
TMEM167B,56900,0,0,7,7,VUS/Other-only
TMEM168,64418,0,2,83,85,Benign-only
TMEM169,92691,0,1,51,52,Benign-only
TMEM17,200728,0,2,27,29,Benign-only
TMEM170A,124491,0,0,26,26,VUS/Other-only
TMEM170B,100113407,0,0,9,9,VUS/Other-only
TMEM171,134285,0,8,50,58,Benign-only
TMEM174,134288,0,5,31,36,Benign-only
TMEM175,84286,0,9,95,104,Benign-only
TMEM176A,55365,0,4,31,35,Benign-only
TMEM176B,28959,0,5,36,41,Benign-only
TMEM177,80775,0,4,48,52,Benign-only
TMEM178A,130733,0,0,34,34,VUS/Other-only
TMEM178B,100507421,0,1,33,34,Benign-only
TMEM179B,374395,0,0,45,45,VUS/Other-only
TMEM18,129787,0,4,15,19,Benign-only
TMEM181,57583,0,5,92,97,Benign-only
TMEM182,130827,0,1,26,27,Benign-only
TMEM183A,92703,0,2,46,48,Benign-only
TMEM184A,202915,0,13,82,95,Benign-only
TMEM184B,25829,0,2,45,47,Benign-only
TMEM184C,55751,0,0,29,29,VUS/Other-only
TMEM185A,84548,0,1,8,9,Benign-only
TMEM185B,79134,0,2,49,51,Benign-only
TMEM186,25880,0,7,49,56,Benign-only
TMEM187,8269,0,10,46,56,Benign-only
TMEM19,55266,0,3,46,49,Benign-only
TMEM190,147744,0,3,35,38,Benign-only
TMEM191B,728229,0,2,33,35,Benign-only
TMEM191C,645426,0,1,5,6,Benign-only
TMEM192,201931,0,1,32,33,Benign-only
TMEM196,256130,0,1,26,27,Benign-only
TMEM198,130612,0,1,55,56,Benign-only
TMEM199,147007,0,7,7,14,Benign-only
TMEM200A,114801,0,0,62,62,VUS/Other-only
TMEM200B,399474,0,1,66,67,Benign-only
TMEM200C,645369,0,5,0,5,Benign-only
TMEM201,199953,0,16,104,120,Benign-only
TMEM202,338949,0,3,32,35,Benign-only
TMEM203,94107,0,0,15,15,VUS/Other-only
TMEM203;TPRN;LOC130003092,-1,1,0,0,1,Pathogenic-only
TMEM204,79652,0,7,33,40,Benign-only
TMEM205,374882,0,0,36,36,VUS/Other-only
TMEM207,131920,0,2,20,22,Benign-only
TMEM208,29100,0,1,30,31,Benign-only
TMEM209,84928,0,1,50,51,Benign-only
TMEM212,389177,0,1,27,28,Benign-only
TMEM213,155006,0,5,19,24,Benign-only
TMEM214,54867,0,6,93,99,Benign-only
TMEM215,401498,0,4,23,27,Benign-only
TMEM216,51259,49,136,92,277,Multiclass
TMEM217,221468,0,6,28,34,Benign-only
TMEM218,219854,2,4,18,24,Multiclass
TMEM219,124446,0,3,31,34,Benign-only
TMEM220,388335,0,4,22,26,Benign-only
TMEM221,100130519,0,2,57,59,Benign-only
TMEM222,84065,0,7,37,44,Benign-only
TMEM223,79064,0,1,59,60,Benign-only
TMEM225,338661,0,6,28,34,Benign-only
TMEM225B,100289187,0,0,1,1,VUS/Other-only
TMEM229A,730130,0,1,58,59,Benign-only
TMEM229B,161145,0,0,17,17,VUS/Other-only
TMEM230,29058,1,31,35,67,Multiclass
TMEM231,79583,51,202,235,488,Multiclass
TMEM232,642987,0,6,95,101,Benign-only
TMEM233,387890,0,2,12,14,Benign-only
TMEM234,56063,0,1,25,26,Benign-only
TMEM235,283999,0,3,41,44,Benign-only
TMEM236,653567,0,2,4,6,Benign-only
TMEM237,65062,42,202,259,503,Multiclass
TMEM238,388564,0,2,29,31,Benign-only
TMEM239,100288797,0,0,35,35,VUS/Other-only
TMEM240,339453,2,69,77,148,Multiclass
TMEM241,85019,0,0,19,19,VUS/Other-only
TMEM242,729515,0,1,20,21,Benign-only
TMEM243,79161,0,0,10,10,VUS/Other-only
TMEM244,253582,0,2,17,19,Benign-only
TMEM245,23731,0,8,118,126,Benign-only
TMEM247,388946,0,2,25,27,Benign-only
TMEM248,55069,0,1,34,35,Benign-only
TMEM25,84866,0,2,72,74,Benign-only
TMEM250,90120,0,1,2,3,Benign-only
TMEM252,169693,0,3,29,32,Benign-only
TMEM253,643382,0,3,32,35,Benign-only
TMEM254,80195,0,3,23,26,Benign-only
TMEM255A,55026,0,0,30,30,VUS/Other-only
TMEM255B,348013,0,11,55,66,Benign-only
TMEM256,254863,0,2,18,20,Benign-only
TMEM258,746,0,0,9,9,VUS/Other-only
TMEM259,91304,0,7,125,132,Benign-only
TMEM26,219623,0,3,66,69,Benign-only
TMEM260,54916,30,24,133,187,Multiclass
TMEM262,100130348,0,2,12,14,Benign-only
TMEM263,90488,0,0,11,11,VUS/Other-only
TMEM266,123591,0,3,81,84,Benign-only
TMEM268,203197,0,0,4,4,VUS/Other-only
TMEM269,100129924,0,0,3,3,VUS/Other-only
TMEM270,135886,0,7,41,48,Benign-only
TMEM271,112441426,0,1,0,1,Benign-only
TMEM273,170371,0,0,3,3,VUS/Other-only
TMEM275,105378696,0,1,0,1,Benign-only
TMEM276-ZFTRAF1;ZFTRAF1,-1,0,0,6,6,VUS/Other-only
TMEM276;TMEM276-ZFTRAF1;ZFTRAF1,-1,0,0,7,7,VUS/Other-only
TMEM278,643965,0,1,17,18,Benign-only
TMEM30A,55754,0,2,27,29,Benign-only
TMEM30B,161291,0,0,63,63,VUS/Other-only
TMEM31,203562,0,4,17,21,Benign-only
TMEM33,55161,0,0,33,33,VUS/Other-only
TMEM35A,59353,0,2,0,2,Benign-only
TMEM35B,100506144,0,0,1,1,VUS/Other-only
TMEM37,140738,0,3,25,28,Benign-only
TMEM38A,79041,0,0,45,45,VUS/Other-only
TMEM38B,55151,12,102,85,199,Multiclass
TMEM39A,55254,0,0,44,44,VUS/Other-only
TMEM39B,55116,0,2,53,55,Benign-only
TMEM40,55287,0,4,45,49,Benign-only
TMEM41A,90407,0,0,28,28,VUS/Other-only
TMEM41B,440026,0,2,37,39,Benign-only
TMEM42,131616,0,2,30,32,Benign-only
TMEM43,79188,3,452,601,1056,Multiclass
TMEM44,93109,0,9,88,97,Benign-only
TMEM45A,55076,0,4,36,40,Benign-only
TMEM45B,120224,0,4,33,37,Benign-only
TMEM47,83604,0,2,8,10,Benign-only
TMEM50A,23585,0,0,11,11,VUS/Other-only
TMEM50B,757,0,0,21,21,VUS/Other-only
TMEM51,55092,0,3,39,42,Benign-only
TMEM52,339456,0,0,47,47,VUS/Other-only
TMEM52B,120939,0,1,33,34,Benign-only
TMEM53,79639,2,3,45,50,Multiclass
TMEM54,113452,0,4,43,47,Benign-only
TMEM59,9528,0,0,30,30,VUS/Other-only
TMEM59L,25789,0,2,41,43,Benign-only
TMEM60,85025,0,0,20,20,VUS/Other-only
TMEM61,199964,0,5,34,39,Benign-only
TMEM62,80021,0,8,79,87,Benign-only
TMEM63A,9725,9,50,119,178,Multiclass
TMEM63B,55362,6,19,93,118,Multiclass
TMEM63C,57156,0,5,92,97,Benign-only
TMEM64,169200,0,0,58,58,VUS/Other-only
TMEM65,157378,0,5,22,27,Benign-only
TMEM67,91147,213,576,471,1260,Multiclass
TMEM68,137695,0,0,29,29,VUS/Other-only
TMEM69,51249,0,2,27,29,Benign-only
TMEM70,54968,38,160,170,368,Multiclass
TMEM71,137835,0,3,35,38,Benign-only
TMEM72,643236,0,1,2,3,Benign-only
TMEM74,157753,0,1,37,38,Benign-only
TMEM74B,55321,0,0,34,34,VUS/Other-only
TMEM79,84283,0,10,77,87,Benign-only
TMEM80,283232,0,8,39,47,Benign-only
TMEM81,388730,0,3,27,30,Benign-only
TMEM82,388595,0,5,64,69,Benign-only
TMEM86A,144110,0,1,24,25,Benign-only
TMEM86B,255043,0,4,41,45,Benign-only
TMEM87A,25963,0,0,62,62,VUS/Other-only
TMEM87B,84910,1,7,56,64,Multiclass
TMEM88,92162,0,0,36,36,VUS/Other-only
TMEM88B,643965,0,0,12,12,VUS/Other-only
TMEM89,440955,0,5,30,35,Benign-only
TMEM8B,51754,0,1,70,71,Benign-only
TMEM9,252839,0,0,16,16,VUS/Other-only
TMEM91,641649,0,1,22,23,Benign-only
TMEM92,162461,0,2,28,30,Benign-only
TMEM94,9772,19,46,207,272,Multiclass
TMEM95,339168,0,0,32,32,VUS/Other-only
TMEM97,27346,0,1,18,19,Benign-only
TMEM98,26022,0,2,33,35,Benign-only
TMEM9B,56674,0,0,14,14,VUS/Other-only
TMF1,7110,0,10,130,140,Benign-only
TMIE,259236,14,45,65,124,Multiclass
TMIGD1,388364,0,6,36,42,Benign-only
TMIGD2,126259,0,15,44,59,Benign-only
TMLHE,55217,4,9,55,68,Multiclass
TMOD1,7111,0,1,45,46,Benign-only
TMOD2,29767,0,1,53,54,Benign-only
TMOD3,29766,0,0,43,43,VUS/Other-only
TMOD4,29765,0,0,55,55,VUS/Other-only
TMPO,7112,0,321,523,844,Benign-only
TMPO;TMPO-AS1,-1,0,1,2,3,Benign-only
TMPPE,643853,0,3,72,75,Benign-only
TMPRSS11A,339967,0,4,60,64,Benign-only
TMPRSS11B,132724,0,4,59,63,Benign-only
TMPRSS11D,9407,0,5,47,52,Benign-only
TMPRSS11E,28983,0,4,53,57,Benign-only
TMPRSS11F,389208,0,5,52,57,Benign-only
TMPRSS12,283471,0,9,51,60,Benign-only
TMPRSS13,84000,0,3,77,80,Benign-only
TMPRSS15,5651,79,308,261,648,Multiclass
TMPRSS2,7113,0,18,16,34,Benign-only
TMPRSS2;MX1,-1,0,1,0,1,Benign-only
TMPRSS3,64699,109,328,160,597,Multiclass
TMPRSS4,56649,0,9,58,67,Benign-only
TMPRSS5,80975,0,68,67,135,Benign-only
TMPRSS6,164656,25,119,221,365,Multiclass
TMPRSS7,344805,0,6,121,127,Benign-only
TMPRSS9,360200,2,38,246,286,Multiclass
TMSB10,9168,0,0,2,2,VUS/Other-only
TMSB15A,11013,0,0,3,3,VUS/Other-only
TMSB15B,286527,0,0,5,5,VUS/Other-only
TMT1A,25840,0,1,37,38,Benign-only
TMT1B,196410,0,6,43,49,Benign-only
TMTC1,83857,0,12,126,138,Benign-only
TMTC2,160335,0,3,109,112,Benign-only
TMTC3,160418,16,101,156,273,Multiclass
TMTC4,84899,0,9,127,136,Benign-only
TMUB1,83590,0,1,38,39,Benign-only
TMUB2,79089,0,4,49,53,Benign-only
TMX1,81542,0,2,33,35,Benign-only
TMX2,51075,2,11,53,66,Multiclass
TMX3,54495,0,41,38,79,Benign-only
TMX4,56255,0,0,46,46,VUS/Other-only
TNC,3371,4,229,324,557,Multiclass
TNF,7124,0,6,9,16,Benign-only
TNFAIP1,7126,0,1,42,43,Benign-only
TNFAIP2,7127,0,10,93,103,Benign-only
TNFAIP3,7128,84,240,371,695,Multiclass
TNFAIP6,7130,0,2,36,38,Benign-only
TNFAIP8,25816,0,0,21,21,VUS/Other-only
TNFRSF10A,8797,0,25,86,111,Benign-only
TNFRSF10B,8795,1,13,54,68,Multiclass
TNFRSF10C,8794,0,9,24,33,Benign-only
TNFRSF10D,8793,0,13,59,72,Benign-only
TNFRSF11A,8792,29,268,451,748,Multiclass
TNFRSF11B,4982,8,73,139,220,Multiclass
TNFRSF12A,51330,0,2,16,18,Benign-only
TNFRSF13B,23495,35,128,193,356,Multiclass
TNFRSF13C,115650,1,77,115,193,Multiclass
TNFRSF14,8764,0,2,33,35,Benign-only
TNFRSF17,608,0,1,26,27,Benign-only
TNFRSF18,8784,0,19,65,84,Benign-only
TNFRSF19,55504,0,8,63,71,Benign-only
TNFRSF1A,7132,28,258,248,534,Multiclass
TNFRSF1B,7133,0,10,45,55,Benign-only
TNFRSF21,27242,0,7,89,96,Benign-only
TNFRSF25,8718,0,8,50,58,Benign-only
TNFRSF4,7293,0,165,186,351,Benign-only
TNFRSF6B,8771,0,174,295,469,Benign-only
TNFRSF6B;RTEL1-TNFRSF6B;RTEL1,-1,0,0,1,1,VUS/Other-only
TNFRSF6B;RTEL1;RTEL1-TNFRSF6B,-1,0,0,2,2,VUS/Other-only
TNFRSF8,943,0,23,84,107,Benign-only
TNFRSF9,3604,13,95,86,194,Multiclass
TNFSF10,8743,0,10,35,45,Benign-only
TNFSF11,8600,2,126,121,249,Multiclass
TNFSF12,8742,0,119,153,272,Benign-only
TNFSF12-TNFSF13,407977,1,0,3,4,Pathogenic-only
TNFSF12;TNFSF12-TNFSF13,-1,0,1,0,1,Benign-only
TNFSF13,8741,0,8,8,16,Benign-only
TNFSF13B,10673,0,8,13,21,Benign-only
TNFSF14,8740,0,6,33,39,Benign-only
TNFSF15,9966,0,8,23,31,Benign-only
TNFSF18,8995,0,2,15,17,Benign-only
TNFSF4,7292,0,4,12,16,Benign-only
TNFSF8,944,0,5,22,27,Benign-only
TNFSF9,8744,0,3,42,45,Benign-only
TNIK,23043,1,51,127,179,Multiclass
TNIP1,10318,0,11,91,102,Benign-only
TNIP2,79155,0,4,80,84,Benign-only
TNIP3,79931,0,1,12,13,Benign-only
TNK1,8711,0,11,90,101,Benign-only
TNK2,10188,0,150,321,471,Benign-only
TNKS,8658,0,11,165,176,Benign-only
TNKS1BP1,85456,0,13,289,302,Benign-only
TNKS2,80351,0,6,104,110,Benign-only
TNMD,64102,0,5,24,29,Benign-only
TNN,63923,0,16,206,222,Benign-only
TNNC1,7134,6,146,212,364,Multiclass
TNNC2,7125,0,0,10,10,VUS/Other-only
TNNI1,7135,0,1,25,26,Benign-only
TNNI2,7136,13,38,52,103,Multiclass
TNNI3,7137,69,288,398,755,Multiclass
TNNI3K,51086,5,475,846,1326,Multiclass
TNNT1,7138,32,233,136,401,Multiclass
TNNT2,7139,60,450,506,1016,Multiclass
TNNT3,7140,5,163,131,299,Multiclass
TNP1,7141,0,0,14,14,VUS/Other-only
TNP2,7142,0,5,27,32,Benign-only
TNPO1,3842,0,1,57,58,Benign-only
TNPO2,30000,14,36,87,137,Multiclass
TNPO3,23534,7,340,391,738,Multiclass
TNR,7143,13,54,208,275,Multiclass
TNRC18,84629,0,189,714,903,Benign-only
TNRC6A,27327,0,24,269,293,Benign-only
TNRC6B,23112,62,92,403,557,Multiclass
TNRC6C,57690,0,10,263,273,Benign-only
TNS1,7145,0,31,294,325,Benign-only
TNS2,23371,0,172,340,512,Benign-only
TNS3,64759,0,57,215,272,Benign-only
TNS4,84951,0,13,107,120,Benign-only
TNXB,7148,145,1415,1952,3512,Multiclass
TOB1,10140,0,0,36,36,VUS/Other-only
TOB2,10766,0,3,46,49,Benign-only
TOE1,114034,21,74,116,211,Multiclass
TOGARAM1,23116,16,29,245,290,Multiclass
TOGARAM2,165186,0,26,195,221,Benign-only
TOLLIP,54472,0,4,38,42,Benign-only
TOM1,10043,0,14,94,108,Benign-only
TOM1L1,10040,0,2,68,70,Benign-only
TOM1L2,146691,0,2,75,77,Benign-only
TOMM20,9804,0,1,10,11,Benign-only
TOMM20L,387990,0,3,28,31,Benign-only
TOMM22,56993,0,0,20,20,VUS/Other-only
TOMM34,10953,0,1,30,31,Benign-only
TOMM40,10452,0,5,45,50,Benign-only
TOMM40L,84134,0,0,26,26,VUS/Other-only
TOMM5,401505,0,1,15,16,Benign-only
TOMM6,100188893,0,2,12,14,Benign-only
TOMM7,54543,2,0,9,11,Pathogenic-only
TOMM70,9868,0,3,10,13,Benign-only
TOMT;ANAPC15;LRTOMT,-1,0,1,0,1,Benign-only
TONSL,4796,76,669,579,1324,Multiclass
TONSL;TONSL-AS1,-1,0,0,1,1,VUS/Other-only
TOP1,7150,0,7,33,40,Benign-only
TOP1MT,116447,0,122,192,314,Benign-only
TOP2A,7153,0,24,101,125,Benign-only
TOP2B,7155,1,566,567,1134,Multiclass
TOP3A,7156,36,233,210,479,Multiclass
TOP3B,8940,0,16,124,140,Benign-only
TOP6BL,79703,1,2,9,12,Multiclass
TOPAZ1,375337,0,27,223,250,Benign-only
TOPBP1,11073,0,13,184,197,Benign-only
TOPORS,10210,19,183,453,655,Multiclass
TOR1A,1861,15,92,142,249,Multiclass
TOR1AIP1,26092,29,228,268,525,Multiclass
TOR1AIP2,163590,0,1,2,3,Benign-only
TOR1B,27348,0,1,41,42,Benign-only
TOR2A,27433,0,13,62,75,Benign-only
TOR3A,64222,0,4,72,76,Benign-only
TOR4A,54863,0,6,70,76,Benign-only
TOX,9760,0,3,68,71,Benign-only
TOX2,84969,0,3,70,73,Benign-only
TOX3,27324,0,6,82,88,Benign-only
TOX4,9878,0,2,63,65,Benign-only
TP53,7157,1085,1148,860,3093,Multiclass
TP53;WRAP53,-1,0,0,3,3,VUS/Other-only
TP53AIP1,63970,0,0,24,24,VUS/Other-only
TP53BP1,7158,0,23,130,153,Benign-only
TP53BP2,7159,0,16,131,147,Benign-only
TP53I11,9537,0,1,0,1,Benign-only
TP53I13,90313,0,3,72,75,Benign-only
TP53I3,9540,0,3,39,42,Benign-only
TP53INP1,94241,0,2,36,38,Benign-only
TP53INP2,58476,0,2,40,42,Benign-only
TP53RK,112858,6,35,64,105,Multiclass
TP53TG5,27296,0,7,41,48,Benign-only
TP63,8626,113,329,320,762,Multiclass
TP73,7161,3,27,94,124,Multiclass
TPBG,7162,0,4,57,61,Benign-only
TPBGL,100507050,0,5,71,76,Benign-only
TPCN1,53373,0,10,92,102,Benign-only
TPCN2,219931,1,17,128,146,Multiclass
TPD52,7163,0,1,22,23,Benign-only
TPD52L1,7164,0,0,22,22,VUS/Other-only
TPD52L2,7165,0,4,34,38,Benign-only
TPD52L3,89882,0,1,22,23,Benign-only
TPGS1,91978,0,7,77,84,Benign-only
TPGS2,25941,0,3,30,33,Benign-only
TPH1,7166,0,4,48,52,Benign-only
TPH2,121278,0,9,62,71,Benign-only
TPI1,7167,6,73,77,156,Multiclass
TPK1,27010,28,144,115,287,Multiclass
TPM1,7168,45,439,466,950,Multiclass
TPM2,7169,39,169,129,337,Multiclass
TPM3,7170,32,133,214,379,Multiclass
TPM4,7171,1,8,34,43,Multiclass
TPMT,7172,0,6,19,25,Benign-only
TPO,7173,113,516,169,798,Multiclass
TPP1,1200,208,540,410,1158,Multiclass
TPP2,7174,15,455,341,811,Multiclass
TPPP,11076,0,18,35,53,Benign-only
TPPP2,122664,0,1,23,24,Benign-only
TPPP3,51673,0,0,20,20,VUS/Other-only
TPR,7175,0,24,222,246,Benign-only
TPR;PRG4,-1,0,1,0,1,Benign-only
TPRA1,131601,0,2,0,2,Benign-only
TPRG1,285386,0,1,45,46,Benign-only
TPRG1L,127262,0,4,40,44,Benign-only
TPRKB,51002,1,15,42,58,Multiclass
TPRN,286262,25,133,231,389,Multiclass
TPRX1,284355,0,19,76,95,Benign-only
TPRX2;TPRX1;CRX;LINC01595;SULT2A1,-1,0,0,1,1,VUS/Other-only
TPSAB1,7177,0,44,55,99,Benign-only
TPSB2,64499,0,11,36,47,Benign-only
TPSD1,23430,0,7,66,73,Benign-only
TPSG1,25823,0,14,74,88,Benign-only
TPST1,8460,0,0,45,45,VUS/Other-only
TPST2,8459,0,0,52,52,VUS/Other-only
TPT1,7178,0,2,7,9,Benign-only
TPTE,7179,0,2,4,6,Benign-only
TPTE2,93492,0,8,74,82,Benign-only
TPX2,22974,0,10,86,96,Benign-only
TRA2A,29896,0,0,32,32,VUS/Other-only
TRA2B,6434,2,1,22,25,Multiclass
TRABD,80305,0,9,54,63,Benign-only
TRABD2A,129293,0,7,80,87,Benign-only
TRABD2B,388630,0,3,61,64,Benign-only
TRADD,8717,0,2,42,44,Benign-only
TRAF1,7185,0,6,44,50,Benign-only
TRAF2,7186,0,6,63,69,Benign-only
TRAF3,7187,3,231,200,434,Multiclass
TRAF3IP1,26146,32,303,307,642,Multiclass
TRAF3IP2,10758,20,134,156,310,Multiclass
TRAF3IP3,80342,0,4,73,77,Benign-only
TRAF4,9618,0,1,56,57,Benign-only
TRAF5,7188,0,2,79,81,Benign-only
TRAF6,7189,0,5,38,43,Benign-only
TRAF7,84231,18,55,131,204,Multiclass
TRAFD1,10906,0,9,61,70,Benign-only
TRAIP,10293,12,114,85,211,Multiclass
TRAK1,22906,6,142,197,345,Multiclass
TRAK2,66008,0,8,114,122,Benign-only
TRAM1,23471,0,5,30,35,Benign-only
TRAM1L1,133022,0,4,40,44,Benign-only
TRAM2,9697,0,4,46,50,Benign-only
TRANK1,9881,0,40,434,474,Benign-only
TRAP1,10131,0,178,298,476,Benign-only
TRAPPC1,58485,0,0,13,13,VUS/Other-only
TRAPPC10,7109,3,23,155,181,Multiclass
TRAPPC11,60684,69,522,462,1053,Multiclass
TRAPPC12,51112,27,107,202,336,Multiclass
TRAPPC13,80006,0,0,38,38,VUS/Other-only
TRAPPC14,55262,0,4,3,7,Benign-only
TRAPPC2,6399,26,63,56,145,Multiclass
TRAPPC2B,10597,0,1,0,1,Benign-only
TRAPPC2L,51693,4,4,37,45,Multiclass
TRAPPC3,27095,0,14,33,47,Benign-only
TRAPPC3L,100128327,0,2,31,33,Benign-only
TRAPPC4,51399,3,31,42,76,Multiclass
TRAPPC5,126003,0,3,25,28,Benign-only
TRAPPC6A,79090,0,2,33,35,Benign-only
TRAPPC6B,122553,10,26,30,66,Multiclass
TRAPPC8,22878,0,10,181,191,Benign-only
TRAPPC9,83696,75,492,378,945,Multiclass
TRARG1,286753,0,4,33,37,Benign-only
TRAT1,50852,0,4,27,31,Benign-only
TRB;PRSS1,-1,0,2,0,2,Benign-only
TRC-GCA22-1,100189029,0,0,1,1,VUS/Other-only
TRDMT1,1787,0,5,53,58,Benign-only
TRDN,10345,51,823,598,1472,Multiclass
TREH,11181,0,8,87,95,Benign-only
TREM1,54210,0,10,32,42,Benign-only
TREM2,54209,21,71,77,169,Multiclass
TREML1,340205,0,3,43,46,Benign-only
TREML2,79865,0,10,42,52,Benign-only
TREML4,285852,0,7,27,34,Benign-only
TRERF1,55809,0,26,154,180,Benign-only
TREX1,11277,74,152,349,575,Multiclass
TREX2,11219,0,13,41,54,Benign-only
TRG;TRG-AS1;TRGV5,-1,0,1,0,1,Benign-only
TRG;TRGC2,-1,0,1,0,1,Benign-only
TRH,7200,0,12,31,43,Benign-only
TRH-GTG2-1,100189350,1,2,1,4,Multiclass
TRHDE,29953,0,4,100,104,Benign-only
TRHR,7201,6,15,42,63,Multiclass
TRIAP1,51499,0,0,10,10,VUS/Other-only
TRIB1,10221,0,4,48,52,Benign-only
TRIB2,28951,0,2,33,35,Benign-only
TRIB3,57761,0,11,72,83,Benign-only
TRIL,9865,0,3,121,124,Benign-only
TRIM10,10107,0,17,63,80,Benign-only
TRIM11,81559,0,2,54,56,Benign-only
TRIM13,10206,0,2,38,40,Benign-only
TRIM14,9830,0,4,62,66,Benign-only
TRIM15,89870,0,1,63,64,Benign-only
TRIM16,10626,0,10,86,96,Benign-only
TRIM16L,147166,0,5,43,48,Benign-only
TRIM17,51127,0,15,66,81,Benign-only
TRIM2,23321,4,268,271,543,Multiclass
TRIM21,6737,0,9,57,66,Benign-only
TRIM22,10346,0,27,67,94,Benign-only
TRIM22;TRIM5,-1,0,2,0,2,Benign-only
TRIM23,373,0,1,42,43,Benign-only
TRIM24,8805,1,5,84,90,Multiclass
TRIM25,7706,0,12,75,87,Benign-only
TRIM26,7726,0,14,47,61,Benign-only
TRIM27,5987,0,0,33,33,VUS/Other-only
TRIM28,10155,11,169,165,345,Multiclass
TRIM29,23650,0,2,98,100,Benign-only
TRIM3,10612,0,1,67,68,Benign-only
TRIM31,11074,0,14,52,66,Benign-only
TRIM32,22954,69,239,384,692,Multiclass
TRIM33,51592,1,10,73,84,Multiclass
TRIM35,23087,0,2,89,91,Benign-only
TRIM36,55521,0,10,98,108,Benign-only
TRIM37,4591,109,492,224,825,Multiclass
TRIM38,10475,0,6,50,56,Benign-only
TRIM39,56658,0,5,11,16,Benign-only
TRIM39-RPP21,202658,0,0,3,3,VUS/Other-only
TRIM4,89122,0,3,81,84,Benign-only
TRIM40,135644,0,7,31,38,Benign-only
TRIM41,90933,0,6,116,122,Benign-only
TRIM42,287015,0,5,103,108,Benign-only
TRIM43,129868,0,4,42,46,Benign-only
TRIM43B,653192,0,1,5,6,Benign-only
TRIM44,54765,0,8,44,52,Benign-only
TRIM45,80263,0,8,85,93,Benign-only
TRIM46,80128,0,6,81,87,Benign-only
TRIM47,91107,0,5,119,124,Benign-only
TRIM48,79097,0,1,51,52,Benign-only
TRIM49,57093,0,7,91,98,Benign-only
TRIM49B,283116,0,7,85,92,Benign-only
TRIM49C,642612,0,10,58,68,Benign-only
TRIM49D1,399939,0,4,19,23,Benign-only
TRIM49D2,729384,0,2,1,3,Benign-only
TRIM5,85363,0,14,57,71,Benign-only
TRIM50,135892,0,10,99,109,Benign-only
TRIM51,84767,0,1,69,70,Benign-only
TRIM52,84851,0,2,42,44,Benign-only
TRIM54,57159,0,4,66,70,Benign-only
TRIM55,84675,0,4,70,74,Benign-only
TRIM56,81844,0,11,127,138,Benign-only
TRIM58,25893,0,2,67,69,Benign-only
TRIM59,286827,0,3,51,54,Benign-only
TRIM59-IFT80;IFT80,-1,0,1,0,1,Benign-only
TRIM6,117854,0,3,40,43,Benign-only
TRIM60,166655,0,0,47,47,VUS/Other-only
TRIM61,391712,0,0,35,35,VUS/Other-only
TRIM62,55223,0,8,64,72,Benign-only
TRIM63,84676,5,50,90,145,Multiclass
TRIM64,120146,0,3,26,29,Benign-only
TRIM64B,642446,0,1,94,95,Benign-only
TRIM64C,646754,0,3,94,97,Benign-only
TRIM65,201292,0,8,104,112,Benign-only
TRIM66,9866,0,17,186,203,Benign-only
TRIM67,440730,0,1,108,109,Benign-only
TRIM68,55128,0,6,92,98,Benign-only
TRIM69,140691,0,8,77,85,Benign-only
TRIM7,81786,0,1,97,98,Benign-only
TRIM71,131405,2,25,133,160,Multiclass
TRIM72,493829,0,7,88,95,Benign-only
TRIM73,375593,0,1,4,5,Benign-only
TRIM77,390231,0,2,78,80,Benign-only
TRIM8,81603,19,226,192,437,Multiclass
TRIM9,114088,0,1,58,59,Benign-only
TRIML1,339976,0,2,68,70,Benign-only
TRIML2,205860,0,12,54,66,Benign-only
TRIO,7204,168,638,1000,1806,Multiclass
TRIOBP,11078,92,479,475,1046,Multiclass
TRIP10,9322,0,5,96,101,Benign-only
TRIP11,9321,84,419,477,980,Multiclass
TRIP12,9320,93,117,397,607,Multiclass
TRIP13,9319,5,133,83,221,Multiclass
TRIP4,9325,29,161,138,328,Multiclass
TRIP6,7205,0,3,84,87,Benign-only
TRIQK,286144,0,0,15,15,VUS/Other-only
TRIR,79002,0,0,3,3,VUS/Other-only
TRIT1,54802,15,61,91,167,Multiclass
TRMO,51531,0,6,69,75,Benign-only
TRMT1,55621,25,40,160,225,Multiclass
TRMT10A,93587,25,49,80,154,Multiclass
TRMT10B,158234,0,4,45,49,Benign-only
TRMT10B;EXOSC3,-1,0,1,0,1,Benign-only
TRMT10C,54931,0,19,73,92,Benign-only
TRMT11,60487,0,2,70,72,Benign-only
TRMT112,51504,0,1,15,16,Benign-only
TRMT12,55039,0,2,35,37,Benign-only
TRMT13,54482,0,0,63,63,VUS/Other-only
TRMT1L,81627,0,3,76,79,Benign-only
TRMT2A,27037,0,3,113,116,Benign-only
TRMT2B,79979,0,4,33,37,Benign-only
TRMT44,152992,0,13,145,158,Benign-only
TRMT5,57570,2,98,140,240,Multiclass
TRMT6,51605,0,5,53,58,Benign-only
TRMT61A,115708,1,2,42,45,Multiclass
TRMT61B,55006,0,4,92,96,Benign-only
TRMT9B,57604,0,6,128,134,Benign-only
TRMU,55687,169,458,146,773,Multiclass
TRNAU1AP,54952,0,0,38,38,VUS/Other-only
TRNP1,388610,0,1,49,50,Benign-only
TRNT1,51095,76,249,293,618,Multiclass
TRO,7216,0,19,133,152,Benign-only
TROAP,10024,0,12,113,125,Benign-only
TRPA1,8989,0,62,133,195,Benign-only
TRPC1,7220,0,1,64,65,Benign-only
TRPC3,7222,1,85,130,216,Multiclass
TRPC4,7223,1,4,84,89,Multiclass
TRPC4AP,26133,0,3,92,95,Benign-only
TRPC5,7224,0,10,54,64,Benign-only
TRPC5OS,100329135,0,1,1,2,Benign-only
TRPC6,7225,32,168,292,492,Multiclass
TRPC7,57113,0,1,97,98,Benign-only
TRPM1,4308,102,590,634,1326,Multiclass
TRPM2,7226,0,101,277,378,Benign-only
TRPM3,80036,8,51,343,402,Multiclass
TRPM4,54795,5,835,1261,2101,Multiclass
TRPM5,29850,0,33,236,269,Benign-only
TRPM6,140803,58,342,503,903,Multiclass
TRPM7,54822,2,59,246,307,Multiclass
TRPM8,79054,0,16,140,156,Benign-only
TRPS1,7227,166,237,367,770,Multiclass
TRPS1;TRPS1-AS1,-1,0,0,1,1,VUS/Other-only
TRPT1,83707,0,5,39,44,Benign-only
TRPV1,7442,1,22,132,155,Multiclass
TRPV2,51393,0,4,91,95,Benign-only
TRPV3,162514,7,220,233,460,Multiclass
TRPV4,59341,57,493,637,1187,Multiclass
TRPV5,56302,0,14,95,109,Benign-only
TRPV6,55503,22,150,214,386,Multiclass
TRPV6;EPHB6,-1,0,0,1,1,VUS/Other-only
TRRAP,8295,27,1264,1141,2432,Multiclass
TRUB1,142940,0,3,39,42,Benign-only
TRUB2,26995,0,3,69,72,Benign-only
TSACC,128229,0,1,20,21,Benign-only
TSBP1,10665,0,0,3,3,VUS/Other-only
TSC1,7248,741,1777,2271,4789,Multiclass
TSC2,7249,1437,4260,4418,10115,Multiclass
TSC22D1,8848,0,5,19,24,Benign-only
TSC22D2,9819,0,4,128,132,Benign-only
TSC22D3,1831,0,3,9,12,Benign-only
TSC22D4,81628,0,5,60,65,Benign-only
TSEN15,116461,1,25,31,57,Multiclass
TSEN2,80746,24,155,156,335,Multiclass
TSEN34,79042,1,80,108,189,Multiclass
TSEN54,283989,80,360,231,671,Multiclass
TSFM,10102,88,286,159,533,Multiclass
TSG101,7251,0,1,38,39,Benign-only
TSGA10,80705,0,8,85,93,Benign-only
TSGA10IP,254187,0,8,101,109,Benign-only
TSGA13,114960,0,1,38,39,Benign-only
TSHB,7252,11,40,29,80,Multiclass
TSHR,7253,89,302,149,540,Multiclass
TSHZ1,10194,0,33,193,226,Benign-only
TSHZ1;LOC121627840,-1,0,0,1,1,VUS/Other-only
TSHZ1;LOC130062726,-1,0,0,1,1,VUS/Other-only
TSHZ2,128553,0,6,159,165,Benign-only
TSHZ2;ZNF217;ZNF217-AS1,-1,0,0,1,1,VUS/Other-only
TSHZ3,57616,1,17,153,171,Multiclass
TSKS,60385,0,7,92,99,Benign-only
TSKU,25987,0,7,59,66,Benign-only
TSLIG1,339487,0,0,16,16,VUS/Other-only
TSLIG2,79074,0,1,2,3,Benign-only
TSLIG3A,25940,0,2,80,82,Benign-only
TSLIG3B,283742,0,3,61,64,Benign-only
TSLIG3C,147965,0,10,64,74,Benign-only
TSLP,85480,0,2,24,26,Benign-only
TSN,7247,0,1,13,14,Benign-only
TSNARE1,203062,0,13,120,133,Benign-only
TSNAX,7257,0,4,28,32,Benign-only
TSNAXIP1,55815,0,8,111,119,Benign-only
TSPAN1,10103,0,5,32,37,Benign-only
TSPAN10,83882,0,6,44,50,Benign-only
TSPAN11,441631,0,4,34,38,Benign-only
TSPAN12,23554,37,95,146,278,Multiclass
TSPAN13,27075,0,1,15,16,Benign-only
TSPAN14,81619,0,2,27,29,Benign-only
TSPAN15,23555,0,1,43,44,Benign-only
TSPAN16,26526,0,2,29,31,Benign-only
TSPAN17,26262,0,2,30,32,Benign-only
TSPAN18,90139,0,2,36,38,Benign-only
TSPAN19,144448,0,2,33,35,Benign-only
TSPAN2,10100,0,3,32,35,Benign-only
TSPAN3,10099,0,0,29,29,VUS/Other-only
TSPAN31,6302,0,0,19,19,VUS/Other-only
TSPAN32,10077,0,5,62,67,Benign-only
TSPAN33,340348,0,1,22,23,Benign-only
TSPAN4,7106,0,2,44,46,Benign-only
TSPAN5,10098,0,3,17,20,Benign-only
TSPAN6,7105,0,5,24,29,Benign-only
TSPAN7,7102,2,9,31,42,Multiclass
TSPAN8,7103,0,5,26,31,Benign-only
TSPAN9,10867,0,2,34,36,Benign-only
TSPEAR,54084,65,232,241,538,Multiclass
TSPO,706,0,8,12,20,Benign-only
TSPO2,222642,0,2,14,16,Benign-only
TSPOAP1,9256,5,34,34,73,Multiclass
TSPY1,7258,0,1,0,1,Benign-only
TSPYL1,7259,2,24,66,92,Multiclass
TSPYL2,64061,0,13,91,104,Benign-only
TSPYL4,23270,0,4,61,65,Benign-only
TSPYL5,85453,0,4,58,62,Benign-only
TSPYL6,388951,0,17,72,89,Benign-only
TSR1,55720,0,9,137,146,Benign-only
TSR2,90121,1,22,38,61,Multiclass
TSR2;FGD1,-1,1,0,0,1,Pathogenic-only
TSR3,115939,0,4,63,67,Benign-only
TSSC4,10078,0,5,64,69,Benign-only
TSSK1B,83942,0,2,70,72,Benign-only
TSSK2,23617,0,3,63,66,Benign-only
TSSK3,81629,0,0,46,46,VUS/Other-only
TSSK4,283629,0,4,34,38,Benign-only
TSSK6,83983,0,1,21,22,Benign-only
TST,7263,0,3,46,49,Benign-only
TSTD1,100131187,0,0,32,32,VUS/Other-only
TSTD2,158427,0,5,81,86,Benign-only
TSTD3,100130890,0,0,2,2,VUS/Other-only
TTBK1,84630,2,26,212,240,Multiclass
TTBK2,146057,7,157,308,472,Multiclass
TTC1,7265,1,3,33,37,Multiclass
TTC12,54970,4,50,98,152,Multiclass
TTC13,79573,0,1,98,99,Benign-only
TTC14,151613,0,4,93,97,Benign-only
TTC16,158248,0,20,146,166,Benign-only
TTC17,55761,0,4,142,146,Benign-only
TTC19,54902,28,145,163,336,Multiclass
TTC21A,199223,5,24,196,225,Multiclass
TTC21B,79809,129,597,620,1346,Multiclass
TTC21B;TTC21B-AS1,-1,1,0,0,1,Pathogenic-only
TTC22,55001,0,5,65,70,Benign-only
TTC23L,153657,0,2,45,47,Benign-only
TTC24,164118,0,9,88,97,Benign-only
TTC27,55622,0,5,151,156,Benign-only
TTC28,23331,0,30,339,369,Benign-only
TTC29,83894,4,4,71,79,Multiclass
TTC3,7267,0,40,265,305,Benign-only
TTC31,64427,0,4,85,89,Benign-only
TTC32,130502,0,1,27,28,Benign-only
TTC33,23548,0,0,38,38,VUS/Other-only
TTC34,100287898,0,13,128,141,Benign-only
TTC36,143941,0,1,32,33,Benign-only
TTC36-AS1;KMT2A,-1,0,0,1,1,VUS/Other-only
TTC38,55020,0,5,78,83,Benign-only
TTC39A,22996,0,4,57,61,Benign-only
TTC39B,158219,0,18,121,139,Benign-only
TTC39C,125488,0,0,62,62,VUS/Other-only
TTC4,7268,0,2,41,43,Benign-only
TTC5,91875,5,9,50,64,Multiclass
TTC6,319089,0,6,0,6,Benign-only
TTC7A,57217,82,625,472,1179,Multiclass
TTC7B,145567,0,5,120,125,Benign-only
TTC8,123016,70,159,287,516,Multiclass
TTC9,23508,0,1,26,27,Benign-only
TTC9B,148014,0,0,22,22,VUS/Other-only
TTC9C,283237,0,0,30,30,VUS/Other-only
TTF1,7270,0,25,130,155,Benign-only
TTF2,8458,0,34,148,182,Benign-only
TTI1,9675,6,29,194,229,Multiclass
TTI2,80185,5,39,77,121,Multiclass
TTK,7272,0,12,99,111,Benign-only
TTL,150465,0,5,32,37,Benign-only
TTLL1,25809,0,8,45,53,Benign-only
TTLL10,254173,0,19,149,168,Benign-only
TTLL11,158135,0,5,102,107,Benign-only
TTLL12,23170,0,22,142,164,Benign-only
TTLL2,83887,0,12,94,106,Benign-only
TTLL3,26140,0,5,80,85,Benign-only
TTLL4,9654,0,12,164,176,Benign-only
TTLL5,23093,94,444,537,1075,Multiclass
TTLL6,284076,0,22,115,137,Benign-only
TTLL7,79739,0,3,91,94,Benign-only
TTLL8,164714,0,3,0,3,Benign-only
TTLL9,164395,0,1,74,75,Benign-only
TTN,7273,5560,17278,12002,34840,Multiclass
TTN-AS1,100506866,2,0,2,4,Pathogenic-only
TTN-AS1;LOC126806424;TTN,-1,0,0,1,1,VUS/Other-only
TTN-AS1;TTN,-1,2,0,5,7,Pathogenic-only
TTN-AS1;TTN;LOC129935182,-1,1,0,0,1,Pathogenic-only
TTN;TTN-AS1,-1,14,5,24,43,Multiclass
TTPA,7274,86,211,151,448,Multiclass
TTPAL,79183,0,1,39,40,Benign-only
TTR,7276,120,123,134,377,Multiclass
TTYH1,57348,0,5,63,68,Benign-only
TTYH2,94015,0,8,86,94,Benign-only
TTYH3,80727,0,4,91,95,Benign-only
TUB,7275,12,241,285,538,Multiclass
TUBA1A,7846,192,110,87,389,Multiclass
TUBA1B,10376,0,13,4,17,Benign-only
TUBA1C,84790,0,4,36,40,Benign-only
TUBA3C,7278,0,2,57,59,Benign-only
TUBA3D,113457,0,10,62,72,Benign-only
TUBA3E,112714,0,15,39,54,Benign-only
TUBA4A,7277,17,32,31,80,Multiclass
TUBA4A;STK16;TUBA4B,-1,1,0,0,1,Pathogenic-only
TUBA8,51807,0,159,211,370,Benign-only
TUBAL3,79861,0,12,76,88,Benign-only
TUBB,203068,34,25,53,112,Multiclass
TUBB1,81027,14,88,195,297,Multiclass
TUBB2A,7280,35,189,123,347,Multiclass
TUBB2B,347733,65,61,84,210,Multiclass
TUBB3,10381,47,141,152,340,Multiclass
TUBB4A,10382,42,162,140,344,Multiclass
TUBB4B,10383,7,124,27,158,Multiclass
TUBB6,84617,1,9,44,54,Multiclass
TUBB8,347688,16,25,36,77,Multiclass
TUBB8B,260334,0,6,0,6,Benign-only
TUBD1,51174,0,4,46,50,Benign-only
TUBE1,51175,0,1,47,48,Benign-only
TUBG1,7283,11,122,69,202,Multiclass
TUBG2,27175,0,2,37,39,Benign-only
TUBGCP2,10844,0,60,146,206,Benign-only
TUBGCP3,10426,0,9,99,108,Benign-only
TUBGCP4,27229,43,348,178,569,Multiclass
TUBGCP5,114791,0,42,132,174,Benign-only
TUBGCP6,85378,129,1053,1035,2217,Multiclass
TUFM,7284,4,96,111,211,Multiclass
TUFT1,7286,0,7,52,59,Benign-only
TULP1,7287,131,356,296,783,Multiclass
TULP2,7288,0,7,78,85,Benign-only
TULP3,7289,5,16,74,95,Multiclass
TULP4,56995,0,23,287,310,Benign-only
TUSC1,286319,0,4,53,57,Benign-only
TUSC2,11334,0,0,15,15,VUS/Other-only
TUSC3,7991,17,106,164,287,Multiclass
TUT1,64852,1,18,142,161,Multiclass
TUT4,23318,0,13,189,202,Benign-only
TUT7,79670,0,8,144,152,Benign-only
TVP23A,780776,0,1,39,40,Benign-only
TVP23B,51030,0,0,29,29,VUS/Other-only
TVP23C-CDRT4,100533496,0,0,3,3,VUS/Other-only
TWF1,5756,0,0,46,46,VUS/Other-only
TWF2,11344,0,2,37,39,Benign-only
TWIST1,7291,89,27,126,242,Multiclass
TWIST2,117581,3,8,22,33,Multiclass
TWNK,56652,75,176,345,596,Multiclass
TWSG1,57045,0,2,24,26,Benign-only
TXK,7294,0,2,86,88,Benign-only
TXLNA,200081,0,7,69,76,Benign-only
TXLNB,167838,0,6,94,100,Benign-only
TXLNG,55787,0,6,52,58,Benign-only
TXN,7295,0,1,2,3,Benign-only
TXN2,25828,0,31,40,71,Benign-only
TXNDC11,51061,0,12,164,176,Benign-only
TXNDC12,51060,0,0,14,14,VUS/Other-only
TXNDC15,79770,6,17,52,75,Multiclass
TXNDC16,57544,0,9,114,123,Benign-only
TXNDC17,84817,0,2,17,19,Benign-only
TXNDC2,84203,0,28,72,100,Benign-only
TXNDC5,81567,0,5,83,88,Benign-only
TXNDC8,255220,0,1,18,19,Benign-only
TXNDC9,10190,0,1,19,20,Benign-only
TXNIP,10628,0,4,64,68,Benign-only
TXNL1,9352,0,3,25,28,Benign-only
TXNL4A,10907,5,12,10,27,Multiclass
TXNL4B,54957,0,0,23,23,VUS/Other-only
TXNRD1,7296,0,13,81,94,Benign-only
TXNRD2,10587,0,433,457,890,Benign-only
TXNRD3,114112,0,8,107,115,Benign-only
TYK2,7297,39,516,494,1049,Multiclass
TYMP,1890,161,586,218,965,Multiclass
TYMS,7298,5,10,11,26,Multiclass
TYMS;TYMSOS,-1,0,1,0,1,Benign-only
TYR,7299,285,217,220,722,Multiclass
TYRO3,7301,0,9,93,102,Benign-only
TYROBP,7305,5,52,49,106,Multiclass
TYRP1,7306,90,281,291,662,Multiclass
TYSND1,219743,0,3,106,109,Benign-only
TYW1,55253,0,7,93,100,Benign-only
TYW1B,441250,0,3,66,69,Benign-only
TYW2,55039,0,0,11,11,VUS/Other-only
TYW3,127253,0,2,34,36,Benign-only
TYW5,129450,0,1,36,37,Benign-only
U2AF1,7307,1,0,6,7,Pathogenic-only
U2AF1L4,199746,0,12,30,42,Benign-only
U2AF2,11338,11,12,55,78,Multiclass
U2SURP,23350,0,1,60,61,Benign-only
UACA,55075,0,9,184,193,Benign-only
UAP1,6675,0,10,51,61,Benign-only
UAP1L1,91373,0,4,85,89,Benign-only
UBA1,7317,1,372,295,668,Multiclass
UBA2,10054,25,6,76,107,Multiclass
UBA3,9039,0,1,43,44,Benign-only
UBA5,79876,35,124,110,269,Multiclass
UBA52,7311,0,0,7,7,VUS/Other-only
UBA6,55236,0,8,130,138,Benign-only
UBA7,7318,0,15,147,162,Benign-only
UBAC1,10422,0,3,70,73,Benign-only
UBAC2,337867,0,8,42,50,Benign-only
UBALD1,124402,0,1,28,29,Benign-only
UBALD2,283991,0,2,20,22,Benign-only
UBAP1,51271,13,14,71,98,Multiclass
UBAP1L,390595,6,5,93,104,Multiclass
UBAP2,55833,0,18,164,182,Benign-only
UBAP2L,9898,11,16,120,147,Multiclass
UBASH3A,53347,0,19,119,138,Benign-only
UBASH3B,84959,0,10,62,72,Benign-only
UBB,7314,0,9,5,14,Benign-only
UBC,7316,0,46,22,68,Benign-only
UBD,10537,0,5,21,26,Benign-only
UBE2A,7319,18,23,34,75,Multiclass
UBE2B,7320,0,0,3,3,VUS/Other-only
UBE2C,11065,0,0,13,13,VUS/Other-only
UBE2D1,7321,0,0,2,2,VUS/Other-only
UBE2D2,7322,0,0,4,4,VUS/Other-only
UBE2D3,7323,0,0,1,1,VUS/Other-only
UBE2D4,51619,0,0,13,13,VUS/Other-only
UBE2E1,7324,0,2,8,10,Benign-only
UBE2E2,7325,0,0,13,13,VUS/Other-only
UBE2E3,10477,0,0,4,4,VUS/Other-only
UBE2F,140739,0,0,16,16,VUS/Other-only
UBE2G2,7327,0,0,19,19,VUS/Other-only
UBE2H,7328,1,0,3,4,Pathogenic-only
UBE2I,7329,0,3,1,4,Benign-only
UBE2J1,51465,0,0,35,35,VUS/Other-only
UBE2J2,118424,0,0,19,19,VUS/Other-only
UBE2K,3093,0,1,0,1,Benign-only
UBE2L3,7332,0,2,4,6,Benign-only
UBE2L6,9246,0,2,23,25,Benign-only
UBE2M,9040,0,0,10,10,VUS/Other-only
UBE2N,7334,0,0,7,7,VUS/Other-only
UBE2NL,389898,0,2,18,20,Benign-only
UBE2O,63893,0,5,133,138,Benign-only
UBE2Q1,55585,0,1,33,34,Benign-only
UBE2Q2,92912,0,0,54,54,VUS/Other-only
UBE2QL1,134111,0,0,12,12,VUS/Other-only
UBE2R2,54926,0,1,8,9,Benign-only
UBE2S,27338,0,10,35,45,Benign-only
UBE2T,29089,9,35,28,72,Multiclass
UBE2U,148581,0,1,24,25,Benign-only
UBE2V1,7335,0,1,0,1,Benign-only
UBE2V2,7336,0,0,11,11,VUS/Other-only
UBE2W,55284,0,0,2,2,VUS/Other-only
UBE2Z,65264,0,0,27,27,VUS/Other-only
UBE3A,7337,225,320,387,932,Multiclass
UBE3B,89910,65,262,221,548,Multiclass
UBE3C,9690,1,9,108,118,Multiclass
UBE3D,90025,0,8,58,66,Benign-only
UBE4A,9354,8,18,125,151,Multiclass
UBE4B,10277,0,16,130,146,Benign-only
UBFD1,56061,0,0,50,50,VUS/Other-only
UBIAD1,29914,5,28,96,129,Multiclass
UBL3,5412,0,0,9,9,VUS/Other-only
UBL4A,8266,0,3,13,16,Benign-only
UBL4B,164153,0,2,27,29,Benign-only
UBL5,59286,0,0,5,5,VUS/Other-only
UBL7,84993,0,4,43,47,Benign-only
UBLCP1,134510,0,0,30,30,VUS/Other-only
UBN1,29855,1,13,0,14,Multiclass
UBN2,254048,1,13,196,210,Multiclass
UBOX5,22888,0,6,60,66,Benign-only
UBP1,7342,0,3,33,36,Benign-only
UBQLN1,29979,1,9,32,42,Multiclass
UBQLN2,29978,7,60,158,225,Multiclass
UBQLN3,50613,0,9,99,108,Benign-only
UBQLN4,56893,1,7,58,66,Multiclass
UBQLNL,143630,0,8,68,76,Benign-only
UBR1,197131,66,843,232,1141,Multiclass
UBR2,23304,0,21,179,200,Benign-only
UBR3,130507,0,6,161,167,Benign-only
UBR4,23352,0,119,524,643,Benign-only
UBR5,51366,3,43,255,301,Multiclass
UBR7,55148,4,8,34,46,Multiclass
UBTD1,80019,0,0,40,40,VUS/Other-only
UBTD2,92181,0,0,29,29,VUS/Other-only
UBTF,7343,6,40,107,153,Multiclass
UBTFL1,642623,0,6,41,47,Benign-only
UBXN1,51035,0,4,43,47,Benign-only
UBXN10,127733,0,5,41,46,Benign-only
UBXN11,91544,0,8,81,89,Benign-only
UBXN2A,165324,0,1,24,25,Benign-only
UBXN2B,137886,0,2,46,48,Benign-only
UBXN4,23190,0,4,67,71,Benign-only
UBXN6,80700,0,1,102,103,Benign-only
UBXN7,26043,0,0,34,34,VUS/Other-only
UBXN8,7993,0,3,28,31,Benign-only
UCHL1,7345,18,114,79,211,Multiclass
UCHL1;UCHL1-DT,-1,3,0,1,4,Pathogenic-only
UCHL3,7347,0,1,22,23,Benign-only
UCHL5,51377,0,2,24,26,Benign-only
UCK1,83549,0,0,35,35,VUS/Other-only
UCK2,7371,0,1,17,18,Benign-only
UCKL1,54963,0,6,66,72,Benign-only
UCMA,221044,0,2,31,33,Benign-only
UCN,7349,0,1,25,26,Benign-only
UCN2,90226,0,1,27,28,Benign-only
UCN3,114131,0,6,34,40,Benign-only
UCP1,7350,0,8,43,51,Benign-only
UCP2,7351,0,19,85,104,Benign-only
UCP3,7352,0,50,83,133,Benign-only
UEVLD,55293,0,4,59,63,Benign-only
UFC1,51506,5,5,25,35,Multiclass
UFD1,7353,0,18,24,42,Benign-only
UFL1,23376,0,4,117,121,Benign-only
UFM1,51569,3,20,20,43,Multiclass
UFSP1,402682,0,1,43,44,Benign-only
UFSP2,55325,7,16,70,93,Multiclass
UGCG,7357,0,0,23,23,VUS/Other-only
UGDH,7358,8,12,54,74,Multiclass
UGGT1,56886,2,27,184,213,Multiclass
UGGT2,55757,0,23,194,217,Benign-only
UGP2,7360,1,15,51,67,Multiclass
UGT1A1,54658,63,37,174,276,Multiclass
UGT1A10,54575,0,4,37,41,Benign-only
UGT1A10;UGT1A;UGT1A6;UGT1A7;UGT1A8;UGT1A9,-1,0,0,1,1,VUS/Other-only
UGT1A3,54659,0,10,32,42,Benign-only
UGT1A4,54657,0,9,37,46,Benign-only
UGT1A5,54579,0,10,23,33,Benign-only
UGT1A6,54578,0,6,50,56,Benign-only
UGT1A6;UGT1A;UGT1A10;UGT1A7;UGT1A8;UGT1A9,-1,0,0,1,1,VUS/Other-only
UGT1A7,54577,0,13,53,66,Benign-only
UGT1A7;UGT1A;UGT1A10;UGT1A6;UGT1A8;UGT1A9,-1,0,1,0,1,Benign-only
UGT1A8,54576,0,19,40,59,Benign-only
UGT1A8;UGT1A9;UGT1A;UGT1A10;UGT1A6;UGT1A7,-1,0,0,1,1,VUS/Other-only
UGT1A8;UGT1A;UGT1A10;UGT1A7;UGT1A9,-1,0,1,0,1,Benign-only
UGT1A9,54600,0,4,40,44,Benign-only
UGT1A9;UGT1A10;UGT1A7;UGT1A8;UGT1A,-1,0,1,0,1,Benign-only
UGT1A9;UGT1A;UGT1A10;UGT1A7;UGT1A8,-1,0,2,0,2,Benign-only
UGT1A;UGT1A10;UGT1A3;UGT1A4;UGT1A5;UGT1A6;UGT1A7;UGT1A8;UGT1A9,-1,0,0,1,1,VUS/Other-only
UGT1A;UGT1A10;UGT1A5;UGT1A6;UGT1A7;UGT1A8;UGT1A9,-1,0,1,0,1,Benign-only
UGT1A;UGT1A10;UGT1A6;UGT1A7;UGT1A8;UGT1A9,-1,0,1,1,2,Benign-only
UGT1A;UGT1A10;UGT1A7;UGT1A8;UGT1A9,-1,0,2,1,3,Benign-only
UGT1A;UGT1A10;UGT1A8;UGT1A7;UGT1A9,-1,0,1,0,1,Benign-only
UGT1A;UGT1A10;UGT1A9;UGT1A7;UGT1A8,-1,0,1,0,1,Benign-only
UGT2A1,10941,0,12,34,46,Benign-only
UGT2A2,574537,0,1,36,37,Benign-only
UGT2A2;UGT2A1,-1,0,1,0,1,Benign-only
UGT2A3,79799,0,4,82,86,Benign-only
UGT2B10,7365,0,4,101,105,Benign-only
UGT2B11,10720,0,11,120,131,Benign-only
UGT2B15,7366,0,9,85,94,Benign-only
UGT2B17,7367,0,13,56,69,Benign-only
UGT2B28,54490,0,21,89,110,Benign-only
UGT2B4,7363,0,9,86,95,Benign-only
UGT2B7,7364,0,4,60,64,Benign-only
UGT3A1,133688,0,4,74,78,Benign-only
UGT3A2,167127,0,5,55,60,Benign-only
UGT8,7368,0,12,45,57,Benign-only
UHMK1,127933,1,1,48,50,Multiclass
UHRF1,29128,0,4,55,59,Benign-only
UHRF2,115426,0,4,60,64,Benign-only
UIMC1,51720,1,10,83,94,Multiclass
ULBP1,80329,0,15,50,65,Benign-only
ULBP2,80328,0,4,50,54,Benign-only
ULBP3,79465,0,3,34,37,Benign-only
ULK1,8408,0,23,180,203,Benign-only
ULK2,9706,1,13,132,146,Multiclass
ULK3,25989,0,10,79,89,Benign-only
ULK4,54986,3,35,179,217,Multiclass
UMAD1,729852,0,1,0,1,Benign-only
UMOD,7369,88,154,296,538,Multiclass
UMODL1,89766,0,47,274,321,Benign-only
UMPS,7372,4,96,165,265,Multiclass
UNC119,9094,0,85,148,233,Benign-only
UNC119B,84747,0,0,44,44,VUS/Other-only
UNC13A,23025,5,80,236,321,Multiclass
UNC13B,10497,0,17,213,230,Benign-only
UNC13C,440279,0,8,294,302,Benign-only
UNC13D,201294,189,888,596,1673,Multiclass
UNC45A,55898,6,346,358,710,Multiclass
UNC45B,146862,4,164,211,379,Multiclass
UNC50,25972,0,0,32,32,VUS/Other-only
UNC5A,90249,0,0,90,90,VUS/Other-only
UNC5B,219699,0,12,181,193,Benign-only
UNC5C,8633,0,10,119,129,Benign-only
UNC5CL,222643,0,4,82,86,Benign-only
UNC5D,137970,0,4,98,102,Benign-only
UNC79,57578,17,36,333,386,Multiclass
UNC80,285175,144,1325,1077,2546,Multiclass
UNC93A,54346,0,13,92,105,Benign-only
UNC93B1,81622,11,245,206,462,Multiclass
UNCX,340260,0,5,100,105,Benign-only
UNG,7374,20,133,142,295,Multiclass
UNK,85451,0,5,72,77,Benign-only
UNKL,64718,0,21,166,187,Benign-only
UPB1,51733,18,77,119,214,Multiclass
UPF1,5976,6,38,133,177,Multiclass
UPF2,26019,1,17,125,143,Multiclass
UPF3A,65110,0,3,97,100,Benign-only
UPF3B,65109,34,159,128,321,Multiclass
UPK1A,11045,0,1,58,59,Benign-only
UPK1B,7348,0,2,34,36,Benign-only
UPK2,7379,0,2,24,26,Benign-only
UPK3A,7380,1,23,62,86,Multiclass
UPK3B,105375355,0,16,71,87,Benign-only
UPK3BL1,100134938,0,5,20,25,Benign-only
UPP1,7378,0,2,2,4,Benign-only
UPP2,151531,0,8,48,56,Benign-only
UPRT,139596,0,2,12,14,Benign-only
UQCC1,55245,0,1,50,51,Benign-only
UQCC2,84300,0,40,39,79,Benign-only
UQCC3,790955,0,19,29,48,Benign-only
UQCC5,440957,0,0,13,13,VUS/Other-only
UQCR10,29796,0,0,7,7,VUS/Other-only
UQCR11,10975,0,2,9,11,Benign-only
UQCRB,7381,3,43,31,77,Multiclass
UQCRB;UQCRB-AS1,-1,1,0,0,1,Pathogenic-only
UQCRC1,7384,0,2,85,87,Benign-only
UQCRC2,7385,6,88,90,184,Multiclass
UQCRFS1,7386,2,10,26,38,Multiclass
UQCRH,7388,0,0,13,13,VUS/Other-only
UQCRHL,440567,0,2,18,20,Benign-only
UQCRQ,27089,0,26,57,83,Benign-only
URAD,646625,0,1,37,38,Benign-only
URB1,9875,0,51,357,408,Benign-only
URB2,9816,0,28,203,231,Benign-only
URGCP,55665,0,16,80,96,Benign-only
URGCP-MRPS24,100534592,0,0,4,4,VUS/Other-only
URI1,8725,0,11,86,97,Benign-only
URM1,81605,0,0,25,25,VUS/Other-only
UROC1,131669,4,57,141,202,Multiclass
UROD,7389,54,26,93,173,Multiclass
UROS,7390,21,65,52,138,Multiclass
USB1,79650,20,225,327,572,Multiclass
USE1,55850,0,1,35,36,Benign-only
USF1,7391,0,0,24,24,VUS/Other-only
USF2,7392,0,0,46,46,VUS/Other-only
USF3,205717,0,24,252,276,Benign-only
USH1C,10083,183,775,402,1360,Multiclass
USH1G,124590,50,151,256,457,Multiclass
USH2A,7399,1996,3821,2682,8499,Multiclass
USH2A-AS2;USH2A,-1,1,0,0,1,Pathogenic-only
USH2A;USH2A-AS1,-1,1,0,0,1,Pathogenic-only
USH2A;USH2A-AS2,-1,5,0,1,6,Pathogenic-only
USHBP1,83878,0,14,122,136,Benign-only
USO1,8615,0,1,0,1,Benign-only
USP1,7398,0,5,81,86,Benign-only
USP10,9100,0,9,139,148,Benign-only
USP11,8237,2,18,50,70,Multiclass
USP12,219333,0,1,24,25,Benign-only
USP13,8975,0,6,123,129,Benign-only
USP14,9097,1,11,43,55,Multiclass
USP15,9958,0,0,68,68,VUS/Other-only
USP16,10600,0,3,102,105,Benign-only
USP17L1,401447,0,4,0,4,Benign-only
USP17L10,100287144,0,2,0,2,Benign-only
USP17L17,100287327,0,5,0,5,Benign-only
USP17L19,100287404,0,1,0,1,Benign-only
USP17L2,377630,0,13,53,66,Benign-only
USP17L22,100287513,0,6,0,6,Benign-only
USP17L26,728379,0,0,2,2,VUS/Other-only
USP17L27,728393,0,3,122,125,Benign-only
USP17L4,645402,0,2,0,2,Benign-only
USP17L5,728386,0,0,5,5,VUS/Other-only
USP17L7,392197,0,7,0,7,Benign-only
USP17L8,392188,0,1,0,1,Benign-only
USP18,11274,3,24,47,74,Multiclass
USP19,10869,0,20,195,215,Benign-only
USP2,9099,0,9,88,97,Benign-only
USP20,10868,0,9,148,157,Benign-only
USP21,27005,0,1,74,75,Benign-only
USP22,23326,0,1,31,32,Benign-only
USP24,23358,0,10,224,234,Benign-only
USP25,29761,0,10,118,128,Benign-only
USP26,83844,0,24,69,93,Benign-only
USP27X,389856,7,13,57,77,Multiclass
USP28,57646,0,4,119,123,Benign-only
USP29,57663,0,11,129,140,Benign-only
USP3,9960,0,3,50,53,Benign-only
USP30,84749,0,2,65,67,Benign-only
USP31,57478,0,8,214,222,Benign-only
USP32,84669,0,2,165,167,Benign-only
USP33,23032,0,3,89,92,Benign-only
USP34,9736,0,26,448,474,Benign-only
USP35,57558,0,8,192,200,Benign-only
USP36,57602,0,34,144,178,Benign-only
USP37,57695,0,8,77,85,Benign-only
USP38,84640,0,8,125,133,Benign-only
USP39,10713,0,2,64,66,Benign-only
USP4,7375,0,11,116,127,Benign-only
USP40,55230,0,14,183,197,Benign-only
USP41,373856,0,2,0,2,Benign-only
USP42,84132,0,30,308,338,Benign-only
USP43,124739,0,19,144,163,Benign-only
USP44,84101,0,9,82,91,Benign-only
USP45,85015,4,27,108,139,Multiclass
USP46,64854,0,3,20,23,Benign-only
USP47,55031,0,4,124,128,Benign-only
USP48,84196,0,8,67,75,Benign-only
USP49,25862,0,5,73,78,Benign-only
USP5,8078,0,7,71,78,Benign-only
USP50,373509,0,6,49,55,Benign-only
USP51,158880,0,5,67,72,Benign-only
USP53,54532,40,67,136,243,Multiclass
USP54,159195,0,12,208,220,Benign-only
USP6,9098,0,18,194,212,Benign-only
USP6NL,9712,0,6,143,149,Benign-only
USP7,7874,35,272,239,546,Multiclass
USP8,9101,1,91,85,177,Multiclass
USP9X,8239,117,437,565,1119,Multiclass
USP9Y,8287,1,11,12,24,Multiclass
USPL1,10208,0,19,151,170,Benign-only
UST,10090,0,3,46,49,Benign-only
UTF1,8433,0,2,69,71,Benign-only
UTP11,51118,0,0,4,4,VUS/Other-only
UTP14A,10813,0,10,67,77,Benign-only
UTP14C,9724,0,5,96,101,Benign-only
UTP14C;ALG11,-1,0,0,2,2,VUS/Other-only
UTP15,84135,0,0,58,58,VUS/Other-only
UTP18,51096,0,2,93,95,Benign-only
UTP20,27340,0,37,366,403,Benign-only
UTP23,84294,0,2,33,35,Benign-only
UTP25,27042,0,2,108,110,Benign-only
UTP3,57050,0,3,42,45,Benign-only
UTP4,84916,0,56,65,121,Benign-only
UTP6,55813,0,7,76,83,Benign-only
UTRN,7402,1,132,486,619,Multiclass
UTS2,10911,0,6,21,27,Benign-only
UTS2B,257313,0,3,10,13,Benign-only
UTS2R,2837,0,4,0,4,Benign-only
UTY,7404,0,1,0,1,Benign-only
UVRAG,7405,0,7,102,109,Benign-only
UVSSA,57654,10,33,158,201,Multiclass
UXS1,80146,0,1,49,50,Benign-only
UXT,8409,0,0,21,21,VUS/Other-only
VAC14,55697,11,321,167,499,Multiclass
VAMP1,6843,12,67,51,130,Multiclass
VAMP2,6844,10,10,27,47,Multiclass
VAMP3,9341,0,0,12,12,VUS/Other-only
VAMP4,8674,0,1,16,17,Benign-only
VAMP5,10791,0,2,25,27,Benign-only
VAMP7,6845,0,10,1,11,Benign-only
VAMP8,8673,0,1,13,14,Benign-only
VANGL1,81839,1,86,162,249,Multiclass
VANGL2,57216,0,9,56,65,Benign-only
VAPA,9218,0,2,32,34,Benign-only
VAPB,9217,1,163,230,394,Multiclass
VARS1,7407,27,50,238,315,Multiclass
VARS2,57176,43,271,276,590,Multiclass
VASH1,22846,0,2,54,56,Benign-only
VASH2,79805,0,2,41,43,Benign-only
VASN,114990,0,15,151,166,Benign-only
VASP,7408,0,3,55,58,Benign-only
VAT1,10493,0,2,50,52,Benign-only
VAT1L,57687,0,0,67,67,VUS/Other-only
VAV1,7409,0,355,268,623,Benign-only
VAV2,7410,0,21,124,145,Benign-only
VAV3,10451,0,23,102,125,Benign-only
VAX1,11023,1,24,55,80,Multiclass
VAX2,25806,0,6,75,81,Benign-only
VBP1,7411,0,2,8,10,Benign-only
VCAM1,7412,0,14,80,94,Benign-only
VCAN,1462,22,760,1564,2346,Multiclass
VCF1,84923,0,2,45,47,Benign-only
VCF2,90736,0,3,16,19,Benign-only
VCL,7414,4,695,952,1651,Multiclass
VCP,7415,50,386,286,722,Multiclass
VCPIP1,80124,0,1,102,103,Benign-only
VCPKMT,79609,0,0,48,48,VUS/Other-only
VCX,26609,0,10,1,11,Benign-only
VCX2,51480,0,10,67,77,Benign-only
VCX3A,51481,0,14,95,109,Benign-only
VCX3B,425054,0,26,94,120,Benign-only
VDAC1,7416,0,0,24,24,VUS/Other-only
VDAC2,7417,0,1,35,36,Benign-only
VDAC3,7419,0,0,31,31,VUS/Other-only
VDR,7421,29,265,220,514,Multiclass
VEGFA,7422,2,25,47,74,Multiclass
VEGFB,7423,0,8,54,62,Benign-only
VEGFC,7424,2,22,58,82,Multiclass
VEGFD,2277,0,3,0,3,Benign-only
VENTX,27287,0,9,50,59,Benign-only
VEPH1,79674,0,6,88,94,Benign-only
VEZF1,7716,0,8,41,49,Benign-only
VEZT,55591,0,2,90,92,Benign-only
VGF,7425,0,10,111,121,Benign-only
VGLL1,51442,0,3,28,31,Benign-only
VGLL2,245806,0,4,60,64,Benign-only
VGLL3,389136,0,4,43,47,Benign-only
VGLL4,9686,0,1,48,49,Benign-only
VHL,7428,414,574,843,1831,Multiclass
VHL;LOC107303340,-1,1,0,0,1,Pathogenic-only
VHLL,391104,0,0,26,26,VUS/Other-only
VIL1,7429,0,10,121,131,Benign-only
VILL,50853,0,13,124,137,Benign-only
VIM,7431,0,58,75,133,Benign-only
VIP,7432,0,7,29,36,Benign-only
VIPAS39,63894,23,169,137,329,Multiclass
VIPR1,7433,0,18,79,97,Benign-only
VIPR2,7434,0,10,52,62,Benign-only
VIRMA,25962,0,4,163,167,Benign-only
VIT,5212,0,7,136,143,Benign-only
VKORC1,79001,2,10,23,42,Multiclass
VKORC1L1,154807,0,3,10,13,Benign-only
VLDLR,7436,56,530,218,804,Multiclass
VMA12,147007,5,30,37,72,Multiclass
VMA21,203547,4,48,45,97,Multiclass
VMA22,84317,4,26,20,50,Multiclass
VMAC,400673,0,4,33,37,Benign-only
VMO1,284013,0,4,36,40,Benign-only
VMP1,81671,0,2,26,28,Benign-only
VN1R1,57191,0,1,45,46,Benign-only
VN1R2,317701,0,3,49,52,Benign-only
VN1R4,317703,0,3,48,51,Benign-only
VNN1,8876,0,17,70,87,Benign-only
VNN2,8875,0,9,85,94,Benign-only
VNN3,55350,0,2,0,2,Benign-only
VOPP1,81552,0,1,31,32,Benign-only
VPREB1,7441,0,1,25,26,Benign-only
VPREB3,29802,0,2,26,28,Benign-only
VPS11,55823,1,432,129,562,Multiclass
VPS13A,23230,492,2360,735,3587,Multiclass
VPS13B,157680,873,2770,2184,5827,Multiclass
VPS13C,54832,91,610,381,1082,Multiclass
VPS13D,55187,72,711,943,1726,Multiclass
VPS16,64601,19,35,209,263,Multiclass
VPS18,57617,0,6,164,170,Benign-only
VPS25,84313,1,1,15,17,Multiclass
VPS26A,9559,0,1,31,32,Benign-only
VPS26B,112936,0,0,23,23,VUS/Other-only
VPS26C,10311,1,1,36,38,Multiclass
VPS28,51160,0,6,29,35,Benign-only
VPS29,51699,0,0,11,11,VUS/Other-only
VPS33A,65082,1,205,141,347,Multiclass
VPS33B,26276,52,244,248,544,Multiclass
VPS35,55737,3,116,126,245,Multiclass
VPS35L,57020,3,12,20,35,Multiclass
VPS36,51028,0,2,41,43,Benign-only
VPS37A,137492,0,115,128,243,Benign-only
VPS37B,79720,0,0,51,51,VUS/Other-only
VPS37C,55048,0,2,63,65,Benign-only
VPS37D,155382,0,7,58,65,Benign-only
VPS39,23339,0,3,96,99,Benign-only
VPS41,27072,7,57,120,184,Multiclass
VPS45,11311,16,447,173,636,Multiclass
VPS4A,27183,7,18,74,99,Multiclass
VPS4B,9525,0,0,39,39,VUS/Other-only
VPS50,55610,5,12,89,106,Multiclass
VPS51,738,3,15,138,156,Multiclass
VPS52,6293,0,3,75,78,Benign-only
VPS53,55275,15,531,129,675,Multiclass
VPS54,51542,0,12,114,126,Benign-only
VPS72,6944,0,0,2,2,VUS/Other-only
VPS8,23355,0,16,183,199,Benign-only
VPS9D1,9605,0,6,136,142,Benign-only
VRK1,7443,95,308,164,567,Multiclass
VRK2,7444,0,6,95,101,Benign-only
VRK2;FANCL,-1,0,0,1,1,VUS/Other-only
VRK3,51231,0,4,49,53,Benign-only
VRTN,55237,0,7,105,112,Benign-only
VSIG1,340547,0,12,26,38,Benign-only
VSIG10,54621,0,6,73,79,Benign-only
VSIG10L,147645,0,10,122,132,Benign-only
VSIG10L2,338667,0,2,0,2,Benign-only
VSIG2,23584,0,4,54,58,Benign-only
VSIG4,11326,0,9,56,65,Benign-only
VSIG8,391123,0,2,65,67,Benign-only
VSIR,64115,0,2,6,8,Benign-only
VSNL1,7447,0,0,7,7,VUS/Other-only
VSTM1,284415,0,2,35,37,Benign-only
VSTM2A,222008,0,1,29,30,Benign-only
VSTM2B,342865,0,2,69,71,Benign-only
VSTM2L,128434,0,1,40,41,Benign-only
VSTM4,196740,0,3,50,53,Benign-only
VSTM5,387804,0,2,26,28,Benign-only
VSX1,30813,0,52,109,161,Benign-only
VSX2,338917,52,307,118,477,Multiclass
VTA1,51534,1,2,43,46,Multiclass
VTCN1,79679,0,1,0,1,Benign-only
VTI1A,143187,0,0,32,32,VUS/Other-only
VTI1B,10490,0,3,47,50,Benign-only
VTN,7448,0,16,80,96,Benign-only
VWA1,64856,19,34,130,183,Multiclass
VWA2,340706,0,26,3,29,Benign-only
VWA3A,146177,0,14,175,189,Benign-only
VWA3B,200403,10,55,190,255,Multiclass
VWA5A,4013,0,9,109,118,Benign-only
VWA5B1,127731,0,11,248,259,Benign-only
VWA5B2,90113,0,8,194,202,Benign-only
VWA7,80737,0,6,118,124,Benign-only
VWA8,23078,0,21,172,193,Benign-only
VWC2,375567,0,3,53,56,Benign-only
VWC2L,402117,0,0,23,23,VUS/Other-only
VWCE,220001,0,14,131,145,Benign-only
VWDE,221806,1,20,275,296,Multiclass
VWF,7450,368,354,935,1657,Multiclass
VXN,254778,0,0,2,2,VUS/Other-only
WAC,51322,112,115,169,396,Multiclass
WAPL,23063,0,3,112,115,Benign-only
WARS1,7453,4,42,77,123,Multiclass
WARS2,10352,17,59,85,161,Multiclass
WAS,7454,185,290,209,684,Multiclass
WASF1,8936,10,17,94,121,Multiclass
WASF2,10163,0,5,62,67,Benign-only
WASF3,10810,0,8,67,75,Benign-only
WASHC1,100287171,0,10,81,91,Benign-only
WASHC2A,387680,0,9,121,130,Benign-only
WASHC2C,253725,0,17,153,170,Benign-only
WASHC3,51019,0,1,20,21,Benign-only
WASHC4,23325,10,46,163,219,Multiclass
WASHC5,9897,38,351,323,712,Multiclass
WASL,8976,0,2,45,47,Benign-only
WBP1,23559,0,1,68,69,Benign-only
WBP11,51729,21,4,116,141,Multiclass
WBP1L,54838,0,1,41,42,Benign-only
WBP2,23558,1,60,74,135,Multiclass
WBP2NL,164684,0,7,39,46,Benign-only
WBP4,11193,6,7,56,69,Multiclass
WDCP,80304,0,0,8,8,VUS/Other-only
WDFY1,57590,0,0,63,63,VUS/Other-only
WDFY2,115825,0,0,53,53,VUS/Other-only
WDFY3,23001,87,141,754,982,Multiclass
WDFY4,57705,0,48,463,511,Benign-only
WDHD1,11169,0,19,141,160,Benign-only
WDPCP,51057,46,242,344,632,Multiclass
WDR1,9948,0,390,163,553,Benign-only
WDR11,55717,15,265,239,519,Multiclass
WDR12,55759,0,2,52,54,Benign-only
WDR13,64743,0,7,36,43,Benign-only
WDR17,116966,0,9,177,186,Benign-only
WDR18,57418,0,7,85,92,Benign-only
WDR19,57728,130,508,600,1238,Multiclass
WDR20,91833,0,0,65,65,VUS/Other-only
WDR24,84219,0,7,108,115,Benign-only
WDR25,79446,0,10,80,90,Benign-only
WDR26,80232,59,39,155,253,Multiclass
WDR27,253769,0,27,149,176,Benign-only
WDR3,10885,0,5,137,142,Benign-only
WDR31,114987,0,4,43,47,Benign-only
WDR33,55339,0,4,134,138,Benign-only
WDR35,57539,69,307,435,811,Multiclass
WDR36,134430,0,140,183,323,Benign-only
WDR37,22884,10,39,85,134,Multiclass
WDR38,401551,0,5,65,70,Benign-only
WDR4,10785,14,172,137,323,Multiclass
WDR41,55255,0,2,63,65,Benign-only
WDR43,23160,0,6,83,89,Benign-only
WDR44,54521,2,7,70,79,Multiclass
WDR45,11152,195,202,152,549,Multiclass
WDR45B,56270,2,12,31,45,Multiclass
WDR46,9277,0,3,88,91,Benign-only
WDR47,22911,2,2,73,77,Multiclass
WDR48,57599,0,3,35,38,Benign-only
WDR49,151790,0,11,74,85,Benign-only
WDR5,11091,4,4,31,39,Multiclass
WDR53,348793,0,5,48,53,Benign-only
WDR54,84058,0,4,69,73,Benign-only
WDR55,54853,0,4,68,72,Benign-only
WDR59,79726,0,16,134,150,Benign-only
WDR5B,54554,0,3,37,40,Benign-only
WDR6,11180,0,8,169,177,Benign-only
WDR62,284403,108,432,491,1031,Multiclass
WDR64,128025,0,3,109,112,Benign-only
WDR7,23335,0,11,176,187,Benign-only
WDR70,55100,0,4,61,65,Benign-only
WDR72,256764,39,80,345,464,Multiclass
WDR73,84942,32,87,137,256,Multiclass
WDR74,54663,0,5,49,54,Benign-only
WDR75,84128,0,0,79,79,VUS/Other-only
WDR76,79968,0,4,87,91,Benign-only
WDR77,79084,0,2,34,36,Benign-only
WDR81,124997,35,176,401,612,Multiclass
WDR82,80335,0,1,13,14,Benign-only
WDR83,84292,0,5,51,56,Benign-only
WDR83;WDR83OS,-1,1,0,0,1,Pathogenic-only
WDR83OS,51398,4,12,15,31,Multiclass
WDR86,349136,0,1,82,83,Benign-only
WDR87,83889,0,164,425,589,Benign-only
WDR88,126248,0,4,61,65,Benign-only
WDR89,112840,0,5,50,55,Benign-only
WDR90,197335,0,62,372,434,Benign-only
WDR91,29062,3,12,103,118,Multiclass
WDR93,56964,0,8,82,90,Benign-only
WDR97,340390,0,7,0,7,Benign-only
WDSUB1,151525,0,5,53,58,Benign-only
WDTC1,23038,1,5,68,74,Multiclass
WEE1,7465,0,1,73,74,Benign-only
WEE2,494551,3,13,74,90,Multiclass
WFDC1,58189,0,8,59,67,Benign-only
WFDC10A,140832,0,1,15,16,Benign-only
WFDC10B,280664,0,1,9,10,Benign-only
WFDC10B;WFDC13,-1,0,1,0,1,Benign-only
WFDC11,259239,0,2,11,13,Benign-only
WFDC12,128488,0,0,19,19,VUS/Other-only
WFDC13,164237,0,1,11,12,Benign-only
WFDC2,10406,3,2,22,27,Multiclass
WFDC3,140686,0,0,44,44,VUS/Other-only
WFDC5,149708,0,3,18,21,Benign-only
WFDC6,140870,0,0,7,7,VUS/Other-only
WFDC8,90199,0,4,27,31,Benign-only
WFDC9,259240,0,1,6,7,Benign-only
WFIKKN1,117166,0,3,145,148,Benign-only
WFIKKN2,124857,0,4,111,115,Benign-only
WFS1,7466,226,650,978,1862,Multiclass
WHAMM,123720,0,9,140,149,Benign-only
WHR1,8859,0,3,32,35,Benign-only
WHRN,25861,52,386,442,880,Multiclass
WIF1,11197,0,29,52,81,Benign-only
WIPF1,7456,4,177,175,356,Multiclass
WIPF2,147179,0,0,64,64,VUS/Other-only
WIPF3,644150,0,6,90,96,Benign-only
WIPI1,55062,0,3,57,60,Benign-only
WIPI2,26100,0,22,52,74,Benign-only
WIZ,58525,0,6,130,136,Benign-only
WLS,79971,3,10,80,93,Multiclass
WNK1,65125,54,862,1288,2204,Multiclass
WNK2,65268,1,1328,2037,3366,Multiclass
WNK3,65267,4,48,195,247,Multiclass
WNK4,65266,5,171,407,583,Multiclass
WNT1,7471,44,70,169,283,Multiclass
WNT10A,80326,111,276,154,541,Multiclass
WNT10A;LOC129935618,-1,0,0,1,1,VUS/Other-only
WNT10B,7480,18,29,77,124,Multiclass
WNT11,7481,0,6,54,60,Benign-only
WNT16,51384,0,5,50,55,Benign-only
WNT2,7472,0,3,44,47,Benign-only
WNT2B,7482,3,101,96,200,Multiclass
WNT3,7473,0,86,52,138,Benign-only
WNT3A,89780,0,67,112,179,Benign-only
WNT4,54361,0,59,95,154,Benign-only
WNT5A,7474,9,117,147,273,Multiclass
WNT5B,81029,0,6,38,44,Benign-only
WNT6,7475,0,3,45,48,Benign-only
WNT7A,7476,4,53,56,113,Multiclass
WNT7B,7477,4,6,40,50,Multiclass
WNT8A,7478,0,3,51,54,Benign-only
WNT8B,7479,0,2,23,25,Benign-only
WNT9A,7483,0,4,64,68,Benign-only
WNT9B,7484,0,31,62,93,Benign-only
WRAP53,55135,5,249,280,534,Multiclass
WRAP73,49856,0,4,93,97,Benign-only
WRN,7486,421,1364,1947,3732,Multiclass
WRNIP1,56897,0,7,158,165,Benign-only
WSB1,26118,0,1,62,63,Benign-only
WSB2,55884,0,6,37,43,Benign-only
WSCD1,23302,0,7,130,137,Benign-only
WSCD2,9671,0,3,90,93,Benign-only
WT1,7490,150,744,984,1878,Multiclass
WT1-AS,51352,0,3,0,3,Benign-only
WTAP,9589,0,2,15,17,Benign-only
WTIP,126374,0,1,80,81,Benign-only
WWC1,23286,0,18,155,173,Benign-only
WWC2,80014,0,9,158,167,Benign-only
WWC3,55841,0,29,140,169,Benign-only
WWOX,51741,98,523,449,1071,Multiclass
WWP1,11059,0,6,53,59,Benign-only
WWP2,11060,0,6,114,120,Benign-only
WWTR1,25937,0,5,44,49,Benign-only
XAB2,56949,0,0,140,140,VUS/Other-only
XAF1,54739,0,9,45,54,Benign-only
XAGE3,170626,0,1,6,7,Benign-only
XAGE5,170627,0,2,15,17,Benign-only
XBP1,7494,0,13,31,44,Benign-only
XCL1,6375,0,1,13,14,Benign-only
XCL2,6846,0,2,16,18,Benign-only
XCR1,2829,0,3,48,51,Benign-only
XDH,7498,50,388,526,964,Multiclass
XG,7499,0,2,23,25,Benign-only
XIAP,331,68,159,171,398,Multiclass
XIRP1,165904,0,53,314,367,Benign-only
XIRP2,129446,0,115,517,632,Benign-only
XIST,7503,1,1,1,3,Multiclass
XK,7504,7,35,64,106,Multiclass
XKR3,150165,0,1,48,49,Benign-only
XKR4,114786,0,4,69,73,Benign-only
XKR5,389610,0,3,94,97,Benign-only
XKR6,286046,0,6,97,103,Benign-only
XKR7,343702,0,1,87,88,Benign-only
XKR8,55113,0,5,56,61,Benign-only
XKR9,389668,0,5,52,57,Benign-only
XKRX,402415,0,6,46,52,Benign-only
XPA,7507,96,189,80,365,Multiclass
XPC,7508,207,673,198,1078,Multiclass
XPNPEP1,7511,0,4,76,80,Benign-only
XPNPEP2,7512,0,20,77,97,Benign-only
XPNPEP3,63929,16,105,225,346,Multiclass
XPO1,7514,16,11,46,73,Multiclass
XPO4,64328,0,2,91,93,Benign-only
XPO5,57510,0,241,171,412,Benign-only
XPO5;POLR1C,-1,0,1,0,1,Benign-only
XPO6,23214,0,2,100,102,Benign-only
XPO7,23039,0,1,48,49,Benign-only
XPOT,11260,0,0,78,78,VUS/Other-only
XPR1,9213,3,162,146,311,Multiclass
XRCC1,7515,3,36,81,121,Multiclass
XRCC2,7516,16,242,534,792,Multiclass
XRCC3,7517,0,12,57,69,Benign-only
XRCC4,7518,18,70,88,176,Multiclass
XRCC5,7520,0,9,53,62,Benign-only
XRCC6,2547,0,7,41,48,Benign-only
XRN1,54464,0,8,174,182,Benign-only
XRN2,22803,0,3,87,90,Benign-only
XRRA1,143570,0,14,126,140,Benign-only
XXYLT1,152002,0,2,84,86,Benign-only
XYLB,9942,0,8,68,76,Benign-only
XYLT1,64131,19,297,309,625,Multiclass
XYLT2,64132,13,234,218,465,Multiclass
YAE1,57002,0,2,30,32,Benign-only
YAF2,10138,0,1,22,23,Benign-only
YAP1,10413,4,40,75,119,Multiclass
YARS1,8565,10,243,347,600,Multiclass
YARS2,51067,32,144,157,333,Multiclass
YBEY,54059,0,3,20,23,Benign-only
YBX1,4904,0,2,41,43,Benign-only
YBX2,51087,0,3,44,47,Benign-only
YBX3,8531,0,2,81,83,Benign-only
YDJC,150223,0,0,46,46,VUS/Other-only
YEATS2,55689,0,21,187,208,Benign-only
YES1,7525,0,2,56,58,Benign-only
YIF1A,10897,0,3,59,62,Benign-only
YIF1B,90522,6,8,53,67,Multiclass
YIPF1,54432,0,1,47,48,Benign-only
YIPF2,78992,0,6,66,72,Benign-only
YIPF3,25844,0,9,55,64,Benign-only
YIPF4,84272,0,0,31,31,VUS/Other-only
YIPF5,81555,0,3,33,36,Benign-only
YIPF6,286451,0,2,24,26,Benign-only
YIPF7,285525,0,1,46,47,Benign-only
YJEFN3,374887,0,1,57,58,Benign-only
YJU2,55702,0,3,50,53,Benign-only
YJU2B,81576,0,3,61,64,Benign-only
YKT6,10652,0,1,16,17,Benign-only
YLPM1,56252,0,14,342,356,Benign-only
YME1L1,10730,1,149,132,282,Multiclass
YOD1,55432,0,1,56,57,Benign-only
YPEL1,29799,0,0,7,7,VUS/Other-only
YPEL2,388403,0,0,4,4,VUS/Other-only
YPEL3,83719,1,0,10,11,Pathogenic-only
YPEL4,219539,0,0,12,12,VUS/Other-only
YPEL5,51646,0,0,9,9,VUS/Other-only
YRDC,79693,0,33,66,99,Benign-only
YTHDC1,91746,0,1,60,61,Benign-only
YTHDC2,64848,0,13,155,168,Benign-only
YTHDF1,54915,0,12,75,87,Benign-only
YTHDF2,51441,0,1,45,46,Benign-only
YTHDF3,253943,0,1,0,1,Benign-only
YWHAB,7529,0,1,0,1,Benign-only
YWHAE,7531,2,51,11,64,Multiclass
YWHAG,7532,30,110,82,222,Multiclass
YWHAH,7533,0,0,15,15,VUS/Other-only
YWHAQ,10971,0,0,18,18,VUS/Other-only
YWHAZ,7534,3,29,14,46,Multiclass
YY1,7528,38,21,81,140,Multiclass
YY1AP1,55249,10,41,143,194,Multiclass
YY2,404281,0,11,24,35,Benign-only
ZACN,353174,0,9,68,77,Benign-only
ZAN,7455,0,62,342,404,Benign-only
ZAP70,7535,37,291,211,539,Multiclass
ZAR1,326340,0,3,93,96,Benign-only
ZAR1L,646799,0,3,40,43,Benign-only
ZBBX,79740,0,19,104,123,Benign-only
ZBED1,9189,0,18,0,18,Benign-only
ZBED2,79413,0,1,41,42,Benign-only
ZBED3,84327,0,3,37,40,Benign-only
ZBED4,9889,0,22,159,181,Benign-only
ZBED5,58486,0,2,72,74,Benign-only
ZBED6,100381270,0,7,91,98,Benign-only
ZBED8,63920,0,1,0,1,Benign-only
ZBP1,81030,0,12,65,77,Benign-only
ZBTB1,22890,0,2,55,57,Benign-only
ZBTB10,65986,0,5,121,126,Benign-only
ZBTB11,27107,2,25,123,150,Multiclass
ZBTB12,221527,0,2,30,32,Benign-only
ZBTB14,7541,0,1,36,37,Benign-only
ZBTB16,7704,0,26,63,89,Benign-only
ZBTB17,7709,0,19,77,96,Benign-only
ZBTB18,10472,71,118,153,342,Multiclass
ZBTB2,57621,0,5,42,47,Benign-only
ZBTB20,26137,76,176,166,418,Multiclass
ZBTB20;ZBTB20-AS1,-1,1,0,0,1,Pathogenic-only
ZBTB21,49854,0,8,153,161,Benign-only
ZBTB22,9278,0,1,57,58,Benign-only
ZBTB24,9841,53,268,206,527,Multiclass
ZBTB25,7597,0,1,60,61,Benign-only
ZBTB26,57684,0,0,31,31,VUS/Other-only
ZBTB3,79842,0,3,51,54,Benign-only
ZBTB32,27033,0,6,77,83,Benign-only
ZBTB33,10009,0,8,45,53,Benign-only
ZBTB34,403341,0,0,54,54,VUS/Other-only
ZBTB37,84614,0,0,46,46,VUS/Other-only
ZBTB38,253461,0,14,110,124,Benign-only
ZBTB39,9880,0,2,101,103,Benign-only
ZBTB4,57659,0,23,145,168,Benign-only
ZBTB40,9923,0,13,143,156,Benign-only
ZBTB41,360023,0,3,78,81,Benign-only
ZBTB42,100128927,0,11,61,72,Benign-only
ZBTB43,23099,0,1,58,59,Benign-only
ZBTB44,29068,0,1,45,46,Benign-only
ZBTB45,84878,0,5,84,89,Benign-only
ZBTB46,140685,0,2,93,95,Benign-only
ZBTB47,92999,1,19,144,164,Multiclass
ZBTB48,3104,0,5,75,80,Benign-only
ZBTB49,166793,0,11,96,107,Benign-only
ZBTB5,9925,0,2,72,74,Benign-only
ZBTB6,10773,0,1,32,33,Benign-only
ZBTB7A,51341,18,23,106,147,Multiclass
ZBTB7B,51043,0,6,0,6,Benign-only
ZBTB7C,201501,0,6,86,92,Benign-only
ZBTB8A,653121,0,1,43,44,Benign-only
ZBTB8B,728116,0,3,67,70,Benign-only
ZBTB9,221504,0,3,49,52,Benign-only
ZC2HC1A,51101,0,5,42,47,Benign-only
ZC2HC1B,153918,0,1,32,33,Benign-only
ZC2HC1C,79696,0,10,61,71,Benign-only
ZC3H10,84872,0,3,42,45,Benign-only
ZC3H11A,9877,0,12,90,102,Benign-only
ZC3H11B,643136,0,1,0,1,Benign-only
ZC3H12A,80149,0,11,65,76,Benign-only
ZC3H12B,340554,0,8,50,58,Benign-only
ZC3H12C,85463,0,6,102,108,Benign-only
ZC3H12D,340152,0,10,79,89,Benign-only
ZC3H13,23091,0,10,192,202,Benign-only
ZC3H14,79882,0,33,91,124,Benign-only
ZC3H15,55854,0,1,31,32,Benign-only
ZC3H18,124245,0,11,146,157,Benign-only
ZC3H3,23144,0,27,199,226,Benign-only
ZC3H4,23211,0,24,197,221,Benign-only
ZC3H6,376940,0,7,144,151,Benign-only
ZC3H7A,29066,0,5,109,114,Benign-only
ZC3H7B,23264,0,5,119,124,Benign-only
ZC3H8,84524,0,4,22,26,Benign-only
ZC3HAV1,56829,0,23,106,129,Benign-only
ZC3HAV1L,92092,0,1,46,47,Benign-only
ZC3HC1,51530,0,4,65,69,Benign-only
ZC4H2,55906,58,62,84,204,Multiclass
ZCCHC10,54819,0,0,20,20,VUS/Other-only
ZCCHC12,170261,0,6,39,45,Benign-only
ZCCHC13,389874,0,3,22,25,Benign-only
ZCCHC14,23174,0,14,148,162,Benign-only
ZCCHC17,51538,0,1,28,29,Benign-only
ZCCHC18,644353,0,4,44,48,Benign-only
ZCCHC2,54877,0,16,190,206,Benign-only
ZCCHC24,219654,0,0,22,22,VUS/Other-only
ZCCHC3,85364,0,0,24,24,VUS/Other-only
ZCCHC4,29063,0,10,79,89,Benign-only
ZCCHC7,84186,0,7,68,75,Benign-only
ZCCHC8,55596,5,191,284,480,Multiclass
ZCCHC9,84240,0,1,26,27,Benign-only
ZCRB1,85437,0,0,11,11,VUS/Other-only
ZCWPW1,55063,0,9,82,91,Benign-only
ZCWPW2,152098,0,3,63,66,Benign-only
ZDBF2,57683,0,132,332,464,Benign-only
ZDHHC1,29800,0,8,78,86,Benign-only
ZDHHC11,79844,0,20,100,120,Benign-only
ZDHHC11B,653082,0,4,0,4,Benign-only
ZDHHC12,84885,0,1,55,56,Benign-only
ZDHHC13,54503,0,4,80,84,Benign-only
ZDHHC14,79683,0,6,61,67,Benign-only
ZDHHC15,158866,1,7,33,41,Multiclass
ZDHHC16,84287,0,2,55,57,Benign-only
ZDHHC17,23390,0,0,69,69,VUS/Other-only
ZDHHC18,84243,0,0,51,51,VUS/Other-only
ZDHHC19,131540,0,6,48,54,Benign-only
ZDHHC2,51201,0,4,54,58,Benign-only
ZDHHC20,253832,0,5,43,48,Benign-only
ZDHHC21,340481,0,0,29,29,VUS/Other-only
ZDHHC22,283576,0,1,26,27,Benign-only
ZDHHC23,254887,0,3,50,53,Benign-only
ZDHHC24,254359,0,1,37,38,Benign-only
ZDHHC3,51304,0,2,27,29,Benign-only
ZDHHC4,55146,0,10,45,55,Benign-only
ZDHHC5,25921,0,1,95,96,Benign-only
ZDHHC6,64429,0,3,45,48,Benign-only
ZDHHC7,55625,0,1,54,55,Benign-only
ZDHHC8,29801,0,8,150,158,Benign-only
ZDHHC9,51114,18,147,113,278,Multiclass
ZEB1,6935,29,38,125,192,Multiclass
ZEB2,9839,361,587,523,1471,Multiclass
ZER1,10444,0,1,73,74,Benign-only
ZFAND1,79752,0,2,35,37,Benign-only
ZFAND2A,90637,0,1,33,34,Benign-only
ZFAND2B,130617,0,3,38,41,Benign-only
ZFAND3,60685,0,0,20,20,VUS/Other-only
ZFAND4,93550,0,4,116,120,Benign-only
ZFAND5,7763,0,1,17,18,Benign-only
ZFAND6,54469,0,1,18,19,Benign-only
ZFAT,57623,0,22,165,187,Benign-only
ZFC3H1,196441,0,14,222,236,Benign-only
ZFHX2,85446,0,85,460,545,Benign-only
ZFHX3,463,41,154,632,827,Multiclass
ZFHX3-AS1,101927978,0,0,1,1,VUS/Other-only
ZFHX3;ZFHX3-AS1,-1,0,0,1,1,VUS/Other-only
ZFHX4,79776,16,106,559,681,Multiclass
ZFP1,162239,0,5,62,67,Benign-only
ZFP14,57677,0,2,52,54,Benign-only
ZFP2,80108,0,2,76,78,Benign-only
ZFP28,140612,0,6,117,123,Benign-only
ZFP3,124961,0,1,47,48,Benign-only
ZFP30,22835,1,2,61,64,Multiclass
ZFP36,7538,0,2,37,39,Benign-only
ZFP36L1,677,0,0,17,17,VUS/Other-only
ZFP36L2,678,1,5,109,115,Multiclass
ZFP37,7539,0,5,74,79,Benign-only
ZFP41,286128,0,4,45,49,Benign-only
ZFP42,132625,0,5,45,50,Benign-only
ZFP57,346171,6,47,85,138,Multiclass
ZFP62,643836,0,8,114,122,Benign-only
ZFP64,55734,0,3,138,141,Benign-only
ZFP69,339559,0,5,70,75,Benign-only
ZFP69B,65243,0,7,64,71,Benign-only
ZFP82,284406,0,0,44,44,VUS/Other-only
ZFP90,146198,0,2,79,81,Benign-only
ZFP91,80829,0,0,81,81,VUS/Other-only
ZFP92,139735,0,3,35,38,Benign-only
ZFPL1,7542,0,2,55,57,Benign-only
ZFPM1,161882,0,26,284,310,Benign-only
ZFPM2,23414,15,140,286,441,Multiclass
ZFR,51663,0,130,156,286,Benign-only
ZFR2,23217,0,26,219,245,Benign-only
ZFTA,65998,0,3,9,12,Benign-only
ZFTRAF1,50626,0,1,0,1,Benign-only
ZFX,7543,7,7,77,91,Multiclass
ZFYVE1,53349,0,5,75,80,Benign-only
ZFYVE16,9765,1,21,189,211,Multiclass
ZFYVE19,84936,3,6,70,79,Multiclass
ZFYVE21,79038,0,2,31,33,Benign-only
ZFYVE26,23503,380,1599,859,2838,Multiclass
ZFYVE27,118813,0,109,135,244,Benign-only
ZFYVE28,57732,0,22,175,197,Benign-only
ZFYVE9,9372,0,11,166,177,Benign-only
ZG16,653808,0,3,27,30,Benign-only
ZG16B,124220,0,7,37,44,Benign-only
ZGLP1,100125288,0,3,29,32,Benign-only
ZGPAT,84619,0,9,80,89,Benign-only
ZGRF1,55345,0,19,279,298,Benign-only
ZHX1,11244,0,1,95,96,Benign-only
ZHX1-C8orf76,100533106,0,0,1,1,VUS/Other-only
ZHX2,22882,0,12,127,139,Benign-only
ZHX3,23051,0,74,165,239,Benign-only
ZIC1,7545,10,90,95,195,Multiclass
ZIC1;ZIC4,-1,0,1,0,1,Benign-only
ZIC2,7546,44,185,276,505,Multiclass
ZIC3,7547,30,47,93,170,Multiclass
ZIC4,84107,0,53,105,158,Benign-only
ZIC5,85416,0,20,135,155,Benign-only
ZIK1,284307,0,5,67,72,Benign-only
ZIM2,23619,0,8,47,55,Benign-only
ZIM3,114026,0,1,81,82,Benign-only
ZKSCAN1,7586,0,3,60,63,Benign-only
ZKSCAN2,342357,0,14,166,180,Benign-only
ZKSCAN3,80317,0,3,49,52,Benign-only
ZKSCAN4,387032,0,5,63,68,Benign-only
ZKSCAN5,23660,0,5,88,93,Benign-only
ZKSCAN7,55888,0,10,93,103,Benign-only
ZKSCAN8,7745,0,2,78,80,Benign-only
ZMAT1,84460,0,6,50,56,Benign-only
ZMAT2,153527,0,0,4,4,VUS/Other-only
ZMAT3,64393,0,3,27,30,Benign-only
ZMAT4,79698,0,0,22,22,VUS/Other-only
ZMAT5,55954,0,0,21,21,VUS/Other-only
ZMIZ1,57178,47,364,368,779,Multiclass
ZMIZ2,83637,0,6,129,135,Benign-only
ZMPSTE24,10269,33,89,88,210,Multiclass
ZMYM1,79830,0,6,118,124,Benign-only
ZMYM2,7750,87,24,258,369,Multiclass
ZMYM3,9203,11,29,164,204,Multiclass
ZMYM4,9202,0,1,124,125,Benign-only
ZMYM5,9205,0,5,55,60,Benign-only
ZMYM6,9204,0,9,125,134,Benign-only
ZMYND10,51364,32,126,123,281,Multiclass
ZMYND11,10771,76,144,161,381,Multiclass
ZMYND12,84217,0,7,44,51,Benign-only
ZMYND15,84225,7,16,110,133,Multiclass
ZMYND19,116225,0,3,24,27,Benign-only
ZMYND8,23613,6,28,146,180,Multiclass
ZNF10,7556,0,2,54,56,Benign-only
ZNF100,163227,0,20,94,114,Benign-only
ZNF101,94039,0,5,45,50,Benign-only
ZNF106,64397,0,23,241,264,Benign-only
ZNF107,51427,0,20,94,114,Benign-only
ZNF112,7771,0,8,107,115,Benign-only
ZNF114,163071,0,5,56,61,Benign-only
ZNF117,51351,0,5,69,74,Benign-only
ZNF12,7559,0,4,73,77,Benign-only
ZNF121,7675,0,0,36,36,VUS/Other-only
ZNF124,7678,0,1,48,49,Benign-only
ZNF131,7690,0,3,46,49,Benign-only
ZNF132,7691,0,6,132,138,Benign-only
ZNF133,7692,0,6,66,72,Benign-only
ZNF134,7693,0,5,60,65,Benign-only
ZNF135,7694,0,11,94,105,Benign-only
ZNF136,7695,0,1,61,62,Benign-only
ZNF138,7697,0,7,37,44,Benign-only
ZNF14,7561,0,2,93,95,Benign-only
ZNF140,7699,0,0,48,48,VUS/Other-only
ZNF141,7700,0,12,55,67,Benign-only
ZNF142,7701,44,91,301,436,Multiclass
ZNF143,7702,0,107,92,199,Benign-only
ZNF146,7705,0,0,11,11,VUS/Other-only
ZNF148,7707,23,22,95,140,Multiclass
ZNF154,7710,0,2,58,60,Benign-only
ZNF155,7711,0,4,77,81,Benign-only
ZNF157,7712,0,9,54,63,Benign-only
ZNF16,7564,0,10,95,105,Benign-only
ZNF160,90338,0,4,102,106,Benign-only
ZNF165,7718,0,1,51,52,Benign-only
ZNF169,169841,0,4,82,86,Benign-only
ZNF17,7565,0,5,85,90,Benign-only
ZNF174,7727,0,1,61,62,Benign-only
ZNF175,7728,0,4,93,97,Benign-only
ZNF177,7730,0,2,30,32,Benign-only
ZNF18,7566,0,5,48,53,Benign-only
ZNF180,7733,0,4,108,112,Benign-only
ZNF181,339318,0,2,72,74,Benign-only
ZNF182,7569,0,2,26,28,Benign-only
ZNF184,7738,0,1,59,60,Benign-only
ZNF185,7739,0,15,92,107,Benign-only
ZNF189,7743,0,1,77,78,Benign-only
ZNF19,7567,0,1,57,58,Benign-only
ZNF195,7748,0,1,59,60,Benign-only
ZNF197,10168,0,4,135,139,Benign-only
ZNF2,7549,0,1,12,13,Benign-only
ZNF20,7568,0,2,53,55,Benign-only
ZNF200,7752,0,2,66,68,Benign-only
ZNF202,7753,0,6,70,76,Benign-only
ZNF205,7755,0,6,81,87,Benign-only
ZNF207,7756,0,0,46,46,VUS/Other-only
ZNF208,7757,0,14,260,274,Benign-only
ZNF211,10520,0,5,69,74,Benign-only
ZNF212,7988,0,5,81,86,Benign-only
ZNF213,7760,0,12,72,84,Benign-only
ZNF214,7761,0,7,75,82,Benign-only
ZNF215,7762,0,14,81,95,Benign-only
ZNF217,7764,0,21,124,145,Benign-only
ZNF219,51222,0,3,107,110,Benign-only
ZNF22,7570,0,1,23,24,Benign-only
ZNF221,7638,0,1,99,100,Benign-only
ZNF222,7673,0,5,66,71,Benign-only
ZNF223,7766,0,5,72,77,Benign-only
ZNF224,7767,0,21,89,110,Benign-only
ZNF225,7768,0,9,86,95,Benign-only
ZNF226,7769,0,8,130,138,Benign-only
ZNF227,7770,0,4,99,103,Benign-only
ZNF229,7772,0,16,137,153,Benign-only
ZNF23,7571,0,3,72,75,Benign-only
ZNF230,7773,0,7,67,74,Benign-only
ZNF232,7775,0,2,74,76,Benign-only
ZNF233,353355,0,7,79,86,Benign-only
ZNF234,10780,0,4,72,76,Benign-only
ZNF235,9310,0,6,79,85,Benign-only
ZNF236,7776,0,36,207,243,Benign-only
ZNF239,8187,0,5,61,66,Benign-only
ZNF24,7572,0,0,29,29,VUS/Other-only
ZNF248,57209,0,4,61,65,Benign-only
ZNF25,219749,0,1,55,56,Benign-only
ZNF250,58500,0,3,49,52,Benign-only
ZNF251,90987,0,6,95,101,Benign-only
ZNF253,56242,0,4,62,66,Benign-only
ZNF254,9534,0,3,134,137,Benign-only
ZNF256,10172,0,9,71,80,Benign-only
ZNF257,113835,0,1,85,86,Benign-only
ZNF26,7574,0,1,20,21,Benign-only
ZNF260,339324,0,0,54,54,VUS/Other-only
ZNF263,10127,0,5,102,107,Benign-only
ZNF264,9422,0,5,98,103,Benign-only
ZNF266,10781,0,1,95,96,Benign-only
ZNF267,10308,0,4,80,84,Benign-only
ZNF268,10795,0,14,150,164,Benign-only
ZNF26;ZNF84,-1,0,1,0,1,Benign-only
ZNF273,10793,0,3,75,78,Benign-only
ZNF274,10782,0,1,29,30,Benign-only
ZNF275,10838,0,2,31,33,Benign-only
ZNF276,92822,0,8,149,157,Benign-only
ZNF276;FANCA,-1,1,1,0,2,Multiclass
ZNF277,11179,0,9,43,52,Benign-only
ZNF28,7576,0,12,126,138,Benign-only
ZNF280A,129025,0,11,73,84,Benign-only
ZNF280B,140883,0,25,58,83,Benign-only
ZNF280C,55609,0,9,49,58,Benign-only
ZNF280D,54816,0,5,104,109,Benign-only
ZNF281,23528,0,5,98,103,Benign-only
ZNF282,8427,0,2,85,87,Benign-only
ZNF283,284349,0,2,72,74,Benign-only
ZNF284,342909,0,4,84,88,Benign-only
ZNF285,26974,0,18,92,110,Benign-only
ZNF286A,57335,0,5,72,77,Benign-only
ZNF287,57336,0,5,53,58,Benign-only
ZNF292,23036,93,224,493,810,Multiclass
ZNF296,162979,0,5,52,57,Benign-only
ZNF3,7551,0,3,46,49,Benign-only
ZNF30,90075,0,3,88,91,Benign-only
ZNF300,91975,0,6,65,71,Benign-only
ZNF302,55900,0,8,65,73,Benign-only
ZNF304,57343,0,9,79,88,Benign-only
ZNF311,282890,0,3,76,79,Benign-only
ZNF316,100131017,0,2,0,2,Benign-only
ZNF317,57693,0,5,79,84,Benign-only
ZNF318,24149,0,25,325,350,Benign-only
ZNF319,57567,0,5,65,70,Benign-only
ZNF32,7580,0,0,29,29,VUS/Other-only
ZNF320,162967,0,4,57,61,Benign-only
ZNF322,79692,0,2,24,26,Benign-only
ZNF324,25799,0,8,114,122,Benign-only
ZNF324B,388569,0,12,87,99,Benign-only
ZNF326,284695,0,2,59,61,Benign-only
ZNF329,79673,0,4,83,87,Benign-only
ZNF330,27309,0,0,27,27,VUS/Other-only
ZNF331,55422,0,5,34,39,Benign-only
ZNF333,84449,0,4,93,97,Benign-only
ZNF334,55713,0,1,99,100,Benign-only
ZNF335,63925,25,303,366,694,Multiclass
ZNF337,26152,0,1,127,128,Benign-only
ZNF33A,7581,0,6,115,121,Benign-only
ZNF33B,7582,0,5,124,129,Benign-only
ZNF34,80778,0,4,62,66,Benign-only
ZNF341,84905,27,364,318,709,Multiclass
ZNF343,79175,0,15,91,106,Benign-only
ZNF345,25850,0,5,64,69,Benign-only
ZNF346,23567,0,2,37,39,Benign-only
ZNF347,84671,0,7,128,135,Benign-only
ZNF35,7584,0,0,65,65,VUS/Other-only
ZNF350,59348,0,7,66,73,Benign-only
ZNF354A,6940,0,6,69,75,Benign-only
ZNF354B,117608,0,3,72,75,Benign-only
ZNF354C,30832,0,2,60,62,Benign-only
ZNF358,140467,0,10,78,88,Benign-only
ZNF362,149076,0,1,40,41,Benign-only
ZNF365,22891,0,28,30,58,Benign-only
ZNF366,167465,0,4,130,134,Benign-only
ZNF367,195828,0,0,31,31,VUS/Other-only
ZNF37A,7587,0,1,80,81,Benign-only
ZNF382,84911,0,5,65,70,Benign-only
ZNF383,163087,0,1,55,56,Benign-only
ZNF384,171017,0,4,63,67,Benign-only
ZNF385A,25946,0,4,32,36,Benign-only
ZNF385B,151126,0,6,69,75,Benign-only
ZNF385C,201181,0,1,4,5,Benign-only
ZNF385D,79750,0,1,68,69,Benign-only
ZNF391,346157,0,4,39,43,Benign-only
ZNF394,84124,0,2,81,83,Benign-only
ZNF395,55893,0,3,68,71,Benign-only
ZNF396,252884,0,3,37,40,Benign-only
ZNF397,84307,0,1,65,66,Benign-only
ZNF398,57541,0,3,86,89,Benign-only
ZNF3;ZSCAN21,-1,0,0,1,1,VUS/Other-only
ZNF404,342908,0,8,80,88,Benign-only
ZNF407,55628,0,114,392,506,Benign-only
ZNF408,79797,8,202,425,635,Multiclass
ZNF41,7592,0,21,82,103,Benign-only
ZNF410,57862,0,2,47,49,Benign-only
ZNF414,84330,0,5,72,77,Benign-only
ZNF415,55786,0,6,88,94,Benign-only
ZNF416,55659,0,9,59,68,Benign-only
ZNF417,147687,0,13,90,103,Benign-only
ZNF418,147686,0,8,101,109,Benign-only
ZNF419,79744,0,8,81,89,Benign-only
ZNF420,147923,0,1,67,68,Benign-only
ZNF423,23090,3,449,488,940,Multiclass
ZNF425,155054,0,6,106,112,Benign-only
ZNF426,79088,0,2,87,89,Benign-only
ZNF428,126299,0,0,30,30,VUS/Other-only
ZNF429,353088,0,9,86,95,Benign-only
ZNF43,7594,0,2,6,8,Benign-only
ZNF430,80264,0,0,70,70,VUS/Other-only
ZNF431,170959,0,2,74,76,Benign-only
ZNF432,9668,0,7,97,104,Benign-only
ZNF433,163059,0,1,94,95,Benign-only
ZNF436,80818,0,2,50,52,Benign-only
ZNF438,220929,0,15,116,131,Benign-only
ZNF439,90594,0,13,58,71,Benign-only
ZNF44,51710,0,5,89,94,Benign-only
ZNF440,126070,0,15,83,98,Benign-only
ZNF441,126068,0,4,73,77,Benign-only
ZNF442,79973,0,3,86,89,Benign-only
ZNF443,10224,0,9,126,135,Benign-only
ZNF444,55311,0,2,51,53,Benign-only
ZNF445,353274,0,8,126,134,Benign-only
ZNF446,55663,0,4,97,101,Benign-only
ZNF449,203523,0,2,23,25,Benign-only
ZNF45,7596,0,3,85,88,Benign-only
ZNF451,26036,0,8,98,106,Benign-only
ZNF454,285676,0,1,51,52,Benign-only
ZNF460,10794,0,6,47,53,Benign-only
ZNF461,92283,0,1,65,66,Benign-only
ZNF462,58499,73,171,455,699,Multiclass
ZNF467,168544,0,9,127,136,Benign-only
ZNF468,90333,0,7,83,90,Benign-only
ZNF469,84627,183,2395,2287,4865,Multiclass
ZNF470,388566,0,6,125,131,Benign-only
ZNF471,57573,0,7,84,91,Benign-only
ZNF473,25888,0,20,104,124,Benign-only
ZNF474,133923,0,8,66,74,Benign-only
ZNF479,90827,0,2,81,83,Benign-only
ZNF48,197407,0,1,94,95,Benign-only
ZNF480,147657,0,3,61,64,Benign-only
ZNF483,158399,0,10,56,66,Benign-only
ZNF484,83744,0,5,102,107,Benign-only
ZNF485,220992,0,8,62,70,Benign-only
ZNF486,90649,0,3,111,114,Benign-only
ZNF488,118738,0,9,60,69,Benign-only
ZNF490,57474,0,4,61,65,Benign-only
ZNF491,126069,0,4,68,72,Benign-only
ZNF492,57615,0,4,96,100,Benign-only
ZNF493,284443,0,5,111,116,Benign-only
ZNF496,84838,2,4,84,90,Multiclass
ZNF497,162968,0,3,112,115,Benign-only
ZNF500,26048,0,6,130,136,Benign-only
ZNF501,115560,0,0,48,48,VUS/Other-only
ZNF502,91392,0,3,66,69,Benign-only
ZNF503,84858,0,3,117,120,Benign-only
ZNF506,440515,0,2,56,58,Benign-only
ZNF507,22847,0,10,126,136,Benign-only
ZNF510,22869,0,7,88,95,Benign-only
ZNF511,118472,0,2,53,55,Benign-only
ZNF512,84450,0,2,44,46,Benign-only
ZNF512B,57473,0,8,126,134,Benign-only
ZNF513,130557,1,159,317,477,Multiclass
ZNF514,84874,0,2,61,63,Benign-only
ZNF516,9658,0,19,211,230,Benign-only
ZNF517,340385,0,4,106,110,Benign-only
ZNF518A,9849,0,20,170,190,Benign-only
ZNF518B,85460,0,15,170,185,Benign-only
ZNF519,162655,0,3,68,71,Benign-only
ZNF521,25925,0,4,131,135,Benign-only
ZNF524,147807,0,3,45,48,Benign-only
ZNF526,116115,2,16,122,140,Multiclass
ZNF527,84503,0,4,55,59,Benign-only
ZNF528,84436,0,12,109,121,Benign-only
ZNF529,57711,0,5,69,74,Benign-only
ZNF530,348327,0,12,64,76,Benign-only
ZNF532,55205,0,15,133,148,Benign-only
ZNF534,147658,0,7,100,107,Benign-only
ZNF536,9745,0,22,158,180,Benign-only
ZNF540,163255,0,4,83,87,Benign-only
ZNF541,84215,0,2,0,2,Benign-only
ZNF543,125919,0,6,119,125,Benign-only
ZNF544,27300,0,12,124,136,Benign-only
ZNF546,339327,0,6,126,132,Benign-only
ZNF547,284306,0,3,56,59,Benign-only
ZNF548,147694,0,9,54,63,Benign-only
ZNF549,256051,0,1,85,86,Benign-only
ZNF551,90233,0,5,92,97,Benign-only
ZNF552,79818,0,2,43,45,Benign-only
ZNF554,115196,0,4,76,80,Benign-only
ZNF555,148254,0,3,79,82,Benign-only
ZNF556,80032,0,12,75,87,Benign-only
ZNF557,79230,0,16,51,67,Benign-only
ZNF558,148156,0,2,36,38,Benign-only
ZNF559,84527,0,4,118,122,Benign-only
ZNF559-ZNF177,100529215,0,0,3,3,VUS/Other-only
ZNF560,147741,0,6,117,123,Benign-only
ZNF561,93134,0,9,83,92,Benign-only
ZNF562,54811,0,6,54,60,Benign-only
ZNF563,147837,0,4,78,82,Benign-only
ZNF564,163050,0,1,74,75,Benign-only
ZNF565,147929,0,6,54,60,Benign-only
ZNF566,84924,0,3,43,46,Benign-only
ZNF567,163081,0,2,49,51,Benign-only
ZNF568,374900,0,4,72,76,Benign-only
ZNF569,148266,0,1,68,69,Benign-only
ZNF57,126295,0,5,94,99,Benign-only
ZNF570,148268,0,1,58,59,Benign-only
ZNF571,51276,0,4,101,105,Benign-only
ZNF572,137209,0,3,71,74,Benign-only
ZNF573,126231,0,7,92,99,Benign-only
ZNF574,64763,0,2,139,141,Benign-only
ZNF575,284346,0,1,47,48,Benign-only
ZNF576,79177,0,1,25,26,Benign-only
ZNF577,84765,0,6,76,82,Benign-only
ZNF578,147660,0,7,101,108,Benign-only
ZNF579,163033,0,0,79,79,VUS/Other-only
ZNF580,51157,0,2,25,27,Benign-only
ZNF581,51545,0,0,31,31,VUS/Other-only
ZNF582,147948,0,8,60,68,Benign-only
ZNF583,147949,0,5,51,56,Benign-only
ZNF584,201514,0,4,52,56,Benign-only
ZNF585A,199704,0,6,67,73,Benign-only
ZNF585B,92285,0,11,92,103,Benign-only
ZNF586,54807,0,15,45,60,Benign-only
ZNF587,84914,0,12,78,90,Benign-only
ZNF587B,100293516,0,7,62,69,Benign-only
ZNF589,51385,0,4,47,51,Benign-only
ZNF592,9640,0,21,182,203,Benign-only
ZNF593,51042,0,0,18,18,VUS/Other-only
ZNF594,84622,0,12,136,148,Benign-only
ZNF595,152687,0,7,15,22,Benign-only
ZNF596,169270,0,6,105,111,Benign-only
ZNF597,146434,0,6,53,59,Benign-only
ZNF598,90850,0,8,75,83,Benign-only
ZNF599,148103,0,6,91,97,Benign-only
ZNF600,162966,0,24,128,152,Benign-only
ZNF605,100289635,0,4,29,33,Benign-only
ZNF606,80095,0,6,93,99,Benign-only
ZNF607,84775,0,6,104,110,Benign-only
ZNF608,57507,0,4,173,177,Benign-only
ZNF609,23060,0,8,210,218,Benign-only
ZNF610,162963,0,2,66,68,Benign-only
ZNF611,81856,0,10,131,141,Benign-only
ZNF613,79898,0,7,79,86,Benign-only
ZNF614,80110,0,6,69,75,Benign-only
ZNF615,284370,0,2,91,93,Benign-only
ZNF616,90317,0,10,134,144,Benign-only
ZNF618,114991,0,3,121,124,Benign-only
ZNF619,285267,0,5,88,93,Benign-only
ZNF620,253639,0,2,36,38,Benign-only
ZNF621,285268,0,5,56,61,Benign-only
ZNF622,90441,0,6,62,68,Benign-only
ZNF623,9831,0,5,48,53,Benign-only
ZNF624,57547,0,6,71,77,Benign-only
ZNF625,90589,0,0,36,36,VUS/Other-only
ZNF626,199777,0,5,91,96,Benign-only
ZNF627,199692,0,0,65,65,VUS/Other-only
ZNF628,89887,0,1,64,65,Benign-only
ZNF629,23361,0,7,94,101,Benign-only
ZNF630,57232,0,5,50,55,Benign-only
ZNF638,27332,0,22,274,296,Benign-only
ZNF639,51193,0,0,41,41,VUS/Other-only
ZNF641,121274,0,2,54,56,Benign-only
ZNF644,84146,0,23,175,198,Benign-only
ZNF646,9726,0,24,304,328,Benign-only
ZNF648,127665,0,1,92,93,Benign-only
ZNF649,65251,0,7,40,47,Benign-only
ZNF652,22834,0,1,75,76,Benign-only
ZNF653,115950,0,8,101,109,Benign-only
ZNF654,55279,0,1,49,50,Benign-only
ZNF655,79027,0,7,74,81,Benign-only
ZNF658,26149,0,14,182,196,Benign-only
ZNF66,7617,0,4,0,4,Benign-only
ZNF660,285349,0,0,45,45,VUS/Other-only
ZNF660;ZNF660-ZNF197;ZKSCAN7-AS1,-1,0,0,1,1,VUS/Other-only
ZNF662,389114,0,8,75,83,Benign-only
ZNF664,144348,0,1,17,18,Benign-only
ZNF665,79788,0,13,109,122,Benign-only
ZNF667,63934,0,6,43,49,Benign-only
ZNF668,79759,1,7,85,93,Multiclass
ZNF669,79862,0,2,73,75,Benign-only
ZNF670,93474,0,2,55,57,Benign-only
ZNF671,79891,0,4,72,76,Benign-only
ZNF672,79894,0,4,97,101,Benign-only
ZNF674,641339,0,10,50,60,Benign-only
ZNF675,171392,0,0,72,72,VUS/Other-only
ZNF676,163223,0,11,87,98,Benign-only
ZNF677,342926,0,8,85,93,Benign-only
ZNF678,339500,0,1,75,76,Benign-only
ZNF679,168417,0,3,71,74,Benign-only
ZNF680,340252,0,0,68,68,VUS/Other-only
ZNF681,148213,0,5,83,88,Benign-only
ZNF682,91120,0,1,61,62,Benign-only
ZNF683,257101,0,8,79,87,Benign-only
ZNF684,127396,0,3,46,49,Benign-only
ZNF687,57592,0,209,371,580,Benign-only
ZNF688,146542,0,0,41,41,VUS/Other-only
ZNF689,115509,0,2,49,51,Benign-only
ZNF69,7620,0,2,12,14,Benign-only
ZNF691,51058,0,2,46,48,Benign-only
ZNF692,55657,0,4,85,89,Benign-only
ZNF695,57116,0,2,77,79,Benign-only
ZNF696,79943,0,3,72,75,Benign-only
ZNF697,90874,0,6,89,95,Benign-only
ZNF699,374879,10,13,79,102,Multiclass
ZNF7,7553,0,3,98,101,Benign-only
ZNF70,7621,0,3,80,83,Benign-only
ZNF700,90592,0,11,125,136,Benign-only
ZNF701,55762,0,7,105,112,Benign-only
ZNF703,80139,0,0,91,91,VUS/Other-only
ZNF704,619279,0,0,47,47,VUS/Other-only
ZNF705A,440077,0,0,44,44,VUS/Other-only
ZNF705B,100132396,0,1,17,18,Benign-only
ZNF705D,728957,0,1,28,29,Benign-only
ZNF705G,100131980,0,8,83,91,Benign-only
ZNF707,286075,0,6,68,74,Benign-only
ZNF708,7562,0,0,68,68,VUS/Other-only
ZNF709,163051,0,2,51,53,Benign-only
ZNF71,58491,0,3,75,78,Benign-only
ZNF710,374655,0,5,85,90,Benign-only
ZNF711,7552,14,41,138,193,Multiclass
ZNF713,349075,0,2,39,41,Benign-only
ZNF714,148206,0,4,5,9,Benign-only
ZNF716,441234,0,8,70,78,Benign-only
ZNF717,100131827,0,9,2,11,Benign-only
ZNF721,170960,0,11,169,180,Benign-only
ZNF726,730087,0,1,0,1,Benign-only
ZNF727,442319,0,10,71,81,Benign-only
ZNF728,388523,0,1,0,1,Benign-only
ZNF729,100287226,0,11,198,209,Benign-only
ZNF730,100129543,0,1,0,1,Benign-only
ZNF732,654254,0,9,96,105,Benign-only
ZNF735,730291,0,7,60,67,Benign-only
ZNF736,728927,0,5,56,61,Benign-only
ZNF737,100129842,0,5,100,105,Benign-only
ZNF74,7625,0,6,93,99,Benign-only
ZNF740,283337,0,1,16,17,Benign-only
ZNF746,155061,0,4,93,97,Benign-only
ZNF747,65988,0,4,37,41,Benign-only
ZNF749,388567,0,8,111,119,Benign-only
ZNF750,79755,0,33,123,156,Benign-only
ZNF75A,7627,0,3,30,33,Benign-only
ZNF75D,7626,0,14,42,56,Benign-only
ZNF76,7629,0,3,93,96,Benign-only
ZNF761,388561,0,2,21,23,Benign-only
ZNF763,284390,0,9,62,71,Benign-only
ZNF764,92595,0,6,79,85,Benign-only
ZNF765,91661,0,4,81,85,Benign-only
ZNF766,90321,1,0,55,56,Pathogenic-only
ZNF768,79724,0,5,68,73,Benign-only
ZNF77,58492,0,7,113,120,Benign-only
ZNF770,54989,0,6,79,85,Benign-only
ZNF771,51333,0,1,34,35,Benign-only
ZNF772,400720,0,5,61,66,Benign-only
ZNF773,374928,0,4,84,88,Benign-only
ZNF774,342132,0,5,80,85,Benign-only
ZNF775,285971,0,5,110,115,Benign-only
ZNF776,284309,0,1,63,64,Benign-only
ZNF777,27153,0,5,104,109,Benign-only
ZNF778,197320,0,26,189,215,Benign-only
ZNF780A,284323,0,4,102,106,Benign-only
ZNF780B,163131,0,6,108,114,Benign-only
ZNF781,163115,0,2,40,42,Benign-only
ZNF782,158431,0,5,87,92,Benign-only
ZNF783,100289678,0,8,122,130,Benign-only
ZNF784,147808,0,3,59,62,Benign-only
ZNF785,146540,0,2,56,58,Benign-only
ZNF786,136051,0,14,138,152,Benign-only
ZNF787,126208,0,5,48,53,Benign-only
ZNF789,285989,0,1,56,57,Benign-only
ZNF79,7633,0,3,76,79,Benign-only
ZNF790,388536,0,0,82,82,VUS/Other-only
ZNF791,163049,0,8,47,55,Benign-only
ZNF792,126375,0,10,101,111,Benign-only
ZNF793,390927,0,4,60,64,Benign-only
ZNF799,90576,0,5,112,117,Benign-only
ZNF8,7554,0,5,79,84,Benign-only
ZNF80,7634,0,9,34,43,Benign-only
ZNF800,168850,0,4,61,65,Benign-only
ZNF804A,91752,1,22,158,181,Multiclass
ZNF804B,219578,0,31,171,202,Benign-only
ZNF805,390980,0,4,74,78,Benign-only
ZNF806,646915,0,1,0,1,Benign-only
ZNF808,388558,4,22,148,174,Multiclass
ZNF81,347344,0,15,53,68,Benign-only
ZNF813,126017,0,6,113,119,Benign-only
ZNF814,730051,0,9,157,166,Benign-only
ZNF816,125893,0,11,91,102,Benign-only
ZNF816-ZNF321P,100529240,0,1,40,41,Benign-only
ZNF821,55565,0,1,44,45,Benign-only
ZNF823,55552,0,2,69,71,Benign-only
ZNF827,152485,0,6,126,132,Benign-only
ZNF829,374899,0,6,57,63,Benign-only
ZNF83,55769,0,6,64,70,Benign-only
ZNF830,91603,0,2,55,57,Benign-only
ZNF831,128611,0,37,230,267,Benign-only
ZNF835,90485,0,4,89,93,Benign-only
ZNF836,162962,0,4,119,123,Benign-only
ZNF839,55778,0,29,135,164,Benign-only
ZNF84,7637,0,6,17,23,Benign-only
ZNF841,284371,0,6,117,123,Benign-only
ZNF843,283933,0,4,63,67,Benign-only
ZNF844,284391,0,11,100,111,Benign-only
ZNF845,91664,0,10,153,163,Benign-only
ZNF846,162993,0,5,71,76,Benign-only
ZNF85,7639,0,1,87,88,Benign-only
ZNF850,342892,0,8,137,145,Benign-only
ZNF852,285346,0,2,0,2,Benign-only
ZNF853,54753,0,2,117,119,Benign-only
ZNF860,344787,0,8,89,97,Benign-only
ZNF862,643641,1,19,212,232,Multiclass
ZNF865,100507290,1,4,148,153,Multiclass
ZNF875,284459,0,11,101,112,Benign-only
ZNF878,729747,0,2,68,70,Benign-only
ZNF879,345462,0,7,68,75,Benign-only
ZNF880,400713,0,4,90,94,Benign-only
ZNF883,169834,0,1,0,1,Benign-only
ZNF888,388559,0,2,0,2,Benign-only
ZNF90,7643,0,7,121,128,Benign-only
ZNF91,7644,0,11,171,182,Benign-only
ZNF92,168374,0,1,78,79,Benign-only
ZNF93,81931,0,6,99,105,Benign-only
ZNF98,148198,0,10,89,99,Benign-only
ZNF99,7652,0,21,152,173,Benign-only
ZNFX1,57169,6,33,248,287,Multiclass
ZNG1A,55871,0,7,82,89,Benign-only
ZNG1B,150472,0,3,49,52,Benign-only
ZNG1C,445571,0,1,30,31,Benign-only
ZNG1E,220869,0,3,15,18,Benign-only
ZNG1F,644019,0,3,32,35,Benign-only
ZNHIT1,10467,0,1,22,23,Benign-only
ZNHIT2,741,0,5,96,101,Benign-only
ZNHIT3,9326,3,8,34,45,Multiclass
ZNHIT6,54680,0,5,62,67,Benign-only
ZNRD2,10534,0,2,26,28,Benign-only
ZNRF1,84937,0,8,28,36,Benign-only
ZNRF2,223082,0,1,52,53,Benign-only
ZNRF3,84133,7,13,127,147,Multiclass
ZNRF4,148066,0,4,86,90,Benign-only
ZP1,22917,11,18,115,144,Multiclass
ZP2,7783,6,22,121,149,Multiclass
ZP3,7784,2,22,78,102,Multiclass
ZP4,57829,0,17,83,100,Benign-only
ZPBP,11055,0,8,38,46,Benign-only
ZPBP2,124626,0,4,30,34,Benign-only
ZPLD1,131368,0,6,57,63,Benign-only
ZPR1,8882,0,7,66,73,Benign-only
ZRANB1,54764,0,2,57,59,Benign-only
ZRANB2,9406,0,0,29,29,VUS/Other-only
ZRANB3,84083,0,13,136,149,Benign-only
ZRSR2,8233,5,14,33,52,Multiclass
ZSCAN1,284312,0,6,75,81,Benign-only
ZSCAN10,84891,3,23,136,162,Multiclass
ZSCAN12,9753,0,2,76,78,Benign-only
ZSCAN16,80345,0,2,41,43,Benign-only
ZSCAN18,65982,0,6,84,90,Benign-only
ZSCAN2,54993,0,6,99,105,Benign-only
ZSCAN20,7579,0,6,127,133,Benign-only
ZSCAN21,7589,0,8,67,75,Benign-only
ZSCAN22,342945,0,4,75,79,Benign-only
ZSCAN23,222696,0,4,52,56,Benign-only
ZSCAN25,221785,0,3,71,74,Benign-only
ZSCAN26,7741,0,4,11,15,Benign-only
ZSCAN29,146050,0,6,113,119,Benign-only
ZSCAN30,100101467,0,5,69,74,Benign-only
ZSCAN31,64288,0,3,33,36,Benign-only
ZSCAN32,54925,0,5,88,93,Benign-only
ZSCAN4,201516,0,7,44,51,Benign-only
ZSCAN5A,79149,0,11,89,100,Benign-only
ZSCAN5B,342933,0,15,119,134,Benign-only
ZSCAN5C,649137,0,5,0,5,Benign-only
ZSCAN9,7746,0,2,61,63,Benign-only
ZSWIM1,90204,0,1,60,61,Benign-only
ZSWIM2,151112,0,5,77,82,Benign-only
ZSWIM3,140831,0,6,77,83,Benign-only
ZSWIM4,65249,0,5,140,145,Benign-only
ZSWIM5,57643,0,3,149,152,Benign-only
ZSWIM6,57688,5,494,481,980,Multiclass
ZSWIM7,125150,1,1,19,21,Multiclass
ZSWIM8,23053,0,8,186,194,Benign-only
ZUP1,221302,0,2,67,69,Benign-only
ZW10,9183,0,4,99,103,Benign-only
ZWILCH,55055,0,7,73,80,Benign-only
ZWINT,11130,0,4,51,55,Benign-only
ZXDA,7789,0,15,77,92,Benign-only
ZXDB,158586,0,14,106,120,Benign-only
ZXDC,79364,0,9,153,162,Benign-only
ZYG11A,440590,0,4,110,114,Benign-only
ZYG11B,79699,1,0,54,55,Pathogenic-only
ZYX,7791,0,13,94,107,Benign-only
ZZEF1,23140,0,28,428,456,Benign-only
ZZZ3,26009,0,7,105,112,Benign-only
"covers 10 genes, none of which curated to show dosage sensitivity",-1,11,25,58,94,Multiclass
"covers 101 genes, none of which curated to show dosage sensitivity",-1,2,0,4,6,Pathogenic-only
"covers 102 genes, none of which curated to show dosage sensitivity",-1,4,0,1,5,Pathogenic-only
"covers 103 genes, none of which curated to show dosage sensitivity",-1,2,0,1,3,Pathogenic-only
"covers 104 genes, none of which curated to show dosage sensitivity",-1,2,0,1,3,Pathogenic-only
"covers 106 genes, none of which curated to show dosage sensitivity",-1,1,0,1,2,Pathogenic-only
"covers 107 genes, none of which curated to show dosage sensitivity",-1,4,0,1,5,Pathogenic-only
"covers 108 genes, none of which curated to show dosage sensitivity",-1,4,0,1,5,Pathogenic-only
"covers 109 genes, none of which curated to show dosage sensitivity",-1,3,0,1,4,Pathogenic-only
"covers 11 genes, none of which curated to show dosage sensitivity",-1,8,11,34,53,Multiclass
"covers 110 genes, none of which curated to show dosage sensitivity",-1,1,0,2,3,Pathogenic-only
"covers 111 genes, none of which curated to show dosage sensitivity",-1,5,0,0,5,Pathogenic-only
"covers 112 genes, none of which curated to show dosage sensitivity",-1,1,0,0,1,Pathogenic-only
"covers 113 genes, none of which curated to show dosage sensitivity",-1,2,0,0,2,Pathogenic-only
"covers 114 genes, none of which curated to show dosage sensitivity",-1,1,0,1,2,Pathogenic-only
"covers 115 genes, none of which curated to show dosage sensitivity",-1,1,0,0,1,Pathogenic-only
"covers 116 genes, none of which curated to show dosage sensitivity",-1,2,0,0,2,Pathogenic-only
"covers 117 genes, none of which curated to show dosage sensitivity",-1,3,0,0,3,Pathogenic-only
"covers 118 genes, none of which curated to show dosage sensitivity",-1,3,0,1,4,Pathogenic-only
"covers 119 genes, none of which curated to show dosage sensitivity",-1,2,0,0,2,Pathogenic-only
"covers 12 genes, none of which curated to show dosage sensitivity",-1,10,6,28,44,Multiclass
"covers 120 genes, none of which curated to show dosage sensitivity",-1,2,0,1,3,Pathogenic-only
"covers 121 genes, none of which curated to show dosage sensitivity",-1,1,0,0,1,Pathogenic-only
"covers 122 genes, none of which curated to show dosage sensitivity",-1,2,0,1,3,Pathogenic-only
"covers 123 genes, none of which curated to show dosage sensitivity",-1,4,0,0,4,Pathogenic-only
"covers 124 genes, none of which curated to show dosage sensitivity",-1,1,0,0,1,Pathogenic-only
"covers 125 genes, none of which curated to show dosage sensitivity",-1,2,1,1,4,Multiclass
"covers 127 genes, none of which curated to show dosage sensitivity",-1,2,0,0,2,Pathogenic-only
"covers 128 genes, none of which curated to show dosage sensitivity",-1,2,0,0,2,Pathogenic-only
"covers 129 genes, none of which curated to show dosage sensitivity",-1,2,0,0,2,Pathogenic-only
"covers 13 genes, none of which curated to show dosage sensitivity",-1,14,2,43,59,Multiclass
"covers 131 genes, none of which curated to show dosage sensitivity",-1,3,0,0,3,Pathogenic-only
"covers 133 genes, none of which curated to show dosage sensitivity",-1,3,0,1,4,Pathogenic-only
"covers 134 genes, none of which curated to show dosage sensitivity",-1,3,0,0,3,Pathogenic-only
"covers 137 genes, none of which curated to show dosage sensitivity",-1,2,0,0,2,Pathogenic-only
"covers 138 genes, none of which curated to show dosage sensitivity",-1,1,0,0,1,Pathogenic-only
"covers 14 genes, none of which curated to show dosage sensitivity",-1,4,5,32,41,Multiclass
"covers 140 genes, none of which curated to show dosage sensitivity",-1,1,0,1,2,Pathogenic-only
"covers 141 genes, none of which curated to show dosage sensitivity",-1,1,0,0,1,Pathogenic-only
"covers 142 genes, none of which curated to show dosage sensitivity",-1,1,0,1,2,Pathogenic-only
"covers 143 genes, none of which curated to show dosage sensitivity",-1,2,0,0,2,Pathogenic-only
"covers 144 genes, none of which curated to show dosage sensitivity",-1,1,0,1,2,Pathogenic-only
"covers 145 genes, none of which curated to show dosage sensitivity",-1,1,0,0,1,Pathogenic-only
"covers 149 genes, none of which curated to show dosage sensitivity",-1,2,0,0,2,Pathogenic-only
"covers 15 genes, none of which curated to show dosage sensitivity",-1,5,3,30,38,Multiclass
"covers 152 genes, none of which curated to show dosage sensitivity",-1,2,0,0,2,Pathogenic-only
"covers 153 genes, none of which curated to show dosage sensitivity",-1,1,0,0,1,Pathogenic-only
"covers 156 genes, none of which curated to show dosage sensitivity",-1,0,0,1,1,VUS/Other-only
"covers 157 genes, none of which curated to show dosage sensitivity",-1,1,0,0,1,Pathogenic-only
"covers 16 genes, none of which curated to show dosage sensitivity",-1,5,1,36,42,Multiclass
"covers 162 genes, none of which curated to show dosage sensitivity",-1,2,0,0,2,Pathogenic-only
"covers 163 genes, none of which curated to show dosage sensitivity",-1,1,0,0,1,Pathogenic-only
"covers 164 genes, none of which curated to show dosage sensitivity",-1,1,0,0,1,Pathogenic-only
"covers 166 genes, none of which curated to show dosage sensitivity",-1,2,0,0,2,Pathogenic-only
"covers 167 genes, none of which curated to show dosage sensitivity",-1,2,0,0,2,Pathogenic-only
"covers 168 genes, none of which curated to show dosage sensitivity",-1,1,0,0,1,Pathogenic-only
"covers 17 genes, none of which curated to show dosage sensitivity",-1,2,5,14,21,Multiclass
"covers 170 genes, none of which curated to show dosage sensitivity",-1,2,0,0,2,Pathogenic-only
"covers 172 genes, none of which curated to show dosage sensitivity",-1,1,0,0,1,Pathogenic-only
"covers 177 genes, none of which curated to show dosage sensitivity",-1,2,0,0,2,Pathogenic-only
"covers 179 genes, none of which curated to show dosage sensitivity",-1,1,0,0,1,Pathogenic-only
"covers 18 genes, none of which curated to show dosage sensitivity",-1,6,2,25,33,Multiclass
"covers 182 genes, none of which curated to show dosage sensitivity",-1,2,0,0,2,Pathogenic-only
"covers 184 genes, none of which curated to show dosage sensitivity",-1,1,0,0,1,Pathogenic-only
"covers 186 genes, none of which curated to show dosage sensitivity",-1,1,0,0,1,Pathogenic-only
"covers 188 genes, none of which curated to show dosage sensitivity",-1,1,0,0,1,Pathogenic-only
"covers 19 genes, none of which curated to show dosage sensitivity",-1,5,0,24,29,Pathogenic-only
"covers 195 genes, none of which curated to show dosage sensitivity",-1,0,0,1,1,VUS/Other-only
"covers 196 genes, none of which curated to show dosage sensitivity",-1,1,0,0,1,Pathogenic-only
"covers 197 genes, none of which curated to show dosage sensitivity",-1,1,0,0,1,Pathogenic-only
"covers 198 genes, none of which curated to show dosage sensitivity",-1,1,0,0,1,Pathogenic-only
"covers 20 genes, none of which curated to show dosage sensitivity",-1,11,4,25,40,Multiclass
"covers 200 genes, none of which curated to show dosage sensitivity",-1,2,0,0,2,Pathogenic-only
"covers 201 genes, none of which curated to show dosage sensitivity",-1,1,0,0,1,Pathogenic-only
"covers 206 genes, none of which curated to show dosage sensitivity",-1,0,0,2,2,VUS/Other-only
"covers 207 genes, none of which curated to show dosage sensitivity",-1,1,0,0,1,Pathogenic-only
"covers 208 genes, none of which curated to show dosage sensitivity",-1,3,0,0,3,Pathogenic-only
"covers 209 genes, none of which curated to show dosage sensitivity",-1,1,0,0,1,Pathogenic-only
"covers 21 genes, none of which curated to show dosage sensitivity",-1,8,0,21,29,Pathogenic-only
"covers 214 genes, none of which curated to show dosage sensitivity",-1,2,0,0,2,Pathogenic-only
"covers 216 genes, none of which curated to show dosage sensitivity",-1,1,0,0,1,Pathogenic-only
"covers 217 genes, none of which curated to show dosage sensitivity",-1,1,0,0,1,Pathogenic-only
"covers 22 genes, none of which curated to show dosage sensitivity",-1,13,3,23,39,Multiclass
"covers 221 genes, none of which curated to show dosage sensitivity",-1,2,0,0,2,Pathogenic-only
"covers 223 genes, none of which curated to show dosage sensitivity",-1,1,0,0,1,Pathogenic-only
"covers 225 genes, none of which curated to show dosage sensitivity",-1,1,0,0,1,Pathogenic-only
"covers 227 genes, none of which curated to show dosage sensitivity",-1,1,0,0,1,Pathogenic-only
"covers 229 genes, none of which curated to show dosage sensitivity",-1,1,0,0,1,Pathogenic-only
"covers 23 genes, none of which curated to show dosage sensitivity",-1,4,1,23,28,Multiclass
"covers 231 genes, none of which curated to show dosage sensitivity",-1,3,0,0,3,Pathogenic-only
"covers 232 genes, none of which curated to show dosage sensitivity",-1,2,0,0,2,Pathogenic-only
"covers 235 genes, none of which curated to show dosage sensitivity",-1,1,0,0,1,Pathogenic-only
"covers 24 genes, none of which curated to show dosage sensitivity",-1,5,0,21,26,Pathogenic-only
"covers 240 genes, none of which curated to show dosage sensitivity",-1,1,0,0,1,Pathogenic-only
"covers 243 genes, none of which curated to show dosage sensitivity",-1,2,0,0,2,Pathogenic-only
"covers 247 genes, none of which curated to show dosage sensitivity",-1,1,0,0,1,Pathogenic-only
"covers 25 genes, none of which curated to show dosage sensitivity",-1,7,1,17,25,Multiclass
"covers 250 genes, none of which curated to show dosage sensitivity",-1,1,0,0,1,Pathogenic-only
"covers 258 genes, none of which curated to show dosage sensitivity",-1,1,0,0,1,Pathogenic-only
"covers 26 genes, none of which curated to show dosage sensitivity",-1,10,0,12,22,Pathogenic-only
"covers 261 genes, none of which curated to show dosage sensitivity",-1,1,0,0,1,Pathogenic-only
"covers 27 genes, none of which curated to show dosage sensitivity",-1,2,1,17,20,Multiclass
"covers 270 genes, none of which curated to show dosage sensitivity",-1,1,0,0,1,Pathogenic-only
"covers 273 genes, none of which curated to show dosage sensitivity",-1,1,0,0,1,Pathogenic-only
"covers 28 genes, none of which curated to show dosage sensitivity",-1,5,3,8,16,Multiclass
"covers 281 genes, none of which curated to show dosage sensitivity",-1,1,0,0,1,Pathogenic-only
"covers 282 genes, none of which curated to show dosage sensitivity",-1,2,0,0,2,Pathogenic-only
"covers 29 genes, none of which curated to show dosage sensitivity",-1,6,2,13,21,Multiclass
"covers 293 genes, none of which curated to show dosage sensitivity",-1,3,0,0,3,Pathogenic-only
"covers 294 genes, none of which curated to show dosage sensitivity",-1,1,0,0,1,Pathogenic-only
"covers 296 genes, none of which curated to show dosage sensitivity",-1,1,0,0,1,Pathogenic-only
"covers 297 genes, none of which curated to show dosage sensitivity",-1,1,0,0,1,Pathogenic-only
"covers 298 genes, none of which curated to show dosage sensitivity",-1,1,0,0,1,Pathogenic-only
"covers 30 genes, none of which curated to show dosage sensitivity",-1,4,2,10,16,Multiclass
"covers 300 genes, none of which curated to show dosage sensitivity",-1,0,0,1,1,VUS/Other-only
"covers 306 genes, none of which curated to show dosage sensitivity",-1,2,0,0,2,Pathogenic-only
"covers 31 genes, none of which curated to show dosage sensitivity",-1,4,0,13,17,Pathogenic-only
"covers 310 genes, none of which curated to show dosage sensitivity",-1,1,0,0,1,Pathogenic-only
"covers 312 genes, none of which curated to show dosage sensitivity",-1,1,0,0,1,Pathogenic-only
"covers 318 genes, none of which curated to show dosage sensitivity",-1,1,0,0,1,Pathogenic-only
"covers 32 genes, none of which curated to show dosage sensitivity",-1,5,1,13,19,Multiclass
"covers 327 genes, none of which curated to show dosage sensitivity",-1,1,0,0,1,Pathogenic-only
"covers 328 genes, none of which curated to show dosage sensitivity",-1,1,0,0,1,Pathogenic-only
"covers 33 genes, none of which curated to show dosage sensitivity",-1,4,1,12,17,Multiclass
"covers 331 genes, none of which curated to show dosage sensitivity",-1,1,0,0,1,Pathogenic-only
"covers 335 genes, none of which curated to show dosage sensitivity",-1,1,0,0,1,Pathogenic-only
"covers 336 genes, none of which curated to show dosage sensitivity",-1,1,0,0,1,Pathogenic-only
"covers 34 genes, none of which curated to show dosage sensitivity",-1,10,0,12,22,Pathogenic-only
"covers 35 genes, none of which curated to show dosage sensitivity",-1,0,0,17,17,VUS/Other-only
"covers 352 genes, none of which curated to show dosage sensitivity",-1,1,0,0,1,Pathogenic-only
"covers 36 genes, none of which curated to show dosage sensitivity",-1,5,4,10,19,Multiclass
"covers 360 genes, none of which curated to show dosage sensitivity",-1,2,0,0,2,Pathogenic-only
"covers 362 genes, none of which curated to show dosage sensitivity",-1,1,0,0,1,Pathogenic-only
"covers 365 genes, none of which curated to show dosage sensitivity",-1,1,0,0,1,Pathogenic-only
"covers 37 genes, none of which curated to show dosage sensitivity",-1,11,2,12,25,Multiclass
"covers 374 genes, none of which curated to show dosage sensitivity",-1,2,0,0,2,Pathogenic-only
"covers 376 genes, none of which curated to show dosage sensitivity",-1,1,0,0,1,Pathogenic-only
"covers 377 genes, none of which curated to show dosage sensitivity",-1,1,0,0,1,Pathogenic-only
"covers 38 genes, none of which curated to show dosage sensitivity",-1,4,0,10,14,Pathogenic-only
"covers 380 genes, none of which curated to show dosage sensitivity",-1,1,0,0,1,Pathogenic-only
"covers 382 genes, none of which curated to show dosage sensitivity",-1,1,0,0,1,Pathogenic-only
"covers 388 genes, none of which curated to show dosage sensitivity",-1,1,0,0,1,Pathogenic-only
"covers 39 genes, none of which curated to show dosage sensitivity",-1,1,0,7,8,Pathogenic-only
"covers 390 genes, none of which curated to show dosage sensitivity",-1,1,0,0,1,Pathogenic-only
"covers 393 genes, none of which curated to show dosage sensitivity",-1,1,0,0,1,Pathogenic-only
"covers 40 genes, none of which curated to show dosage sensitivity",-1,4,1,4,9,Multiclass
"covers 403 genes, none of which curated to show dosage sensitivity",-1,1,0,0,1,Pathogenic-only
"covers 41 genes, none of which curated to show dosage sensitivity",-1,2,1,10,13,Multiclass
"covers 42 genes, none of which curated to show dosage sensitivity",-1,5,0,7,12,Pathogenic-only
"covers 43 genes, none of which curated to show dosage sensitivity",-1,1,3,6,10,Multiclass
"covers 434 genes, none of which curated to show dosage sensitivity",-1,1,0,0,1,Pathogenic-only
"covers 44 genes, none of which curated to show dosage sensitivity",-1,2,0,8,10,Pathogenic-only
"covers 45 genes, none of which curated to show dosage sensitivity",-1,8,1,7,16,Multiclass
"covers 459 genes, none of which curated to show dosage sensitivity",-1,1,0,0,1,Pathogenic-only
"covers 46 genes, none of which curated to show dosage sensitivity",-1,2,0,8,10,Pathogenic-only
"covers 47 genes, none of which curated to show dosage sensitivity",-1,2,1,10,13,Multiclass
"covers 48 genes, none of which curated to show dosage sensitivity",-1,4,0,9,13,Pathogenic-only
"covers 487 genes, none of which curated to show dosage sensitivity",-1,1,0,0,1,Pathogenic-only
"covers 49 genes, none of which curated to show dosage sensitivity",-1,2,0,8,10,Pathogenic-only
"covers 494 genes, none of which curated to show dosage sensitivity",-1,1,0,0,1,Pathogenic-only
"covers 50 genes, none of which curated to show dosage sensitivity",-1,4,0,6,10,Pathogenic-only
"covers 506 genes, none of which curated to show dosage sensitivity",-1,1,0,0,1,Pathogenic-only
"covers 51 genes, none of which curated to show dosage sensitivity",-1,3,0,6,9,Pathogenic-only
"covers 515 genes, none of which curated to show dosage sensitivity",-1,1,0,0,1,Pathogenic-only
"covers 516 genes, none of which curated to show dosage sensitivity",-1,1,0,0,1,Pathogenic-only
"covers 52 genes, none of which curated to show dosage sensitivity",-1,3,2,7,12,Multiclass
"covers 526 genes, none of which curated to show dosage sensitivity",-1,1,0,0,1,Pathogenic-only
"covers 528 genes, none of which curated to show dosage sensitivity",-1,1,0,0,1,Pathogenic-only
"covers 53 genes, none of which curated to show dosage sensitivity",-1,4,0,4,8,Pathogenic-only
"covers 54 genes, none of which curated to show dosage sensitivity",-1,3,1,3,7,Multiclass
"covers 55 genes, none of which curated to show dosage sensitivity",-1,6,0,2,8,Pathogenic-only
"covers 556 genes, none of which curated to show dosage sensitivity",-1,1,0,0,1,Pathogenic-only
"covers 56 genes, none of which curated to show dosage sensitivity",-1,5,0,5,10,Pathogenic-only
"covers 57 genes, none of which curated to show dosage sensitivity",-1,4,0,4,8,Pathogenic-only
"covers 572 genes, none of which curated to show dosage sensitivity",-1,1,0,0,1,Pathogenic-only
"covers 576 genes, none of which curated to show dosage sensitivity",-1,1,0,0,1,Pathogenic-only
"covers 577 genes, none of which curated to show dosage sensitivity",-1,1,0,0,1,Pathogenic-only
"covers 58 genes, none of which curated to show dosage sensitivity",-1,5,1,5,11,Multiclass
"covers 59 genes, none of which curated to show dosage sensitivity",-1,5,1,4,10,Multiclass
"covers 60 genes, none of which curated to show dosage sensitivity",-1,1,0,6,7,Pathogenic-only
"covers 61 genes, none of which curated to show dosage sensitivity",-1,1,0,5,6,Pathogenic-only
"covers 62 genes, none of which curated to show dosage sensitivity",-1,3,0,3,6,Pathogenic-only
"covers 628 genes, none of which curated to show dosage sensitivity",-1,1,0,0,1,Pathogenic-only
"covers 63 genes, none of which curated to show dosage sensitivity",-1,1,0,2,3,Pathogenic-only
"covers 64 genes, none of which curated to show dosage sensitivity",-1,5,0,3,8,Pathogenic-only
"covers 642 genes, none of which curated to show dosage sensitivity",-1,1,0,0,1,Pathogenic-only
"covers 65 genes, none of which curated to show dosage sensitivity",-1,1,0,3,4,Pathogenic-only
"covers 66 genes, none of which curated to show dosage sensitivity",-1,2,0,2,4,Pathogenic-only
"covers 67 genes, none of which curated to show dosage sensitivity",-1,1,0,3,4,Pathogenic-only
"covers 670 genes, none of which curated to show dosage sensitivity",-1,1,0,0,1,Pathogenic-only
"covers 68 genes, none of which curated to show dosage sensitivity",-1,2,0,8,10,Pathogenic-only
"covers 69 genes, none of which curated to show dosage sensitivity",-1,2,0,1,3,Pathogenic-only
"covers 698 genes, none of which curated to show dosage sensitivity",-1,1,0,0,1,Pathogenic-only
"covers 70 genes, none of which curated to show dosage sensitivity",-1,4,0,1,5,Pathogenic-only
"covers 71 genes, none of which curated to show dosage sensitivity",-1,3,0,1,4,Pathogenic-only
"covers 710 genes, none of which curated to show dosage sensitivity",-1,1,0,0,1,Pathogenic-only
"covers 72 genes, none of which curated to show dosage sensitivity",-1,2,0,1,3,Pathogenic-only
"covers 73 genes, none of which curated to show dosage sensitivity",-1,1,0,2,3,Pathogenic-only
"covers 74 genes, none of which curated to show dosage sensitivity",-1,4,0,1,5,Pathogenic-only
"covers 75 genes, none of which curated to show dosage sensitivity",-1,4,0,5,9,Pathogenic-only
"covers 76 genes, none of which curated to show dosage sensitivity",-1,1,0,1,2,Pathogenic-only
"covers 77 genes, none of which curated to show dosage sensitivity",-1,3,0,5,8,Pathogenic-only
"covers 78 genes, none of which curated to show dosage sensitivity",-1,2,0,0,2,Pathogenic-only
"covers 79 genes, none of which curated to show dosage sensitivity",-1,3,0,1,4,Pathogenic-only
"covers 80 genes, none of which curated to show dosage sensitivity",-1,3,0,1,4,Pathogenic-only
"covers 81 genes, none of which curated to show dosage sensitivity",-1,2,0,1,3,Pathogenic-only
"covers 82 genes, none of which curated to show dosage sensitivity",-1,2,0,0,2,Pathogenic-only
"covers 83 genes, none of which curated to show dosage sensitivity",-1,5,0,3,8,Pathogenic-only
"covers 84 genes, none of which curated to show dosage sensitivity",-1,2,0,1,3,Pathogenic-only
"covers 85 genes, none of which curated to show dosage sensitivity",-1,3,0,1,4,Pathogenic-only
"covers 86 genes, none of which curated to show dosage sensitivity",-1,2,0,1,3,Pathogenic-only
"covers 87 genes, none of which curated to show dosage sensitivity",-1,6,0,1,7,Pathogenic-only
"covers 88 genes, none of which curated to show dosage sensitivity",-1,4,0,1,5,Pathogenic-only
"covers 89 genes, none of which curated to show dosage sensitivity",-1,5,0,2,7,Pathogenic-only
"covers 90 genes, none of which curated to show dosage sensitivity",-1,2,0,1,3,Pathogenic-only
"covers 91 genes, none of which curated to show dosage sensitivity",-1,2,0,0,2,Pathogenic-only
"covers 92 genes, none of which curated to show dosage sensitivity",-1,1,0,0,1,Pathogenic-only
"covers 93 genes, none of which curated to show dosage sensitivity",-1,3,0,2,5,Pathogenic-only
"covers 94 genes, none of which curated to show dosage sensitivity",-1,2,0,1,3,Pathogenic-only
"covers 95 genes, none of which curated to show dosage sensitivity",-1,2,0,1,3,Pathogenic-only
"covers 96 genes, none of which curated to show dosage sensitivity",-1,1,0,1,2,Pathogenic-only
"covers 97 genes, none of which curated to show dosage sensitivity",-1,0,0,1,1,VUS/Other-only
"covers 98 genes, none of which curated to show dosage sensitivity",-1,4,0,0,4,Pathogenic-only
"covers 99 genes, none of which curated to show dosage sensitivity",-1,2,0,0,2,Pathogenic-only
subset of 10 genes: ABCD1:BCAP31,-1,1,0,0,1,Pathogenic-only
subset of 10 genes: CHD8:HNRNPC,-1,1,0,0,1,Pathogenic-only
subset of 10 genes: CSMD1,-1,0,0,2,2,VUS/Other-only
subset of 10 genes: EDNRB,-1,0,0,1,1,VUS/Other-only
subset of 10 genes: EHMT1,-1,1,0,0,1,Pathogenic-only
subset of 10 genes: F8,-1,0,0,1,1,VUS/Other-only
subset of 10 genes: GALNT12,-1,0,0,1,1,VUS/Other-only
subset of 10 genes: MTM1,-1,0,0,1,1,VUS/Other-only
subset of 10 genes: PAFAH1B1,-1,0,0,1,1,VUS/Other-only
subset of 10 genes: SATB2,-1,1,0,0,1,Pathogenic-only
subset of 10 genes: SHANK3,-1,1,0,0,1,Pathogenic-only
subset of 10 genes: SHOX,-1,0,0,3,3,VUS/Other-only
subset of 10 genes: SOX2,-1,1,0,0,1,Pathogenic-only
subset of 10 genes: USP9X,-1,0,0,1,1,VUS/Other-only
subset of 1001 genes: GALNT12:PHF2:PTCH1:TGFBR1:ZNF462,-1,1,0,0,1,Pathogenic-only
subset of 1005 genes: MSX1:NSD2,-1,1,0,0,1,Pathogenic-only
subset of 1007 genes: BRCA2:EDNRB:NBEA:RB1,-1,1,0,0,1,Pathogenic-only
subset of 101 genes: ACTC1:MEIS2:SPRED1,-1,1,0,0,1,Pathogenic-only
subset of 101 genes: AHDC1,-1,1,0,0,1,Pathogenic-only
subset of 101 genes: ARSL:NLGN4X:SHOX:STS,-1,1,0,0,1,Pathogenic-only
subset of 101 genes: DYRK1A,-1,1,0,0,1,Pathogenic-only
subset of 101 genes: KMT5B:LRP5,-1,1,0,0,1,Pathogenic-only
subset of 101 genes: MAP2K2,-1,1,0,0,1,Pathogenic-only
subset of 101 genes: PRRT2,-1,1,0,0,1,Pathogenic-only
subset of 1010 genes: EP300:SHANK3:SOX10:TCF20:TNRC6B,-1,1,0,0,1,Pathogenic-only
subset of 1017 genes: CACNA1C:CDKN1B:CHD4:ETV6:GRIN2B:SOX5,-1,1,0,0,1,Pathogenic-only
subset of 102 genes: CELF4,-1,1,0,0,1,Pathogenic-only
subset of 102 genes: MYCN,-1,1,0,0,1,Pathogenic-only
subset of 102 genes: PRRT2,-1,7,0,0,7,Pathogenic-only
subset of 102 genes: TGIF1,-1,0,0,1,1,VUS/Other-only
subset of 1022 genes: APP:DSCAM:DYRK1A:ITSN1:RUNX1:SON,-1,1,0,0,1,Pathogenic-only
subset of 1023 genes: CNTNAP2:DPP6:KCNH2:KMT2C:MNX1:SHH:UBN2,-1,1,0,0,1,Pathogenic-only
subset of 1029 genes: ADNP:GNAS:KCNQ2:SALL4,-1,1,0,0,1,Pathogenic-only
subset of 103 genes: CNTNAP5,-1,1,0,0,1,Pathogenic-only
subset of 103 genes: EHMT1,-1,1,0,0,1,Pathogenic-only
subset of 103 genes: SRY,-1,2,0,0,2,Pathogenic-only
subset of 1033 genes: ANOS1:AP1S2:ARSL:ARX:BCOR:CASK:CDKL5:CLCN4:CLCN5:CNKSR2:CYBB:DDX3X:DMD:EBP:FANCB:FTSJ1:GK:HCCS:IL1RAPL1:KDM6A:MAOA:MID1:MSL3:NDP:NHS:NLGN4X:NR0B1:NYX:OFD1:OTC:PDHA1:PHEX:PIGA:PORCN:PQBP1:PTCHD1:RP2:RPS6KA3:RS1:SHOX:SLC35A2:SMS:STS:SYN1:SYP:TRAPPC2:TSPAN7:USP9X:WAS:WDR45:ZNF41,-1,1,0,0,1,Pathogenic-only
subset of 1038 genes: SOX9,-1,1,0,0,1,Pathogenic-only
subset of 104 genes: CRKL,-1,1,0,0,1,Pathogenic-only
subset of 104 genes: CSNK2A1,-1,1,0,0,1,Pathogenic-only
subset of 104 genes: FLG,-1,1,0,0,1,Pathogenic-only
subset of 104 genes: HDAC4,-1,1,0,0,1,Pathogenic-only
subset of 104 genes: KCNQ2,-1,0,0,1,1,VUS/Other-only
subset of 104 genes: MEF2C,-1,1,0,0,1,Pathogenic-only
subset of 104 genes: PRRT2,-1,1,0,0,1,Pathogenic-only
subset of 104 genes: RORB,-1,1,0,0,1,Pathogenic-only
subset of 1048 genes: BAG3:EBF3:EMX2:PAX2:SMC3:SUFU:TCF7L2,-1,1,0,0,1,Pathogenic-only
subset of 1049 genes: ANKRD11:FOXC2:FOXF1,-1,1,0,0,1,Pathogenic-only
subset of 106 genes: AFF2:FMR1:IDS:MTM1,-1,1,0,0,1,Pathogenic-only
subset of 106 genes: CSNK2A1,-1,1,0,0,1,Pathogenic-only
subset of 106 genes: CYLD:SALL1,-1,1,0,0,1,Pathogenic-only
subset of 106 genes: KIT,-1,1,0,0,1,Pathogenic-only
subset of 106 genes: NCKAP1,-1,1,0,0,1,Pathogenic-only
subset of 106 genes: PQBP1:SLC35A2:SYP:WDR45,-1,0,0,1,1,VUS/Other-only
subset of 1064 genes: NAA15:NAF1:NR3C2,-1,1,0,0,1,Pathogenic-only
subset of 107 genes: CNOT1,-1,1,0,0,1,Pathogenic-only
subset of 107 genes: CRKL,-1,0,0,1,1,VUS/Other-only
subset of 107 genes: GJA5,-1,1,0,0,1,Pathogenic-only
subset of 107 genes: PRRT2,-1,1,0,0,1,Pathogenic-only
subset of 107 genes: TBX1,-1,1,0,0,1,Pathogenic-only
subset of 107 genes: YTHDC1,-1,1,0,0,1,Pathogenic-only
subset of 1076 genes: CDC42BPB:DICER1:MEG3,-1,1,0,0,1,Pathogenic-only
subset of 108 genes: LMNB1,-1,1,0,0,1,Pathogenic-only
subset of 108 genes: PAK2,-1,1,0,0,1,Pathogenic-only
subset of 108 genes: TBX1,-1,3,0,0,3,Pathogenic-only
subset of 1085 genes: LMTK3:POLD1:PRR12:SHANK1:TNNI3,-1,1,0,0,1,Pathogenic-only
subset of 1086 genes: CDKN2A:DMRT1:ELAVL2:MTAP:NFIB:PAX5:RFX3:TPM2,-1,1,0,0,1,Pathogenic-only
subset of 109 genes: ATR,-1,1,0,0,1,Pathogenic-only
subset of 109 genes: ITSN1:SON,-1,1,0,0,1,Pathogenic-only
subset of 109 genes: PAK2,-1,2,0,0,2,Pathogenic-only
subset of 109 genes: PRRT2,-1,3,0,0,3,Pathogenic-only
subset of 109 genes: TBX1,-1,1,0,0,1,Pathogenic-only
subset of 1092 genes: ANOS1:AP1S2:ARSL:ARX:BCOR:CASK:CDKL5:CLCN4:CLCN5:CNKSR2:CYBB:DDX3X:DMD:EBP:FANCB:FTSJ1:GK:HCCS:IL1RAPL1:IQSEC2:KDM5C:KDM6A:MAOA:MID1:MSL3:NDP:NHS:NLGN4X:NR0B1:NYX:OFD1:OTC:PDHA1:PHEX:PHF8:PIGA:PORCN:PQBP1:PTCHD1:RP2:RPS6KA3:RS1:SHOX:SLC35A2:SMC1A:SMS:STS:SYN1:SYP:TRAPPC2:TSPAN7:USP9X:WAS:WDR45:ZNF41,-1,1,0,0,1,Pathogenic-only
subset of 1097 genes: LMTK3:POLD1:PRR12:SHANK1:TNNI3,-1,1,0,0,1,Pathogenic-only
subset of 11 genes: ASTN2,-1,0,0,1,1,VUS/Other-only
subset of 11 genes: ATP7A:PGK1,-1,0,0,1,1,VUS/Other-only
subset of 11 genes: CDKL5:RS1,-1,0,0,2,2,VUS/Other-only
subset of 11 genes: CHD8,-1,1,0,0,1,Pathogenic-only
subset of 11 genes: CSMD1,-1,0,0,1,1,VUS/Other-only
subset of 11 genes: DSC2,-1,0,0,1,1,VUS/Other-only
subset of 11 genes: EFTUD2,-1,1,0,0,1,Pathogenic-only
subset of 11 genes: F8,-1,2,0,0,2,Pathogenic-only
subset of 11 genes: KANSL1,-1,8,2,0,10,Multiclass
subset of 11 genes: MAGEL2,-1,1,0,0,1,Pathogenic-only
subset of 11 genes: NIPBL,-1,0,0,1,1,VUS/Other-only
subset of 11 genes: PAX6,-1,2,0,0,2,Pathogenic-only
subset of 11 genes: PAX9,-1,0,0,1,1,VUS/Other-only
subset of 11 genes: PHEX:SMS,-1,1,0,1,2,Pathogenic-only
subset of 11 genes: RAI1,-1,1,0,0,1,Pathogenic-only
subset of 11 genes: RB1CC1,-1,1,0,0,1,Pathogenic-only
subset of 11 genes: SHOX,-1,1,0,1,2,Pathogenic-only
subset of 11 genes: ZMYND11,-1,0,0,2,2,VUS/Other-only
subset of 110 genes: CHD7,-1,1,0,0,1,Pathogenic-only
subset of 110 genes: CHD8:HNRNPC,-1,1,0,0,1,Pathogenic-only
subset of 110 genes: DLL1:ERMARD,-1,1,0,0,1,Pathogenic-only
subset of 110 genes: NXF5:PLP1:PRPS1,-1,1,0,0,1,Pathogenic-only
subset of 110 genes: PAK2,-1,1,0,0,1,Pathogenic-only
subset of 110 genes: PRRT2,-1,1,0,0,1,Pathogenic-only
subset of 110 genes: TBX1,-1,1,0,0,1,Pathogenic-only
subset of 111 genes: PRRT2,-1,2,0,0,2,Pathogenic-only
subset of 111 genes: TBX1,-1,1,0,0,1,Pathogenic-only
subset of 111 genes: ZNF462,-1,1,0,0,1,Pathogenic-only
subset of 112 genes: CSNK2A1,-1,1,0,0,1,Pathogenic-only
subset of 112 genes: HMGA2:LEMD3,-1,0,0,1,1,VUS/Other-only
subset of 112 genes: TGIF1,-1,1,0,0,1,Pathogenic-only
subset of 1128 genes: ABCD1:ACSL4:AFF2:ALG13:AVPR2:BCAP31:BTK:CCNQ:CD40LG:CHRDL1:COL4A5:CUL4B:DCX:DKC1:F8:F9:FLNA:FMR1:FRMD7:GDI1:GLA:GPC3:GRIA3:HPRT1:IDS:IKBKG:L1CAM:LAMP2:MECP2:MTM1:NAA10:NSDHL:OCRL:PAK3:PHF6:PLP1:PRPS1:RAB39B:SH2D1A:SLC6A8:SLC9A6:SOX3:STAG2:TIMM8A:TMLHE:UBE2A:UPF3B:XIAP:ZDHHC9:ZIC3,-1,1,0,0,1,Pathogenic-only
subset of 113 genes: ANOS1:ARSL:NLGN4X:STS,-1,1,0,0,1,Pathogenic-only
subset of 113 genes: FOXP1,-1,1,0,0,1,Pathogenic-only
subset of 113 genes: GABRA1:GABRG2,-1,0,0,1,1,VUS/Other-only
subset of 113 genes: PAK2,-1,1,0,0,1,Pathogenic-only
subset of 113 genes: PRRT2,-1,1,0,0,1,Pathogenic-only
subset of 114 genes: ARID1A,-1,0,0,1,1,VUS/Other-only
subset of 114 genes: HIVEP2,-1,1,0,0,1,Pathogenic-only
subset of 114 genes: PRRT2,-1,2,0,0,2,Pathogenic-only
subset of 1140 genes: ANOS1:AP1S2:ARSL:ARX:BCOR:CASK:CDKL5:CLCN4:CLCN5:CNKSR2:CYBB:DDX3X:DMD:EBP:FANCB:FGD1:FTSJ1:GK:HCCS:IL1RAPL1:IQSEC2:KDM5C:KDM6A:MAOA:MID1:MSL3:NDP:NHS:NLGN4X:NR0B1:NYX:OFD1:OTC:PDHA1:PHEX:PHF8:PIGA:PORCN:PQBP1:PTCHD1:RP2:RPS6KA3:RS1:SLC35A2:SMC1A:SMS:STS:SYN1:SYP:TRAPPC2:TSPAN7:USP9X:WAS:WDR45:ZNF41,-1,1,0,0,1,Pathogenic-only
subset of 115 genes: ANKRD11,-1,1,0,0,1,Pathogenic-only
subset of 115 genes: ARX:DMD:GK:IL1RAPL1:NR0B1,-1,1,0,0,1,Pathogenic-only
subset of 115 genes: PAK2,-1,1,0,0,1,Pathogenic-only
subset of 115 genes: PRRT2,-1,2,0,0,2,Pathogenic-only
subset of 1153 genes: CDC73:IRF6:KDM5B,-1,1,0,0,1,Pathogenic-only
subset of 1155 genes: PMS2:TBX20:TWIST1,-1,1,0,0,1,Pathogenic-only
subset of 1157 genes: ABCD1:ACSL4:AFF2:ALG13:AVPR2:BCAP31:BTK:CCNQ:CD40LG:CHRDL1:COL4A5:CUL4B:DCX:DKC1:F8:F9:FLNA:FMR1:FRMD7:GDI1:GLA:GPC3:GRIA3:HPRT1:IDS:IKBKG:L1CAM:LAMP2:MECP2:MTM1:NAA10:NSDHL:OCRL:PAK3:PCDH19:PHF6:PLP1:PRPS1:RAB39B:SH2D1A:SLC6A8:SLC9A6:SOX3:STAG2:TIMM8A:TMLHE:UBE2A:UPF3B:XIAP:ZDHHC9:ZIC3,-1,1,0,0,1,Pathogenic-only
subset of 1159 genes: APP:DIP2A:DSCAM:DYRK1A:ITSN1:RUNX1:SON,-1,3,0,0,3,Pathogenic-only
subset of 116 genes: EHMT1,-1,1,0,0,1,Pathogenic-only
subset of 116 genes: PAK2,-1,1,0,0,1,Pathogenic-only
subset of 116 genes: SETD1B,-1,1,0,0,1,Pathogenic-only
subset of 116 genes: TGIF1,-1,1,0,0,1,Pathogenic-only
subset of 1161 genes: APP:DIP2A:DSCAM:DYRK1A:ITSN1:RUNX1:SON,-1,2,0,0,2,Pathogenic-only
subset of 1163 genes: APP:DIP2A:DSCAM:DYRK1A:ITSN1:RUNX1:SON,-1,3,0,0,3,Pathogenic-only
subset of 1165 genes: ANOS1:AP1S2:ARSL:ARX:BCOR:CASK:CDKL5:CLCN4:CLCN5:CNKSR2:CYBB:DDX3X:DMD:EBP:FANCB:FGD1:FTSJ1:GK:HCCS:IL1RAPL1:IQSEC2:KDM5C:KDM6A:MAOA:MID1:MSL3:NDP:NHS:NLGN4X:NR0B1:NYX:OFD1:OTC:PDHA1:PHEX:PHF8:PIGA:PORCN:PQBP1:PTCHD1:RP2:RPS6KA3:RS1:SHOX:SLC35A2:SMC1A:SMS:STS:SYN1:SYP:TRAPPC2:TSPAN7:USP9X:WAS:WDR45:ZNF41,-1,1,0,0,1,Pathogenic-only
subset of 117 genes: ARSL:NLGN4X:SHOX:STS,-1,1,0,0,1,Pathogenic-only
subset of 117 genes: PAK2,-1,2,0,0,2,Pathogenic-only
subset of 117 genes: RPL15,-1,1,0,0,1,Pathogenic-only
subset of 117 genes: TMEM127,-1,1,0,0,1,Pathogenic-only
subset of 1171 genes: AKT3:FH:HNRNPU:WDR26:ZBTB18,-1,1,0,0,1,Pathogenic-only
subset of 1174 genes: ANOS1:AP1S2:ARSL:ARX:BCOR:CASK:CDKL5:CLCN4:CLCN5:CNKSR2:CYBB:DDX3X:DMD:EBP:FANCB:FGD1:FTSJ1:GK:HCCS:IL1RAPL1:IQSEC2:KDM5C:KDM6A:MAOA:MID1:MSL3:NDP:NHS:NLGN4X:NR0B1:NYX:OFD1:OTC:PDHA1:PHEX:PHF8:PIGA:PORCN:PQBP1:PTCHD1:RP2:RPS6KA3:RS1:SHOX:SLC35A2:SMC1A:SMS:STS:SYN1:SYP:TRAPPC2:TSPAN7:USP9X:WAS:WDR45:ZNF41,-1,1,0,0,1,Pathogenic-only
subset of 1175 genes: CAMK2A:DDX41:FBXW11:GABRA1:GABRG2:MSX2:NKX2-5:NSD1:TCOF1,-1,1,0,0,1,Pathogenic-only
subset of 118 genes: ANKRD11,-1,1,0,0,1,Pathogenic-only
subset of 118 genes: DNAJC21,-1,1,0,0,1,Pathogenic-only
subset of 118 genes: FOXC1,-1,1,0,0,1,Pathogenic-only
subset of 1181 genes: CNTNAP2:DPP6:KCNH2:KMT2C:MNX1:SHH:UBN2,-1,1,0,0,1,Pathogenic-only
subset of 119 genes: AUTS2,-1,1,0,0,1,Pathogenic-only
subset of 119 genes: FLCN:RAI1,-1,2,0,0,2,Pathogenic-only
subset of 119 genes: MEF2C:NR2F1,-1,1,0,0,1,Pathogenic-only
subset of 119 genes: MEF2C:RASA1,-1,1,0,0,1,Pathogenic-only
subset of 119 genes: PRRT2,-1,1,0,0,1,Pathogenic-only
subset of 12 genes: ACSL4,-1,1,0,0,1,Pathogenic-only
subset of 12 genes: ASTN2,-1,0,0,1,1,VUS/Other-only
subset of 12 genes: BARD1,-1,0,0,1,1,VUS/Other-only
subset of 12 genes: BTK:GLA:TIMM8A,-1,1,0,0,1,Pathogenic-only
subset of 12 genes: CACNA1C,-1,0,0,1,1,VUS/Other-only
subset of 12 genes: CSMD1,-1,0,0,1,1,VUS/Other-only
subset of 12 genes: DMRT1,-1,0,0,1,1,VUS/Other-only
subset of 12 genes: EHMT1,-1,3,0,0,3,Pathogenic-only
subset of 12 genes: GLMN,-1,0,0,1,1,VUS/Other-only
subset of 12 genes: MYT1L,-1,0,0,3,3,VUS/Other-only
subset of 12 genes: NSDHL,-1,0,0,2,2,VUS/Other-only
subset of 12 genes: RB1CC1,-1,2,0,0,2,Pathogenic-only
subset of 12 genes: SHOX,-1,0,0,1,1,VUS/Other-only
subset of 12 genes: SYNCRIP,-1,0,0,1,1,VUS/Other-only
subset of 12 genes: ZEB2,-1,1,0,0,1,Pathogenic-only
subset of 120 genes: BCL11A,-1,1,0,0,1,Pathogenic-only
subset of 120 genes: DLG2,-1,1,0,0,1,Pathogenic-only
subset of 120 genes: PRRT2,-1,1,0,0,1,Pathogenic-only
subset of 1203 genes: ACVRL1:ARID2:COL2A1:HMGA2:KMT2D:LEMD3:RPS26,-1,1,0,0,1,Pathogenic-only
subset of 1206 genes: FGF12:PAK2:SOX2:TBL1XR1:TERC:TP63,-1,1,0,0,1,Pathogenic-only
subset of 1208 genes: ARCN1:ATM:HMBS:KMT2A:SDHD:YAP1,-1,1,0,0,1,Pathogenic-only
subset of 121 genes: AKT3:HNRNPU:ZBTB18,-1,1,0,0,1,Pathogenic-only
subset of 121 genes: BRCA2,-1,1,0,0,1,Pathogenic-only
subset of 121 genes: GJA5,-1,1,0,0,1,Pathogenic-only
subset of 121 genes: HNRNPC,-1,1,0,0,1,Pathogenic-only
subset of 121 genes: MEF2C:RASA1,-1,1,0,0,1,Pathogenic-only
subset of 121 genes: PRRT2,-1,1,0,0,1,Pathogenic-only
subset of 121 genes: SMARCB1,-1,0,0,1,1,VUS/Other-only
subset of 121 genes: TMEM127,-1,0,0,2,2,VUS/Other-only
subset of 1214 genes: COL5A1:EHMT1:ENG:LMX1B:NOTCH1:NR5A1:SET:SPTAN1:STXBP1:TSC1,-1,1,0,0,1,Pathogenic-only
subset of 122 genes: AR:ARHGEF9:DLG3:EDA:EFNB1:OPHN1:ZC4H2,-1,1,0,0,1,Pathogenic-only
subset of 122 genes: CELF4:KATNAL2:SETBP1,-1,1,0,0,1,Pathogenic-only
subset of 122 genes: CSNK2A1,-1,1,0,0,1,Pathogenic-only
subset of 122 genes: KAT6A,-1,1,0,0,1,Pathogenic-only
subset of 122 genes: MBD5,-1,1,0,0,1,Pathogenic-only
subset of 122 genes: NR2F1,-1,0,0,1,1,VUS/Other-only
subset of 122 genes: PMS2,-1,0,0,1,1,VUS/Other-only
subset of 122 genes: TMEM127,-1,0,0,1,1,VUS/Other-only
subset of 1223 genes: CAMK2A:CTNNA1:POU4F3:PURA:RAD50:SPINK1:TCOF1,-1,1,0,0,1,Pathogenic-only
subset of 123 genes: CDKN1B:ETV6:GRIN2B,-1,1,0,0,1,Pathogenic-only
subset of 123 genes: CNTNAP5,-1,1,0,0,1,Pathogenic-only
subset of 123 genes: DMRT1,-1,1,0,0,1,Pathogenic-only
subset of 123 genes: ITPR1,-1,1,0,0,1,Pathogenic-only
subset of 123 genes: MEF2C:RASA1,-1,1,0,0,1,Pathogenic-only
subset of 123 genes: TBX1,-1,4,0,0,4,Pathogenic-only
subset of 123 genes: TMEM127,-1,1,0,0,1,Pathogenic-only
subset of 124 genes: BAG3,-1,1,0,0,1,Pathogenic-only
subset of 124 genes: CHEK2,-1,1,0,0,1,Pathogenic-only
subset of 124 genes: NPRL3,-1,1,0,0,1,Pathogenic-only
subset of 124 genes: TBX1,-1,1,0,0,1,Pathogenic-only
subset of 125 genes: CSMD1,-1,1,0,0,1,Pathogenic-only
subset of 125 genes: GATA4,-1,1,0,0,1,Pathogenic-only
subset of 1252 genes: CACNA1C:CDKN1B:CHD4:ETV6:GRIN2B:PKP2:PTHLH:SOX5,-1,1,0,0,1,Pathogenic-only
subset of 126 genes: ADNP,-1,1,0,0,1,Pathogenic-only
subset of 126 genes: BCL11A,-1,1,0,0,1,Pathogenic-only
subset of 126 genes: CRKL,-1,1,0,0,1,Pathogenic-only
subset of 126 genes: CSMD1,-1,1,0,0,1,Pathogenic-only
subset of 126 genes: RPS26,-1,0,0,1,1,VUS/Other-only
subset of 126 genes: SOX10,-1,1,0,0,1,Pathogenic-only
subset of 1261 genes: NAA15:NAF1:NR3C2,-1,1,0,0,1,Pathogenic-only
subset of 1268 genes: CACNA1C:CDKN1B:CHD4:ETV6:GRIN2B:PKP2:PTHLH:SOX5,-1,2,0,0,2,Pathogenic-only
subset of 1269 genes: CACNA1C:CDKN1B:CHD4:ETV6:GRIN2B:PKP2:PTHLH:SOX5,-1,1,0,0,1,Pathogenic-only
subset of 127 genes: GNB1,-1,1,0,0,1,Pathogenic-only
subset of 127 genes: SRY,-1,3,0,0,3,Pathogenic-only
subset of 127 genes: TMEM127,-1,0,0,1,1,VUS/Other-only
subset of 1270 genes: CHAMP1:EDNRB:RB1:ZIC2,-1,1,0,0,1,Pathogenic-only
subset of 1272 genes: COL5A1:EHMT1:ENG:LMX1B:NOTCH1:NR5A1:SET:SPTAN1:STXBP1:TSC1,-1,1,0,0,1,Pathogenic-only
subset of 1276 genes: ASXL3:CELF4:DSC2:DSG2:GATA6:KATNAL2:SETBP1:SMAD4:TCF4,-1,2,0,0,2,Pathogenic-only
subset of 1277 genes: ASXL3:CELF4:DSC2:DSG2:GATA6:KATNAL2:SETBP1:SMAD4:TCF4,-1,1,0,0,1,Pathogenic-only
subset of 128 genes: CACNA1C,-1,1,0,0,1,Pathogenic-only
subset of 128 genes: CSMD1,-1,1,0,0,1,Pathogenic-only
subset of 128 genes: NSD2,-1,1,0,0,1,Pathogenic-only
subset of 128 genes: PAFAH1B1,-1,1,0,0,1,Pathogenic-only
subset of 128 genes: TFAP2B,-1,1,0,0,1,Pathogenic-only
subset of 128 genes: TMEM127,-1,2,0,0,2,Pathogenic-only
subset of 1288 genes: MSX1:NSD2:PHOX2B,-1,1,0,0,1,Pathogenic-only
subset of 129 genes: FOXC1,-1,1,0,0,1,Pathogenic-only
subset of 129 genes: FRMD7:OCRL:ZDHHC9,-1,1,0,0,1,Pathogenic-only
subset of 129 genes: TMEM127,-1,0,0,1,1,VUS/Other-only
subset of 1290 genes: CHAMP1:EDNRB:RB1:ZIC2,-1,1,0,0,1,Pathogenic-only
subset of 13 genes: ARHGEF9,-1,0,0,1,1,VUS/Other-only
subset of 13 genes: EHMT1,-1,2,0,0,2,Pathogenic-only
subset of 13 genes: KANSL1,-1,1,0,0,1,Pathogenic-only
subset of 13 genes: PAFAH1B1,-1,0,0,1,1,VUS/Other-only
subset of 13 genes: SCN1A,-1,0,0,1,1,VUS/Other-only
subset of 13 genes: STAG1,-1,1,0,0,1,Pathogenic-only
subset of 13 genes: YAP1,-1,0,0,1,1,VUS/Other-only
subset of 130 genes: EHMT1,-1,1,0,0,1,Pathogenic-only
subset of 130 genes: ELN,-1,6,0,0,6,Pathogenic-only
subset of 130 genes: GJA5,-1,1,0,0,1,Pathogenic-only
subset of 130 genes: SETD1B,-1,1,0,0,1,Pathogenic-only
subset of 1301 genes: BARD1:BMPR2:CASP10:CUL3:DIS3L2:ERBB4:GIGYF2:PAX3:SATB2:TRIP12,-1,1,0,0,1,Pathogenic-only
subset of 1305 genes: CDK13:PMS2:TBX20:TWIST1,-1,1,0,0,1,Pathogenic-only
subset of 131 genes: ANKRD11,-1,1,0,0,1,Pathogenic-only
subset of 131 genes: ELN,-1,4,0,0,4,Pathogenic-only
subset of 131 genes: NSD2,-1,1,0,0,1,Pathogenic-only
subset of 131 genes: SHANK3,-1,1,0,0,1,Pathogenic-only
subset of 132 genes: DDX41:NSD1,-1,1,0,0,1,Pathogenic-only
subset of 132 genes: ELN,-1,8,0,0,8,Pathogenic-only
subset of 132 genes: ENG:STXBP1,-1,1,0,0,1,Pathogenic-only
subset of 132 genes: GJA5,-1,1,0,0,1,Pathogenic-only
subset of 132 genes: TWIST1,-1,1,0,0,1,Pathogenic-only
subset of 1326 genes: NAA15:NAF1:NR3C2,-1,1,0,0,1,Pathogenic-only
subset of 133 genes: ASXL3:CELF4,-1,1,0,0,1,Pathogenic-only
subset of 133 genes: ELN,-1,4,0,0,4,Pathogenic-only
subset of 133 genes: GJA5,-1,1,0,0,1,Pathogenic-only
subset of 134 genes: ELN,-1,2,0,0,2,Pathogenic-only
subset of 135 genes: ELN,-1,3,0,0,3,Pathogenic-only
subset of 135 genes: NSD2,-1,1,0,0,1,Pathogenic-only
subset of 135 genes: TBX1,-1,1,0,0,1,Pathogenic-only
subset of 1355 genes: AKT3:FH:HNRNPU:IRF6:WDR26:ZBTB18,-1,1,0,0,1,Pathogenic-only
subset of 136 genes: ELN,-1,1,0,0,1,Pathogenic-only
subset of 137 genes: AFF2:F9:FMR1:IDS:MTM1:SOX3,-1,1,0,0,1,Pathogenic-only
subset of 137 genes: DDX41:NSD1,-1,1,0,0,1,Pathogenic-only
subset of 137 genes: ITPR1,-1,1,0,0,1,Pathogenic-only
subset of 137 genes: TBX1,-1,1,0,0,1,Pathogenic-only
subset of 1374 genes: BRPF1:CRIPTO:CTNNB1:ITPR1:MLH1:PTH1R:RPL15:SCN5A:SETD5:SLC6A1:VHL,-1,1,0,0,1,Pathogenic-only
subset of 138 genes: ARID1B,-1,1,0,0,1,Pathogenic-only
subset of 138 genes: EHMT1,-1,1,0,0,1,Pathogenic-only
subset of 138 genes: NSD2,-1,1,0,0,1,Pathogenic-only
subset of 139 genes: DDX41:NSD1,-1,1,0,0,1,Pathogenic-only
subset of 139 genes: GJA5,-1,1,0,0,1,Pathogenic-only
subset of 139 genes: HOXD13,-1,1,0,0,1,Pathogenic-only
subset of 139 genes: ITPR1,-1,1,0,0,1,Pathogenic-only
subset of 139 genes: TMEM127,-1,1,0,0,1,Pathogenic-only
subset of 14 genes: ANK2,-1,0,0,1,1,VUS/Other-only
subset of 14 genes: ASTN2,-1,0,0,1,1,VUS/Other-only
subset of 14 genes: AUTS2,-1,1,0,0,1,Pathogenic-only
subset of 14 genes: BTK:GLA,-1,0,0,1,1,VUS/Other-only
subset of 14 genes: CSMD1,-1,1,0,0,1,Pathogenic-only
subset of 14 genes: EBF3,-1,0,0,1,1,VUS/Other-only
subset of 14 genes: EHMT1,-1,1,0,0,1,Pathogenic-only
subset of 14 genes: FOXG1,-1,1,0,0,1,Pathogenic-only
subset of 14 genes: IDS,-1,0,0,1,1,VUS/Other-only
subset of 14 genes: KANSL1,-1,3,0,0,3,Pathogenic-only
subset of 14 genes: RUNX2,-1,0,0,1,1,VUS/Other-only
subset of 14 genes: STS,-1,1,0,0,1,Pathogenic-only
subset of 14 genes: TTN,-1,1,0,0,1,Pathogenic-only
subset of 14 genes: WDR26,-1,1,0,0,1,Pathogenic-only
subset of 14 genes: ZEB2,-1,1,0,0,1,Pathogenic-only
subset of 140 genes: ANKRD11,-1,1,0,0,1,Pathogenic-only
subset of 140 genes: FLCN:RAI1,-1,1,0,0,1,Pathogenic-only
subset of 140 genes: MAGEL2:SNURF:UBE3A,-1,1,0,0,1,Pathogenic-only
subset of 140 genes: PMS2,-1,1,0,0,1,Pathogenic-only
subset of 141 genes: MAGEL2:SNURF:UBE3A,-1,1,0,0,1,Pathogenic-only
subset of 141 genes: NSD2,-1,1,0,0,1,Pathogenic-only
subset of 142 genes: CDKN1B:GRIN2B,-1,1,0,0,1,Pathogenic-only
subset of 142 genes: KDM6B:TP53,-1,1,0,0,1,Pathogenic-only
subset of 142 genes: MAGEL2:SNURF:UBE3A,-1,8,0,0,8,Pathogenic-only
subset of 143 genes: CHAMP1,-1,1,0,0,1,Pathogenic-only
subset of 143 genes: DDX41:NSD1,-1,1,0,0,1,Pathogenic-only
subset of 143 genes: GLI2,-1,1,0,0,1,Pathogenic-only
subset of 143 genes: ITPR1,-1,1,0,0,1,Pathogenic-only
subset of 143 genes: MAGEL2:SNURF:UBE3A,-1,6,0,0,6,Pathogenic-only
subset of 1435 genes: ANKRD11:CDH1:CTCF:FOXC2:FOXF1,-1,1,0,0,1,Pathogenic-only
subset of 1437 genes: KIT:MSX1:NSD2:PHOX2B,-1,1,0,0,1,Pathogenic-only
subset of 144 genes: CNTNAP2,-1,1,0,0,1,Pathogenic-only
subset of 144 genes: DDX41:NSD1,-1,1,0,0,1,Pathogenic-only
subset of 144 genes: ELN,-1,1,0,0,1,Pathogenic-only
subset of 144 genes: MAGEL2:SNURF:UBE3A,-1,4,0,0,4,Pathogenic-only
subset of 144 genes: MAP2K2,-1,1,0,0,1,Pathogenic-only
subset of 145 genes: KIT,-1,1,0,0,1,Pathogenic-only
subset of 145 genes: MAGEL2:SNURF:UBE3A,-1,5,0,0,5,Pathogenic-only
subset of 1455 genes: FGF12:PAK2:SOX2:TBL1XR1:TERC:TP63,-1,1,0,0,1,Pathogenic-only
subset of 146 genes: DDX41:NSD1,-1,1,0,0,1,Pathogenic-only
subset of 146 genes: GJA5,-1,5,0,0,5,Pathogenic-only
subset of 146 genes: MAGEL2:SNURF:UBE3A,-1,1,0,0,1,Pathogenic-only
subset of 146 genes: TRIO,-1,1,0,0,1,Pathogenic-only
subset of 1469 genes: ABCD1:ACSL4:AFF2:ALG13:AR:ARHGEF9:ATP7A:ATRX:AVPR2:BCAP31:BRWD3:BTK:CCNQ:CD40LG:CHM:CHRDL1:COL4A5:CUL4B:DCX:DKC1:DLG3:EDA:EFNB1:F8:F9:FLNA:FMR1:FRMD7:GDI1:GLA:GPC3:GRIA3:HDAC8:HPRT1:IDS:IKBKG:L1CAM:LAMP2:MAGT1:MECP2:MTM1:NAA10:NEXMIF:NONO:NSDHL:OCRL:OPHN1:PAK3:PCDH19:PGK1:PHF6:PLP1:POU3F4:PRPS1:RAB39B:SH2D1A:SLC16A2:SLC6A8:SLC9A6:SOX3:STAG2:TBX22:TIMM8A:TMLHE:UBE2A:UPF3B:XIAP:XIST:ZC4H2:ZDHHC9:ZIC3:ZNF711,-1,1,0,0,1,Pathogenic-only
subset of 147 genes: ITPR1,-1,1,0,0,1,Pathogenic-only
subset of 147 genes: MAGEL2:SNURF:UBE3A,-1,1,0,0,1,Pathogenic-only
subset of 148 genes: CACNA1C,-1,1,0,0,1,Pathogenic-only
subset of 148 genes: DDX41:NSD1,-1,1,0,0,1,Pathogenic-only
subset of 148 genes: FGD1:IQSEC2:KDM5C:PHF8:SMC1A,-1,1,0,0,1,Pathogenic-only
subset of 148 genes: NBEA,-1,1,0,0,1,Pathogenic-only
subset of 1481 genes: ABCD1:ACSL4:AFF2:ALG13:AR:ARHGEF9:ATP7A:ATRX:AVPR2:BCAP31:BRWD3:BTK:CCNQ:CD40LG:CHM:CHRDL1:COL4A5:CUL4B:DCX:DKC1:DLG3:EDA:EFNB1:F8:F9:FLNA:FMR1:FRMD7:GDI1:GLA:GPC3:GRIA3:HDAC8:HPRT1:IDS:IKBKG:L1CAM:LAMP2:MAGT1:MECP2:MTM1:NAA10:NEXMIF:NONO:NSDHL:OCRL:OPHN1:PAK3:PCDH19:PGK1:PHF6:PLP1:POU3F4:PRPS1:RAB39B:SH2D1A:SLC16A2:SLC6A8:SLC9A6:SOX3:STAG2:TBX22:TIMM8A:TMLHE:UBE2A:UPF3B:XIAP:XIST:ZC4H2:ZDHHC9:ZIC3:ZNF711,-1,1,0,0,1,Pathogenic-only
subset of 149 genes: MAGEL2:SNURF:UBE3A,-1,2,0,0,2,Pathogenic-only
subset of 15 genes: ANK2,-1,0,0,1,1,VUS/Other-only
subset of 15 genes: CDKN2A,-1,1,0,0,1,Pathogenic-only
subset of 15 genes: CNOT2,-1,1,0,0,1,Pathogenic-only
subset of 15 genes: CREBBP,-1,1,0,0,1,Pathogenic-only
subset of 15 genes: EHMT1,-1,1,0,0,1,Pathogenic-only
subset of 15 genes: HCCS:MID1,-1,0,0,1,1,VUS/Other-only
subset of 15 genes: KANSL1,-1,1,0,0,1,Pathogenic-only
subset of 15 genes: MSL3,-1,0,0,1,1,VUS/Other-only
subset of 15 genes: NPRL3,-1,0,0,1,1,VUS/Other-only
subset of 15 genes: RAB39B:TMLHE,-1,1,0,0,1,Pathogenic-only
subset of 15 genes: SEMA3A,-1,0,0,1,1,VUS/Other-only
subset of 15 genes: TBL1XR1,-1,0,0,1,1,VUS/Other-only
subset of 15 genes: ZEB2,-1,1,0,0,1,Pathogenic-only
subset of 15 genes: ZNF462,-1,0,0,1,1,VUS/Other-only
subset of 150 genes: ASXL3:CELF4,-1,1,0,0,1,Pathogenic-only
subset of 150 genes: ELN,-1,1,0,0,1,Pathogenic-only
subset of 150 genes: NR2F1,-1,1,0,0,1,Pathogenic-only
subset of 150 genes: TAF13,-1,1,0,0,1,Pathogenic-only
subset of 150 genes: TBX1,-1,2,0,0,2,Pathogenic-only
subset of 1504 genes: ANOS1:AP1S2:AR:ARHGEF9:ARSL:ARX:ATP7A:ATRX:BCOR:BRWD3:CASK:CDKL5:CHM:CLCN4:CLCN5:CNKSR2:CYBB:DDX3X:DLG3:DMD:EBP:EDA:EFNB1:FANCB:FGD1:FTSJ1:GK:HCCS:HDAC8:IL1RAPL1:IQSEC2:KDM5C:KDM6A:MAGT1:MAOA:MED12:MID1:MSL3:NDP:NEXMIF:NHS:NLGN4X:NONO:NR0B1:NYX:OFD1:OPHN1:OTC:PCDH19:PDHA1:PGK1:PHEX:PHF8:PIGA:PORCN:POU3F4:PQBP1:PTCHD1:RP2:RPS6KA3:RS1:SLC16A2:SLC35A2:SMC1A:SMS:STS:SYN1:SYP:TBX22:TRAPPC2:TSPAN7:USP9X:WAS:WDR45:XIST:ZC4H2:ZNF41:ZNF711,-1,1,0,0,1,Pathogenic-only
subset of 151 genes: ANOS1:ARSL:CLCN4:NLGN4X:SHOX:STS,-1,1,0,0,1,Pathogenic-only
subset of 151 genes: GATA6,-1,0,0,1,1,VUS/Other-only
subset of 151 genes: KMT2E,-1,1,0,0,1,Pathogenic-only
subset of 151 genes: SRRM2,-1,1,0,0,1,Pathogenic-only
subset of 151 genes: TBX1,-1,1,0,0,1,Pathogenic-only
subset of 152 genes: DKC1:F8:FLNA:GDI1:IKBKG:MECP2:NAA10:RAB39B:TMLHE,-1,1,0,0,1,Pathogenic-only
subset of 152 genes: IGF1R,-1,1,0,0,1,Pathogenic-only
subset of 152 genes: KIT,-1,1,0,0,1,Pathogenic-only
subset of 152 genes: MAGEL2:SNURF:UBE3A,-1,2,0,0,2,Pathogenic-only
subset of 152 genes: TERT,-1,1,0,0,1,Pathogenic-only
subset of 153 genes: ASXL1,-1,0,0,1,1,VUS/Other-only
subset of 153 genes: BMPR1A,-1,1,0,0,1,Pathogenic-only
subset of 153 genes: KAT6B,-1,1,0,0,1,Pathogenic-only
subset of 153 genes: MAGEL2:SNURF:UBE3A,-1,1,0,0,1,Pathogenic-only
subset of 154 genes: HOXD13,-1,1,0,0,1,Pathogenic-only
subset of 154 genes: MAGEL2:SNURF:UBE3A,-1,0,0,1,1,VUS/Other-only
subset of 154 genes: PBX1,-1,1,0,0,1,Pathogenic-only
subset of 155 genes: ACTA2:BMPR1A:FAS:PTEN,-1,1,0,0,1,Pathogenic-only
subset of 155 genes: CASK:KDM6A:MAOA:NDP:NYX:RP2:SYN1:ZNF41,-1,1,0,0,1,Pathogenic-only
subset of 155 genes: MAGEL2:SNURF:UBE3A,-1,1,0,0,1,Pathogenic-only
subset of 1559 genes: CHAMP1:EDNRB:NBEA:RB1:ZIC2,-1,1,0,0,1,Pathogenic-only
subset of 156 genes: ANOS1:CLCN4:HCCS:MID1:MSL3:OFD1:STS:TRAPPC2,-1,1,0,0,1,Pathogenic-only
subset of 156 genes: EHMT1,-1,1,0,0,1,Pathogenic-only
subset of 156 genes: NSD2,-1,1,0,0,1,Pathogenic-only
subset of 156 genes: YWHAE,-1,1,0,0,1,Pathogenic-only
subset of 157 genes: ASXL3:CELF4:DSC2:DSG2,-1,1,0,0,1,Pathogenic-only
subset of 157 genes: CTCF,-1,1,0,0,1,Pathogenic-only
subset of 157 genes: GJA5,-1,2,0,0,2,Pathogenic-only
subset of 158 genes: IRF2BPL,-1,1,0,0,1,Pathogenic-only
subset of 158 genes: PAK2,-1,0,0,1,1,VUS/Other-only
subset of 159 genes: MAGEL2:SNURF:UBE3A,-1,1,0,0,1,Pathogenic-only
subset of 159 genes: SMARCB1,-1,0,0,1,1,VUS/Other-only
subset of 16 genes: ANOS1,-1,0,0,1,1,VUS/Other-only
subset of 16 genes: AUTS2,-1,1,0,0,1,Pathogenic-only
subset of 16 genes: EHMT1,-1,1,0,0,1,Pathogenic-only
subset of 16 genes: PAX6,-1,0,0,1,1,VUS/Other-only
subset of 16 genes: PMS2,-1,0,0,1,1,VUS/Other-only
subset of 16 genes: SCN1A:SCN2A,-1,0,0,1,1,VUS/Other-only
subset of 16 genes: SIN3A,-1,1,0,0,1,Pathogenic-only
subset of 16 genes: STS,-1,1,1,0,2,Multiclass
subset of 16 genes: TRIO,-1,0,0,1,1,VUS/Other-only
subset of 16 genes: ZMYND11,-1,0,0,1,1,VUS/Other-only
subset of 160 genes: AUTS2,-1,1,0,0,1,Pathogenic-only
subset of 161 genes: DSP,-1,1,0,0,1,Pathogenic-only
subset of 161 genes: EBF3,-1,1,0,0,1,Pathogenic-only
subset of 162 genes: ANKRD11,-1,1,0,0,1,Pathogenic-only
subset of 162 genes: HOXD13,-1,1,0,0,1,Pathogenic-only
subset of 162 genes: MAGEL2:SNURF:UBE3A,-1,1,0,0,1,Pathogenic-only
subset of 162 genes: NAF1,-1,1,0,0,1,Pathogenic-only
subset of 162 genes: SMARCB1,-1,0,0,2,2,VUS/Other-only
subset of 163 genes: ANOS1:ARSL:CLCN4:HCCS:MID1:NLGN4X:SHOX:STS,-1,1,0,0,1,Pathogenic-only
subset of 163 genes: DLG3:EDA:EFNB1:HDAC8:NEXMIF:NONO:OPHN1:SLC16A2:XIST,-1,1,0,0,1,Pathogenic-only
subset of 163 genes: FLCN:RAI1,-1,1,0,0,1,Pathogenic-only
subset of 163 genes: MAGEL2:SNURF:UBE3A,-1,1,0,0,1,Pathogenic-only
subset of 1637 genes: APOB:DNMT3A:MSH2:MSH6:MYCN:MYT1L:NRXN1:RPS7:SIX3:SOX11:SPAST,-1,1,0,0,1,Pathogenic-only
subset of 164 genes: BCL11A,-1,1,0,0,1,Pathogenic-only
subset of 164 genes: FGD1:IQSEC2:KDM5C:PHF8:SMC1A,-1,1,0,0,1,Pathogenic-only
subset of 164 genes: SHOX:SRY,-1,1,0,0,1,Pathogenic-only
subset of 164 genes: TGIF1,-1,1,0,0,1,Pathogenic-only
subset of 165 genes: ELN,-1,1,0,0,1,Pathogenic-only
subset of 165 genes: MAGEL2:SNURF:UBE3A,-1,1,0,0,1,Pathogenic-only
subset of 165 genes: PKD1:TSC2,-1,1,0,0,1,Pathogenic-only
subset of 165 genes: SCN1A:SCN2A,-1,1,0,0,1,Pathogenic-only
subset of 165 genes: SMARCB1,-1,0,0,1,1,VUS/Other-only
subset of 1656 genes: ARID2:CACNA1C:CDKN1B:CHD4:COL2A1:ETV6:GRIN2B:KMT2D:PKP2:PTHLH:SOX5,-1,1,0,0,1,Pathogenic-only
subset of 1656 genes: ASXL3:CELF4:DSC2:DSG2:GATA6:KATNAL2:SETBP1:SMAD4:TCF4:TGIF1,-1,1,0,0,1,Pathogenic-only
subset of 1657 genes: ASXL3:CELF4:DSC2:DSG2:GATA6:KATNAL2:SETBP1:SMAD4:TCF4:TGIF1,-1,1,0,0,1,Pathogenic-only
subset of 166 genes: CDC42BPB,-1,1,0,0,1,Pathogenic-only
subset of 166 genes: SMARCB1,-1,1,0,0,1,Pathogenic-only
subset of 1660 genes: ASXL3:CELF4:DSC2:DSG2:GATA6:KATNAL2:SETBP1:SMAD4:TCF4:TGIF1,-1,1,0,0,1,Pathogenic-only
subset of 1667 genes: BARD1:BMPR2:CASP10:CUL3:DIS3L2:ERBB4:GIGYF2:HDAC4:PAX3:SATB2:TRIP12,-1,1,0,0,1,Pathogenic-only
subset of 167 genes: CNOT2,-1,1,0,0,1,Pathogenic-only
subset of 167 genes: EDNRB,-1,1,0,0,1,Pathogenic-only
subset of 167 genes: NPRL3,-1,1,0,0,1,Pathogenic-only
subset of 168 genes: CSMD1,-1,2,0,0,2,Pathogenic-only
subset of 168 genes: EHMT1,-1,1,0,0,1,Pathogenic-only
subset of 168 genes: KCNQ2,-1,1,0,0,1,Pathogenic-only
subset of 168 genes: MAGEL2:SNURF:UBE3A,-1,1,0,0,1,Pathogenic-only
subset of 168 genes: PAFAH1B1,-1,1,0,0,1,Pathogenic-only
subset of 1680 genes: APC:CAMK2A:CTNNA1:LMNB1:POU4F3:PURA:RAD50:SPINK1:TCOF1,-1,1,0,0,1,Pathogenic-only
subset of 169 genes: CRKL:TBX1,-1,1,0,0,1,Pathogenic-only
subset of 169 genes: MAGEL2:SNURF:UBE3A,-1,1,0,0,1,Pathogenic-only
subset of 169 genes: PAK2,-1,0,0,1,1,VUS/Other-only
subset of 169 genes: SHANK3,-1,1,0,0,1,Pathogenic-only
subset of 17 genes: ATP7A:MAGT1:PGK1,-1,0,0,1,1,VUS/Other-only
subset of 17 genes: FOXP1,-1,1,0,0,1,Pathogenic-only
subset of 17 genes: IDS,-1,1,0,0,1,Pathogenic-only
subset of 17 genes: ITSN1:SON,-1,1,0,0,1,Pathogenic-only
subset of 17 genes: KMT2C,-1,0,0,1,1,VUS/Other-only
subset of 17 genes: MSX1,-1,0,0,1,1,VUS/Other-only
subset of 17 genes: SCN1A:SCN2A,-1,1,0,0,1,Pathogenic-only
subset of 17 genes: SHOX,-1,2,0,1,3,Pathogenic-only
subset of 170 genes: EHMT1,-1,1,0,0,1,Pathogenic-only
subset of 1705 genes: BARD1:BMPR2:CASP10:COL3A1:CUL3:DIS3L2:ERBB4:GIGYF2:HDAC4:PAX3:SATB2:TRIP12,-1,1,0,0,1,Pathogenic-only
subset of 171 genes: ANKRD17,-1,1,0,0,1,Pathogenic-only
subset of 171 genes: AP1S2:CLCN4:FANCB:HCCS:MID1:MSL3:OFD1:PIGA:TRAPPC2,-1,1,0,0,1,Pathogenic-only
subset of 171 genes: ASXL3:CELF4:DSC2:DSG2,-1,1,0,0,1,Pathogenic-only
subset of 171 genes: BMPR1A,-1,2,0,0,2,Pathogenic-only
subset of 171 genes: ELANE:STK11,-1,1,0,0,1,Pathogenic-only
subset of 171 genes: MAGEL2:SNURF:UBE3A,-1,1,0,0,1,Pathogenic-only
subset of 172 genes: CRKL:TBX1,-1,3,0,0,3,Pathogenic-only
subset of 172 genes: DLL1:ERMARD,-1,1,0,0,1,Pathogenic-only
subset of 172 genes: MAGEL2:SNURF:UBE3A,-1,2,0,0,2,Pathogenic-only
subset of 172 genes: ZFHX4,-1,1,0,0,1,Pathogenic-only
subset of 173 genes: CRKL:TBX1,-1,4,0,0,4,Pathogenic-only
subset of 173 genes: MAGEL2:SNURF:UBE3A,-1,2,0,0,2,Pathogenic-only
subset of 173 genes: PRRT2:SH2B1,-1,1,0,0,1,Pathogenic-only
subset of 174 genes: CRKL:TBX1,-1,1,0,0,1,Pathogenic-only
subset of 174 genes: GJA5,-1,1,0,0,1,Pathogenic-only
subset of 174 genes: MAGEL2:SNURF:UBE3A,-1,1,0,0,1,Pathogenic-only
subset of 175 genes: MNX1:SHH,-1,1,0,0,1,Pathogenic-only
subset of 175 genes: TAB2,-1,1,0,0,1,Pathogenic-only
subset of 175 genes: TERT,-1,1,0,0,1,Pathogenic-only
subset of 1759 genes: AXIN2:BPTF:BRCA1:BRIP1:CLTC:COL1A1:EFTUD2:HNF1B:KANSL1:NOG:RAD51C:SMARCE1:SRSF1:TBX2:TBX4,-1,1,0,0,1,Pathogenic-only
subset of 176 genes: ANOS1:ARSL:CLCN4:HCCS:MID1:MSL3:NLGN4X:SHOX:STS,-1,1,0,0,1,Pathogenic-only
subset of 176 genes: CRKL:TBX1,-1,2,0,0,2,Pathogenic-only
subset of 176 genes: DMRT1,-1,1,0,0,1,Pathogenic-only
subset of 177 genes: AR:DLG3:EDA:EFNB1:HDAC8:NEXMIF:NONO:OPHN1:SLC16A2:XIST,-1,1,0,0,1,Pathogenic-only
subset of 177 genes: CRKL:TBX1,-1,3,0,0,3,Pathogenic-only
subset of 178 genes: BMPR1A,-1,1,0,0,1,Pathogenic-only
subset of 178 genes: CRKL:TBX1,-1,8,0,0,8,Pathogenic-only
subset of 178 genes: EHMT1,-1,1,0,0,1,Pathogenic-only
subset of 178 genes: HNF1A:SETD1B,-1,1,0,0,1,Pathogenic-only
subset of 178 genes: IGF1R,-1,1,0,0,1,Pathogenic-only
subset of 179 genes: CDC42BPB,-1,1,0,0,1,Pathogenic-only
subset of 179 genes: CTCF,-1,1,0,0,1,Pathogenic-only
subset of 179 genes: DDX41:NSD1,-1,1,0,0,1,Pathogenic-only
subset of 179 genes: KCNQ2,-1,1,0,0,1,Pathogenic-only
subset of 179 genes: MAGEL2:SNURF:UBE3A,-1,1,0,0,1,Pathogenic-only
subset of 18 genes: ABCD1:BCAP31:SLC6A8,-1,1,0,0,1,Pathogenic-only
subset of 18 genes: AP1S2,-1,0,0,1,1,VUS/Other-only
subset of 18 genes: EYA1,-1,1,0,0,1,Pathogenic-only
subset of 18 genes: GRIA3:SH2D1A:STAG2:XIAP,-1,1,0,0,1,Pathogenic-only
subset of 18 genes: ITSN1:SON,-1,0,0,1,1,VUS/Other-only
subset of 18 genes: OFD1:TRAPPC2,-1,0,0,1,1,VUS/Other-only
subset of 18 genes: SHOX,-1,0,0,1,1,VUS/Other-only
subset of 18 genes: STS,-1,1,0,0,1,Pathogenic-only
subset of 18 genes: TCF4,-1,1,0,0,1,Pathogenic-only
subset of 180 genes: ACTC1:MEIS2:SPRED1,-1,1,0,0,1,Pathogenic-only
subset of 181 genes: BMPR1A,-1,2,0,0,2,Pathogenic-only
subset of 181 genes: FGFR1:KAT6A,-1,1,0,0,1,Pathogenic-only
subset of 181 genes: SHANK3,-1,1,0,0,1,Pathogenic-only
subset of 182 genes: CRKL:TBX1,-1,1,0,0,1,Pathogenic-only
subset of 182 genes: CSMD1,-1,1,0,0,1,Pathogenic-only
subset of 182 genes: FGF12:TP63,-1,1,0,0,1,Pathogenic-only
subset of 182 genes: TERT,-1,1,0,0,1,Pathogenic-only
subset of 183 genes: APC,-1,1,0,0,1,Pathogenic-only
subset of 183 genes: CREBBP:SRRM2,-1,1,0,0,1,Pathogenic-only
subset of 183 genes: CRKL:TBX1,-1,1,0,0,1,Pathogenic-only
subset of 183 genes: DMRT1,-1,1,0,0,1,Pathogenic-only
subset of 184 genes: CRKL:TBX1,-1,1,0,0,1,Pathogenic-only
subset of 184 genes: GNB1,-1,1,0,0,1,Pathogenic-only
subset of 184 genes: MAGEL2:SNURF:UBE3A,-1,1,0,0,1,Pathogenic-only
subset of 184 genes: TERT,-1,1,0,0,1,Pathogenic-only
subset of 185 genes: ENG:SPTAN1:STXBP1,-1,1,0,0,1,Pathogenic-only
subset of 185 genes: MAGEL2:SNURF:UBE3A,-1,1,0,0,1,Pathogenic-only
subset of 185 genes: MYLK,-1,1,0,0,1,Pathogenic-only
subset of 185 genes: SOX5,-1,1,0,0,1,Pathogenic-only
subset of 186 genes: AKT3:FH:HNRNPU:ZBTB18,-1,1,0,0,1,Pathogenic-only
subset of 186 genes: CRKL:TBX1,-1,1,0,0,1,Pathogenic-only
subset of 186 genes: KAT6A,-1,1,0,0,1,Pathogenic-only
subset of 186 genes: KCNQ2,-1,1,0,0,1,Pathogenic-only
subset of 187 genes: AP1S2:CLCN4:FANCB:HCCS:MID1:MSL3:NHS:OFD1:PIGA:TRAPPC2,-1,1,0,0,1,Pathogenic-only
subset of 187 genes: CRKL:TBX1,-1,1,0,0,1,Pathogenic-only
subset of 187 genes: ITPR1:SETD5,-1,1,0,0,1,Pathogenic-only
subset of 187 genes: KIT,-1,1,0,0,1,Pathogenic-only
subset of 188 genes: ANOS1:CLCN4:HCCS:MID1:MSL3:NLGN4X:STS,-1,1,0,0,1,Pathogenic-only
subset of 188 genes: CRKL:TBX1,-1,1,0,0,1,Pathogenic-only
subset of 188 genes: SHANK3,-1,1,0,0,1,Pathogenic-only
subset of 189 genes: CRKL:TBX1,-1,1,0,0,1,Pathogenic-only
subset of 189 genes: MSX1,-1,1,0,0,1,Pathogenic-only
subset of 189 genes: PRRT2:SH2B1,-1,1,0,0,1,Pathogenic-only
subset of 19 genes: CNOT2,-1,1,0,0,1,Pathogenic-only
subset of 19 genes: CSNK2A1,-1,1,0,0,1,Pathogenic-only
subset of 19 genes: EDA,-1,0,0,1,1,VUS/Other-only
subset of 19 genes: GABRG2,-1,1,0,0,1,Pathogenic-only
subset of 19 genes: HNRNPC,-1,0,0,1,1,VUS/Other-only
subset of 19 genes: IGF1R,-1,0,0,1,1,VUS/Other-only
subset of 19 genes: ITPR1,-1,0,0,1,1,VUS/Other-only
subset of 19 genes: PDHA1:RS1,-1,1,0,0,1,Pathogenic-only
subset of 19 genes: PTCH1,-1,1,0,0,1,Pathogenic-only
subset of 19 genes: RAD51C,-1,1,0,0,1,Pathogenic-only
subset of 19 genes: RPS24,-1,0,0,1,1,VUS/Other-only
subset of 19 genes: SCN1A:SCN2A,-1,3,0,0,3,Pathogenic-only
subset of 19 genes: STK11,-1,0,0,1,1,VUS/Other-only
subset of 19 genes: STS,-1,1,0,0,1,Pathogenic-only
subset of 190 genes: BCL11A,-1,1,0,0,1,Pathogenic-only
subset of 190 genes: CRKL:TBX1,-1,20,0,0,20,Pathogenic-only
subset of 190 genes: DLG2:FZD4,-1,1,0,0,1,Pathogenic-only
subset of 190 genes: GATA4,-1,1,0,0,1,Pathogenic-only
subset of 190 genes: MAGEL2:SNURF:UBE3A,-1,2,0,0,2,Pathogenic-only
subset of 190 genes: NAA15,-1,1,0,0,1,Pathogenic-only
subset of 191 genes: CRKL:TBX1,-1,4,0,0,4,Pathogenic-only
subset of 191 genes: GNAO1,-1,1,0,0,1,Pathogenic-only
subset of 192 genes: CRKL:TBX1,-1,5,0,0,5,Pathogenic-only
subset of 192 genes: DPP6:MNX1:SHH,-1,1,0,0,1,Pathogenic-only
subset of 192 genes: FLCN:RAI1,-1,1,0,0,1,Pathogenic-only
subset of 192 genes: MBD5:NR4A2,-1,1,0,0,1,Pathogenic-only
subset of 192 genes: SRSF11,-1,0,0,1,1,VUS/Other-only
subset of 192 genes: TERT,-1,1,0,0,1,Pathogenic-only
subset of 193 genes: KCNH2:KMT2C,-1,1,0,0,1,Pathogenic-only
subset of 193 genes: KDM6B:TP53,-1,1,0,0,1,Pathogenic-only
subset of 194 genes: CRKL:TBX1,-1,6,0,0,6,Pathogenic-only
subset of 194 genes: MAGEL2:SNURF:UBE3A,-1,1,0,0,1,Pathogenic-only
subset of 194 genes: ZFHX4,-1,1,0,0,1,Pathogenic-only
subset of 195 genes: CAMTA1:CHD5,-1,1,0,0,1,Pathogenic-only
subset of 195 genes: CRKL:TBX1,-1,2,0,0,2,Pathogenic-only
subset of 195 genes: DPP6:MNX1:SHH,-1,1,0,0,1,Pathogenic-only
subset of 195 genes: EHMT1,-1,3,0,0,3,Pathogenic-only
subset of 196 genes: TERT,-1,1,0,0,1,Pathogenic-only
subset of 197 genes: CRKL:TBX1,-1,1,0,0,1,Pathogenic-only
subset of 197 genes: CUL3:PAX3,-1,1,0,0,1,Pathogenic-only
subset of 197 genes: MAGEL2:SNURF:UBE3A,-1,1,0,0,1,Pathogenic-only
subset of 197 genes: NPRL3,-1,1,0,0,1,Pathogenic-only
subset of 198 genes: BCOR:CASK:CYBB:DDX3X:DMD:KDM6A:MAOA:NDP:NYX:OTC:TSPAN7:USP9X,-1,1,0,0,1,Pathogenic-only
subset of 198 genes: TERT,-1,1,0,0,1,Pathogenic-only
subset of 199 genes: ANKRD11,-1,1,0,0,1,Pathogenic-only
subset of 199 genes: MAGEL2:SNURF:UBE3A,-1,1,0,0,1,Pathogenic-only
subset of 199 genes: SCN1A:SCN2A:SLC4A10:TBR1,-1,1,0,0,1,Pathogenic-only
subset of 199 genes: TGIF1,-1,1,0,0,1,Pathogenic-only
subset of 20 genes: CREBBP,-1,0,0,1,1,VUS/Other-only
subset of 20 genes: EHMT1,-1,1,0,0,1,Pathogenic-only
subset of 20 genes: GPHN,-1,0,0,1,1,VUS/Other-only
subset of 20 genes: ITPR1,-1,1,0,2,3,Pathogenic-only
subset of 20 genes: OFD1:TRAPPC2,-1,0,1,0,1,Benign-only
subset of 20 genes: PHF8:SMC1A,-1,1,0,0,1,Pathogenic-only
subset of 20 genes: RP2,-1,0,0,1,1,VUS/Other-only
subset of 20 genes: SCN1A:SCN2A,-1,1,0,0,1,Pathogenic-only
subset of 20 genes: TNNI3,-1,0,0,1,1,VUS/Other-only
subset of 200 genes: COL1A1:NOG,-1,1,0,0,1,Pathogenic-only
subset of 200 genes: CRKL:TBX1,-1,5,0,0,5,Pathogenic-only
subset of 200 genes: IGF1R,-1,1,0,0,1,Pathogenic-only
subset of 201 genes: CRKL:TBX1,-1,1,0,0,1,Pathogenic-only
subset of 201 genes: EHMT1,-1,1,0,0,1,Pathogenic-only
subset of 201 genes: FLCN:RAI1,-1,1,0,0,1,Pathogenic-only
subset of 201 genes: GNB1,-1,1,0,0,1,Pathogenic-only
subset of 201 genes: KCNQ2,-1,0,0,1,1,VUS/Other-only
subset of 2011 genes: ASH1L:CACNA1E:FLG:GATAD2B:GJA5:LHX4:LMNA:PBX1:POGZ:SDHC:SF3B4,-1,1,0,0,1,Pathogenic-only
subset of 202 genes: ABCD1:AVPR2:BCAP31:CCNQ:DKC1:F8:FLNA:GDI1:IKBKG:L1CAM:MECP2:NAA10:RAB39B:SLC6A8:TMLHE,-1,2,0,0,2,Pathogenic-only
subset of 202 genes: ADNP:SALL4,-1,1,0,0,1,Pathogenic-only
subset of 202 genes: CLCN5:EBP:FTSJ1:PORCN:PQBP1:SLC35A2:SYP:WAS:WDR45,-1,1,0,0,1,Pathogenic-only
subset of 2028 genes: BRCA2:CHAMP1:EDNRB:NBEA:POLR1D:RB1:ZIC2,-1,1,0,0,1,Pathogenic-only
subset of 203 genes: DICER1,-1,1,0,0,1,Pathogenic-only
subset of 203 genes: MAGEL2:SNURF:UBE3A,-1,1,0,0,1,Pathogenic-only
subset of 204 genes: LMNB1:RAD50,-1,1,0,0,1,Pathogenic-only
subset of 2044 genes: BRCA2:EDNRB:NBEA:POLR1D:RB1:ZIC2,-1,1,0,0,1,Pathogenic-only
subset of 2048 genes: BRCA2:CHAMP1:EDNRB:NBEA:POLR1D:RB1:ZIC2,-1,1,0,0,1,Pathogenic-only
subset of 205 genes: EBF3,-1,1,0,0,1,Pathogenic-only
subset of 205 genes: MAGEL2:SNURF:UBE3A,-1,1,0,0,1,Pathogenic-only
subset of 2051 genes: BRCA2:CHAMP1:EDNRB:NBEA:POLR1D:RB1:ZIC2,-1,1,0,0,1,Pathogenic-only
subset of 206 genes: CYLD:SALL1,-1,1,0,0,1,Pathogenic-only
subset of 206 genes: DPP6:MNX1:SHH,-1,1,0,0,1,Pathogenic-only
subset of 206 genes: IGF1R,-1,1,0,0,1,Pathogenic-only
subset of 207 genes: COL1A1,-1,1,0,0,1,Pathogenic-only
subset of 207 genes: CRKL:TBX1,-1,1,0,0,1,Pathogenic-only
subset of 207 genes: DPP6:MNX1:SHH,-1,1,0,0,1,Pathogenic-only
subset of 207 genes: GATA6,-1,1,0,0,1,Pathogenic-only
subset of 207 genes: SHANK3,-1,1,0,0,1,Pathogenic-only
subset of 208 genes: AR:ATP7A:ATRX:DLG3:EDA:EFNB1:HDAC8:MAGT1:NEXMIF:NONO:OPHN1:PGK1:SLC16A2:XIST,-1,1,0,0,1,Pathogenic-only
subset of 208 genes: CYLD:SALL1,-1,1,0,0,1,Pathogenic-only
subset of 208 genes: GATA4,-1,1,0,0,1,Pathogenic-only
subset of 208 genes: GNB1,-1,1,0,0,1,Pathogenic-only
subset of 208 genes: NFIA,-1,1,0,0,1,Pathogenic-only
subset of 209 genes: ABCD1:AVPR2:BCAP31:CCNQ:DKC1:F8:FLNA:GDI1:IKBKG:L1CAM:MECP2:NAA10:RAB39B:SLC6A8:TMLHE,-1,1,0,0,1,Pathogenic-only
subset of 209 genes: ANKRD17:YTHDC1,-1,1,0,0,1,Pathogenic-only
subset of 209 genes: ELANE:STK11,-1,1,0,0,1,Pathogenic-only
subset of 21 genes: CAMTA1,-1,0,0,1,1,VUS/Other-only
subset of 21 genes: CASK:MAOA:NDP,-1,1,0,0,1,Pathogenic-only
subset of 21 genes: F8:RAB39B,-1,2,0,0,2,Pathogenic-only
subset of 21 genes: FH,-1,0,0,1,1,VUS/Other-only
subset of 21 genes: ITPR1,-1,0,0,1,1,VUS/Other-only
subset of 21 genes: KANSL1,-1,1,0,0,1,Pathogenic-only
subset of 21 genes: KCNQ2,-1,1,0,0,1,Pathogenic-only
subset of 21 genes: NIPBL,-1,0,0,1,1,VUS/Other-only
subset of 21 genes: RB1CC1,-1,1,0,0,1,Pathogenic-only
subset of 21 genes: RPS17,-1,1,0,0,1,Pathogenic-only
subset of 21 genes: SETD5,-1,0,0,1,1,VUS/Other-only
subset of 21 genes: SHOX,-1,1,0,0,1,Pathogenic-only
subset of 21 genes: SPAST,-1,1,0,0,1,Pathogenic-only
subset of 211 genes: EBF3,-1,1,0,0,1,Pathogenic-only
subset of 211 genes: GATA4,-1,1,0,0,1,Pathogenic-only
subset of 211 genes: NSD2,-1,1,0,0,1,Pathogenic-only
subset of 211 genes: PALB2,-1,1,0,0,1,Pathogenic-only
subset of 213 genes: ARID1B,-1,1,0,0,1,Pathogenic-only
subset of 213 genes: CYLD:SALL1,-1,1,0,0,1,Pathogenic-only
subset of 213 genes: NPRL3,-1,1,0,0,1,Pathogenic-only
subset of 214 genes: CAMK2B:CDK13:GLI3,-1,1,0,0,1,Pathogenic-only
subset of 214 genes: CYLD:SALL1,-1,1,0,0,1,Pathogenic-only
subset of 214 genes: DMRT1,-1,1,0,0,1,Pathogenic-only
subset of 214 genes: SDHB:SPEN,-1,1,0,0,1,Pathogenic-only
subset of 214 genes: SHANK3,-1,1,0,0,1,Pathogenic-only
subset of 215 genes: DLG4:KDM6B:TP53,-1,1,0,0,1,Pathogenic-only
subset of 215 genes: MAGEL2:SNURF:UBE3A,-1,1,0,0,1,Pathogenic-only
subset of 2157 genes: AHDC1:ARID1A:CAMTA1:CASZ1:CHD5:GNB1:RERE:SDHB:SPEN,-1,1,0,0,1,Pathogenic-only
subset of 216 genes: CLCN5:EBP:FTSJ1:PORCN:PQBP1:SLC35A2:SYP:WAS:WDR45,-1,1,0,0,1,Pathogenic-only
subset of 216 genes: RB1,-1,1,0,0,1,Pathogenic-only
subset of 217 genes: CIC:ERF:RPS19,-1,1,0,0,1,Pathogenic-only
subset of 218 genes: NR3C2,-1,1,0,0,1,Pathogenic-only
subset of 219 genes: BMP4:GCH1,-1,1,0,0,1,Pathogenic-only
subset of 219 genes: CTCF,-1,1,0,0,1,Pathogenic-only
subset of 219 genes: FLCN:RAI1,-1,1,0,0,1,Pathogenic-only
subset of 219 genes: GJA5,-1,1,0,0,1,Pathogenic-only
subset of 22 genes: ATP7A:ATRX:MAGT1:PGK1,-1,1,0,0,1,Pathogenic-only
subset of 22 genes: CASK:DDX3X:NYX,-1,1,0,0,1,Pathogenic-only
subset of 22 genes: F9:SOX3,-1,1,0,0,1,Pathogenic-only
subset of 22 genes: PAX6,-1,0,0,1,1,VUS/Other-only
subset of 22 genes: RAD21,-1,0,1,0,1,Benign-only
subset of 22 genes: SHOX,-1,0,0,1,1,VUS/Other-only
subset of 221 genes: ACTC1:MEIS2:SPRED1,-1,1,0,0,1,Pathogenic-only
subset of 221 genes: ANKRD11,-1,1,0,0,1,Pathogenic-only
subset of 221 genes: MAGEL2:SNURF:UBE3A,-1,1,0,0,1,Pathogenic-only
subset of 221 genes: PAFAH1B1,-1,1,0,0,1,Pathogenic-only
subset of 223 genes: ATR:FOXL2,-1,1,0,0,1,Pathogenic-only
subset of 223 genes: IGF1R,-1,1,0,0,1,Pathogenic-only
subset of 223 genes: MAGEL2:SNURF:UBE3A,-1,1,0,0,1,Pathogenic-only
subset of 223 genes: PPP2R5D:VEGFA,-1,1,0,0,1,Pathogenic-only
subset of 223 genes: SYNCRIP:ZNF292,-1,1,0,0,1,Pathogenic-only
subset of 224 genes: SHANK3,-1,1,0,0,1,Pathogenic-only
subset of 224 genes: SMARCB1,-1,1,0,0,1,Pathogenic-only
subset of 224 genes: STK11,-1,1,0,0,1,Pathogenic-only
subset of 225 genes: SMARCB1,-1,1,0,0,1,Pathogenic-only
subset of 226 genes: APC,-1,1,0,0,1,Pathogenic-only
subset of 226 genes: DSCAM:DYRK1A,-1,1,0,0,1,Pathogenic-only
subset of 227 genes: ALX4:EXT2:PHF21A,-1,1,0,0,1,Pathogenic-only
subset of 227 genes: CAMTA1:CHD5,-1,1,0,0,1,Pathogenic-only
subset of 227 genes: TERT,-1,1,0,0,1,Pathogenic-only
subset of 228 genes: DPP6:KMT2C:MNX1:SHH,-1,1,0,0,1,Pathogenic-only
subset of 228 genes: FGF12:TP63,-1,1,0,0,1,Pathogenic-only
subset of 229 genes: AKT3:HNRNPU:ZBTB18,-1,1,0,0,1,Pathogenic-only
subset of 229 genes: DLL1:ERMARD,-1,1,0,0,1,Pathogenic-only
subset of 229 genes: EHMT1,-1,1,0,0,1,Pathogenic-only
subset of 229 genes: MAGEL2:SNURF:UBE3A,-1,1,0,0,1,Pathogenic-only
subset of 229 genes: SMARCB1,-1,1,0,0,1,Pathogenic-only
subset of 229 genes: TBX1,-1,2,0,0,2,Pathogenic-only
subset of 229 genes: TERT,-1,1,0,0,1,Pathogenic-only
subset of 23 genes: ACTA2:FAS,-1,0,0,1,1,VUS/Other-only
subset of 23 genes: CDC73,-1,1,0,0,1,Pathogenic-only
subset of 23 genes: CHM:ZNF711,-1,3,0,0,3,Pathogenic-only
subset of 23 genes: DMRT1,-1,0,0,1,1,VUS/Other-only
subset of 23 genes: EHMT1,-1,3,0,0,3,Pathogenic-only
subset of 23 genes: FOXP2,-1,1,0,0,1,Pathogenic-only
subset of 23 genes: MEF2C,-1,1,0,0,1,Pathogenic-only
subset of 23 genes: MSH2,-1,0,0,1,1,VUS/Other-only
subset of 23 genes: NR3C2,-1,0,0,1,1,VUS/Other-only
subset of 23 genes: PTCH1,-1,1,0,0,1,Pathogenic-only
subset of 23 genes: STK11,-1,1,0,0,1,Pathogenic-only
subset of 23 genes: USP7,-1,0,0,1,1,VUS/Other-only
subset of 231 genes: DLG4:KDM6B:TP53,-1,1,0,0,1,Pathogenic-only
subset of 231 genes: FOXC2:FOXF1,-1,1,0,0,1,Pathogenic-only
subset of 231 genes: MAGEL2:SNURF:UBE3A,-1,1,0,0,1,Pathogenic-only
subset of 232 genes: EYA1:YTHDF3,-1,1,0,0,1,Pathogenic-only
subset of 232 genes: FLCN:PMP22:RAI1,-1,1,0,0,1,Pathogenic-only
subset of 232 genes: TAB2,-1,1,0,0,1,Pathogenic-only
subset of 233 genes: SHANK3,-1,1,0,0,1,Pathogenic-only
subset of 233 genes: TRRAP,-1,1,0,0,1,Pathogenic-only
subset of 234 genes: DMRT1,-1,1,0,0,1,Pathogenic-only
subset of 235 genes: GATA4,-1,1,0,0,1,Pathogenic-only
subset of 236 genes: FLNC,-1,1,0,0,1,Pathogenic-only
subset of 237 genes: FOXP1:MITF,-1,1,0,0,1,Pathogenic-only
subset of 238 genes: AKT3:HNRNPU:ZBTB18,-1,1,0,0,1,Pathogenic-only
subset of 238 genes: DMRT1,-1,3,0,0,3,Pathogenic-only
subset of 238 genes: SHANK3,-1,1,0,0,1,Pathogenic-only
subset of 238 genes: TBX1,-1,1,0,0,1,Pathogenic-only
subset of 239 genes: PAX9,-1,1,0,0,1,Pathogenic-only
subset of 239 genes: SIN3A,-1,1,0,0,1,Pathogenic-only
subset of 24 genes: ARHGEF9,-1,0,0,1,1,VUS/Other-only
subset of 24 genes: PKP2,-1,1,0,0,1,Pathogenic-only
subset of 24 genes: RBFOX1,-1,1,0,0,1,Pathogenic-only
subset of 24 genes: RUNX2,-1,0,0,1,1,VUS/Other-only
subset of 24 genes: SCN1A:SCN2A,-1,1,0,0,1,Pathogenic-only
subset of 24 genes: STS,-1,1,0,0,1,Pathogenic-only
subset of 24 genes: TCF4,-1,1,0,0,1,Pathogenic-only
subset of 24 genes: TP63,-1,1,0,0,1,Pathogenic-only
subset of 240 genes: AKT3:HNRNPU:ZBTB18,-1,1,0,0,1,Pathogenic-only
subset of 240 genes: GNB1,-1,1,0,0,1,Pathogenic-only
subset of 240 genes: POLE,-1,0,0,1,1,VUS/Other-only
subset of 241 genes: MYT1L:RPS7:SOX11,-1,1,0,0,1,Pathogenic-only
subset of 241 genes: SET,-1,1,0,0,1,Pathogenic-only
subset of 242 genes: TGIF1,-1,1,0,0,1,Pathogenic-only
subset of 243 genes: FLCN:RAI1,-1,1,0,0,1,Pathogenic-only
subset of 244 genes: FLCN:RAI1,-1,3,0,0,3,Pathogenic-only
subset of 244 genes: TAF13,-1,1,0,0,1,Pathogenic-only
subset of 245 genes: FLCN:RAI1,-1,1,0,0,1,Pathogenic-only
subset of 246 genes: FLCN:PMP22:RAI1,-1,1,0,0,1,Pathogenic-only
subset of 247 genes: CDKN2A:ELAVL2:MTAP:NFIB,-1,1,0,0,1,Pathogenic-only
subset of 247 genes: FLCN:RAI1,-1,1,0,0,1,Pathogenic-only
subset of 247 genes: GNB1,-1,1,0,0,1,Pathogenic-only
subset of 247 genes: KIF11:LGI1,-1,1,0,0,1,Pathogenic-only
subset of 248 genes: DIP2A,-1,1,0,0,1,Pathogenic-only
subset of 248 genes: DLL1:ERMARD,-1,1,0,0,1,Pathogenic-only
subset of 248 genes: FLCN:RAI1,-1,3,0,0,3,Pathogenic-only
subset of 249 genes: FLCN:RAI1,-1,2,0,0,2,Pathogenic-only
subset of 249 genes: GNB1,-1,2,0,0,2,Pathogenic-only
subset of 25 genes: ANKRD11,-1,2,0,0,2,Pathogenic-only
subset of 25 genes: CD40LG:ZIC3,-1,1,0,0,1,Pathogenic-only
subset of 25 genes: CHAMP1,-1,1,0,0,1,Pathogenic-only
subset of 25 genes: EHMT1,-1,1,0,0,1,Pathogenic-only
subset of 25 genes: MECP2,-1,1,0,0,1,Pathogenic-only
subset of 25 genes: NIPBL,-1,0,0,1,1,VUS/Other-only
subset of 25 genes: PMP22,-1,1,0,0,1,Pathogenic-only
subset of 25 genes: STS,-1,0,4,0,4,Benign-only
subset of 25 genes: USP7,-1,0,0,1,1,VUS/Other-only
subset of 250 genes: FGF10:NIPBL,-1,1,0,0,1,Pathogenic-only
subset of 250 genes: FLCN:RAI1,-1,5,0,0,5,Pathogenic-only
subset of 251 genes: FOXP2:POT1,-1,1,0,0,1,Pathogenic-only
subset of 252 genes: ELN:SEMA3A,-1,1,0,0,1,Pathogenic-only
subset of 252 genes: FLCN:RAI1,-1,1,0,0,1,Pathogenic-only
subset of 252 genes: HDAC4,-1,1,0,0,1,Pathogenic-only
subset of 252 genes: KCNQ2,-1,1,0,0,1,Pathogenic-only
subset of 253 genes: DLL1:ERMARD,-1,1,0,0,1,Pathogenic-only
subset of 253 genes: HDAC4,-1,1,0,0,1,Pathogenic-only
subset of 254 genes: FLCN:RAI1,-1,1,0,0,1,Pathogenic-only
subset of 254 genes: KIT,-1,1,0,0,1,Pathogenic-only
subset of 254 genes: NSD2,-1,1,0,0,1,Pathogenic-only
subset of 255 genes: FLCN:RAI1,-1,1,0,0,1,Pathogenic-only
subset of 255 genes: GNB1,-1,1,0,0,1,Pathogenic-only
subset of 255 genes: NR2F1,-1,1,0,0,1,Pathogenic-only
subset of 255 genes: PKD2:WDFY3,-1,1,0,0,1,Pathogenic-only
subset of 256 genes: AKT3:HNRNPU:ZBTB18,-1,1,0,0,1,Pathogenic-only
subset of 256 genes: DMRT1:RFX3,-1,1,0,0,1,Pathogenic-only
subset of 256 genes: GNB1,-1,1,0,0,1,Pathogenic-only
subset of 256 genes: HIVEP3:SLC2A1,-1,1,0,0,1,Pathogenic-only
subset of 256 genes: NPRL3,-1,1,0,0,1,Pathogenic-only
subset of 256 genes: NUS1,-1,1,0,0,1,Pathogenic-only
subset of 257 genes: CSMD1,-1,1,0,0,1,Pathogenic-only
subset of 257 genes: DMRT1,-1,1,0,0,1,Pathogenic-only
subset of 257 genes: MAGEL2:SNURF:UBE3A,-1,1,0,0,1,Pathogenic-only
subset of 257 genes: NFIA:SRSF11,-1,1,0,0,1,Pathogenic-only
subset of 258 genes: APP,-1,1,0,0,1,Pathogenic-only
subset of 259 genes: DLL1:ERMARD,-1,1,0,0,1,Pathogenic-only
subset of 259 genes: FGF10:NIPBL,-1,1,0,0,1,Pathogenic-only
subset of 2598 genes: ABCD1:ACSL4:AFF2:ALG13:ANOS1:AP1S2:AR:ARHGEF9:ARX:ATP7A:ATRX:AVPR2:BCAP31:BCOR:BRWD3:BTK:CASK:CCNQ:CD40LG:CDKL5:CHM:CHRDL1:CLCN4:CLCN5:CNKSR2:COL4A5:CUL4B:CYBB:DCX:DDX3X:DKC1:DLG3:DMD:EBP:EDA:EFNB1:F8:F9:FANCB:FGD1:FLNA:FMR1:FRMD7:FTSJ1:GDI1:GK:GLA:GPC3:GRIA3:HCCS:HDAC8:HPRT1:IDS:IKBKG:IL1RAPL1:IQSEC2:KDM5C:KDM6A:L1CAM:LAMP2:MAGT1:MAOA:MECP2:MED12:MID1:MSL3:MTM1:NAA10:NDP:NEXMIF:NHS:NLGN4X:NONO:NR0B1:NSDHL:NYX:OCRL:OFD1:OPHN1:OTC:PAK3:PCDH19:PDHA1:PGK1:PHEX:PHF6:PHF8:PIGA:PLP1:PORCN:POU3F4:PQBP1:PRPS1:PTCHD1:RAB39B:RP2:RPS6KA3:RS1:SH2D1A:SLC16A2:SLC35A2:SLC6A8:SLC9A6:SMC1A:SMS:SOX3:STAG2:STS:SYN1:SYP:TBX22:TIMM8A:TMLHE:TRAPPC2:TSPAN7:UBE2A:UPF3B:USP9X:WAS:WDR45:XIAP:XIST:ZC4H2:ZDHHC9:ZIC3:ZNF41:ZNF711,-1,1,0,0,1,Pathogenic-only
subset of 26 genes: ARID1B,-1,1,0,0,1,Pathogenic-only
subset of 26 genes: CYBB:DMD,-1,1,0,0,1,Pathogenic-only
subset of 26 genes: EHMT1,-1,4,0,0,4,Pathogenic-only
subset of 26 genes: FOXC1,-1,1,0,0,1,Pathogenic-only
subset of 26 genes: FOXL2,-1,0,0,1,1,VUS/Other-only
subset of 26 genes: GJA5,-1,1,0,0,1,Pathogenic-only
subset of 26 genes: NUS1,-1,0,0,1,1,VUS/Other-only
subset of 26 genes: PMP22,-1,2,0,0,2,Pathogenic-only
subset of 26 genes: STS,-1,6,1,0,7,Multiclass
subset of 260 genes: DMRT1,-1,1,0,0,1,Pathogenic-only
subset of 260 genes: GATA4,-1,1,0,0,1,Pathogenic-only
subset of 2608 genes: ABCD1:ACSL4:AFF2:ALG13:ANOS1:AP1S2:AR:ARHGEF9:ARSL:ARX:ATP7A:ATRX:AVPR2:BCAP31:BCOR:BRWD3:BTK:CASK:CCNQ:CD40LG:CDKL5:CHM:CHRDL1:CLCN4:CLCN5:CNKSR2:COL4A5:CUL4B:CYBB:DCX:DDX3X:DKC1:DLG3:DMD:EBP:EDA:EFNB1:F8:F9:FANCB:FGD1:FLNA:FMR1:FRMD7:FTSJ1:GDI1:GK:GLA:GPC3:GRIA3:HCCS:HDAC8:HPRT1:IDS:IKBKG:IL1RAPL1:IQSEC2:KDM5C:KDM6A:L1CAM:LAMP2:MAGT1:MAOA:MECP2:MED12:MID1:MSL3:MTM1:NAA10:NDP:NEXMIF:NHS:NLGN4X:NONO:NR0B1:NSDHL:NYX:OCRL:OFD1:OPHN1:OTC:PAK3:PCDH19:PDHA1:PGK1:PHEX:PHF6:PHF8:PIGA:PLP1:PORCN:POU3F4:PQBP1:PRPS1:PTCHD1:RAB39B:RP2:RPS6KA3:RS1:SH2D1A:SLC16A2:SLC35A2:SLC6A8:SLC9A6:SMC1A:SMS:SOX3:STAG2:STS:SYN1:SYP:TBX22:TIMM8A:TMLHE:TRAPPC2:TSPAN7:UBE2A:UPF3B:USP9X:WAS:WDR45:XIAP:XIST:ZC4H2:ZDHHC9:ZIC3:ZNF41:ZNF711,-1,1,0,0,1,Pathogenic-only
subset of 261 genes: FOXC1,-1,1,0,0,1,Pathogenic-only
subset of 261 genes: GATA4,-1,1,0,0,1,Pathogenic-only
subset of 2611 genes: ABCD1:ACSL4:AFF2:ALG13:ANOS1:AP1S2:AR:ARHGEF9:ARSL:ARX:ATP7A:ATRX:AVPR2:BCAP31:BCOR:BRWD3:BTK:CASK:CCNQ:CD40LG:CDKL5:CHM:CHRDL1:CLCN4:CLCN5:CNKSR2:COL4A5:CUL4B:CYBB:DCX:DDX3X:DKC1:DLG3:DMD:EBP:EDA:EFNB1:F8:F9:FANCB:FGD1:FLNA:FMR1:FRMD7:FTSJ1:GDI1:GK:GLA:GPC3:GRIA3:HCCS:HDAC8:HPRT1:IDS:IKBKG:IL1RAPL1:IQSEC2:KDM5C:KDM6A:L1CAM:LAMP2:MAGT1:MAOA:MECP2:MED12:MID1:MSL3:MTM1:NAA10:NDP:NEXMIF:NHS:NLGN4X:NONO:NR0B1:NSDHL:NYX:OCRL:OFD1:OPHN1:OTC:PAK3:PCDH19:PDHA1:PGK1:PHEX:PHF6:PHF8:PIGA:PLP1:PORCN:POU3F4:PQBP1:PRPS1:PTCHD1:RAB39B:RP2:RPS6KA3:RS1:SH2D1A:SLC16A2:SLC35A2:SLC6A8:SLC9A6:SMC1A:SMS:SOX3:STAG2:STS:SYN1:SYP:TBX22:TIMM8A:TMLHE:TRAPPC2:TSPAN7:UBE2A:UPF3B:USP9X:WAS:WDR45:XIAP:XIST:ZC4H2:ZDHHC9:ZIC3:ZNF41:ZNF711,-1,1,0,0,1,Pathogenic-only
subset of 262 genes: BCLAF1,-1,1,0,0,1,Pathogenic-only
subset of 262 genes: SIN3A,-1,1,0,0,1,Pathogenic-only
subset of 263 genes: CACNA1A:NFIX,-1,1,0,0,1,Pathogenic-only
subset of 263 genes: CHAMP1,-1,1,0,0,1,Pathogenic-only
subset of 263 genes: GATA4,-1,1,0,0,1,Pathogenic-only
subset of 2642 genes: ABCD1:ACSL4:AFF2:ALG13:ANOS1:AP1S2:AR:ARHGEF9:ARSL:ARX:ATP7A:ATRX:AVPR2:BCAP31:BCOR:BRWD3:BTK:CASK:CCNQ:CD40LG:CDKL5:CHM:CHRDL1:CLCN4:CLCN5:CNKSR2:COL4A5:CUL4B:CYBB:DCX:DDX3X:DKC1:DLG3:DMD:EBP:EDA:EFNB1:F8:F9:FANCB:FGD1:FLNA:FMR1:FRMD7:FTSJ1:GDI1:GK:GLA:GPC3:GRIA3:HCCS:HDAC8:HPRT1:IDS:IKBKG:IL1RAPL1:IQSEC2:KDM5C:KDM6A:L1CAM:LAMP2:MAGT1:MAOA:MECP2:MED12:MID1:MSL3:MTM1:NAA10:NDP:NEXMIF:NHS:NLGN4X:NONO:NR0B1:NSDHL:NYX:OCRL:OFD1:OPHN1:OTC:PAK3:PCDH19:PDHA1:PGK1:PHEX:PHF6:PHF8:PIGA:PLP1:PORCN:POU3F4:PQBP1:PRPS1:PTCHD1:RAB39B:RP2:RPS6KA3:RS1:SH2D1A:SHOX:SLC16A2:SLC35A2:SLC6A8:SLC9A6:SMC1A:SMS:SOX3:STAG2:STS:SYN1:SYP:TBX22:TIMM8A:TMLHE:TRAPPC2:TSPAN7:UBE2A:UPF3B:USP9X:WAS:WDR45:XIAP:XIST:ZC4H2:ZDHHC9:ZIC3:ZNF41:ZNF711,-1,2,0,0,2,Pathogenic-only
subset of 2645 genes: ABCD1:ACSL4:AFF2:ALG13:ANOS1:AP1S2:AR:ARHGEF9:ARSL:ARX:ATP7A:ATRX:AVPR2:BCAP31:BCOR:BRWD3:BTK:CASK:CCNQ:CD40LG:CDKL5:CHM:CHRDL1:CLCN4:CLCN5:CNKSR2:COL4A5:CUL4B:CYBB:DCX:DDX3X:DKC1:DLG3:DMD:EBP:EDA:EFNB1:F8:F9:FANCB:FGD1:FLNA:FMR1:FRMD7:FTSJ1:GDI1:GK:GLA:GPC3:GRIA3:HCCS:HDAC8:HPRT1:IDS:IKBKG:IL1RAPL1:IQSEC2:KDM5C:KDM6A:L1CAM:LAMP2:MAGT1:MAOA:MECP2:MED12:MID1:MSL3:MTM1:NAA10:NDP:NEXMIF:NHS:NLGN4X:NONO:NR0B1:NSDHL:NYX:OCRL:OFD1:OPHN1:OTC:PAK3:PCDH19:PDHA1:PGK1:PHEX:PHF6:PHF8:PIGA:PLP1:PORCN:POU3F4:PQBP1:PRPS1:PTCHD1:RAB39B:RP2:RPS6KA3:RS1:SH2D1A:SHOX:SLC16A2:SLC35A2:SLC6A8:SLC9A6:SMC1A:SMS:SOX3:STAG2:STS:SYN1:SYP:TBX22:TIMM8A:TMLHE:TRAPPC2:TSPAN7:UBE2A:UPF3B:USP9X:WAS:WDR45:XIAP:XIST:ZC4H2:ZDHHC9:ZIC3:ZNF41:ZNF711,-1,4,0,0,4,Pathogenic-only
subset of 2646 genes: ABCD1:ACSL4:AFF2:ALG13:ANOS1:AP1S2:AR:ARHGEF9:ARSL:ARX:ATP7A:ATRX:AVPR2:BCAP31:BCOR:BRWD3:BTK:CASK:CCNQ:CD40LG:CDKL5:CHM:CHRDL1:CLCN4:CLCN5:CNKSR2:COL4A5:CUL4B:CYBB:DCX:DDX3X:DKC1:DLG3:DMD:EBP:EDA:EFNB1:F8:F9:FANCB:FGD1:FLNA:FMR1:FRMD7:FTSJ1:GDI1:GK:GLA:GPC3:GRIA3:HCCS:HDAC8:HPRT1:IDS:IKBKG:IL1RAPL1:IQSEC2:KDM5C:KDM6A:L1CAM:LAMP2:MAGT1:MAOA:MECP2:MED12:MID1:MSL3:MTM1:NAA10:NDP:NEXMIF:NHS:NLGN4X:NONO:NR0B1:NSDHL:NYX:OCRL:OFD1:OPHN1:OTC:PAK3:PCDH19:PDHA1:PGK1:PHEX:PHF6:PHF8:PIGA:PLP1:PORCN:POU3F4:PQBP1:PRPS1:PTCHD1:RAB39B:RP2:RPS6KA3:RS1:SH2D1A:SHOX:SLC16A2:SLC35A2:SLC6A8:SLC9A6:SMC1A:SMS:SOX3:STAG2:STS:SYN1:SYP:TBX22:TIMM8A:TMLHE:TRAPPC2:TSPAN7:UBE2A:UPF3B:USP9X:WAS:WDR45:XIAP:XIST:ZC4H2:ZDHHC9:ZIC3:ZNF41:ZNF711,-1,3,0,0,3,Pathogenic-only
subset of 2647 genes: ABCD1:ACSL4:AFF2:ALG13:ANOS1:AP1S2:AR:ARHGEF9:ARSL:ARX:ATP7A:ATRX:AVPR2:BCAP31:BCOR:BRWD3:BTK:CASK:CCNQ:CD40LG:CDKL5:CHM:CHRDL1:CLCN4:CLCN5:CNKSR2:COL4A5:CUL4B:CYBB:DCX:DDX3X:DKC1:DLG3:DMD:EBP:EDA:EFNB1:F8:F9:FANCB:FGD1:FLNA:FMR1:FRMD7:FTSJ1:GDI1:GK:GLA:GPC3:GRIA3:HCCS:HDAC8:HPRT1:IDS:IKBKG:IL1RAPL1:IQSEC2:KDM5C:KDM6A:L1CAM:LAMP2:MAGT1:MAOA:MECP2:MED12:MID1:MSL3:MTM1:NAA10:NDP:NEXMIF:NHS:NLGN4X:NONO:NR0B1:NSDHL:NYX:OCRL:OFD1:OPHN1:OTC:PAK3:PCDH19:PDHA1:PGK1:PHEX:PHF6:PHF8:PIGA:PLP1:PORCN:POU3F4:PQBP1:PRPS1:PTCHD1:RAB39B:RP2:RPS6KA3:RS1:SH2D1A:SHOX:SLC16A2:SLC35A2:SLC6A8:SLC9A6:SMC1A:SMS:SOX3:STAG2:STS:SYN1:SYP:TBX22:TIMM8A:TMLHE:TRAPPC2:TSPAN7:UBE2A:UPF3B:USP9X:WAS:WDR45:XIAP:XIST:ZC4H2:ZDHHC9:ZIC3:ZNF41:ZNF711,-1,2,0,0,2,Pathogenic-only
subset of 265 genes: CREBBP:RBFOX1,-1,1,0,0,1,Pathogenic-only
subset of 266 genes: GPHN:MAX,-1,1,0,0,1,Pathogenic-only
subset of 266 genes: SET,-1,1,0,0,1,Pathogenic-only
subset of 267 genes: AKT3:FH:HNRNPU:ZBTB18,-1,1,0,0,1,Pathogenic-only
subset of 267 genes: CDH1,-1,1,0,0,1,Pathogenic-only
subset of 267 genes: HNF1A:SETD1B,-1,0,0,1,1,VUS/Other-only
subset of 267 genes: PAK2,-1,1,0,0,1,Pathogenic-only
subset of 268 genes: CDKN1C:KCNQ1:KCNQ1OT1,-1,1,0,0,1,Pathogenic-only
subset of 268 genes: NOTCH1,-1,1,0,0,1,Pathogenic-only
subset of 269 genes: ANKRD11,-1,1,0,0,1,Pathogenic-only
subset of 269 genes: POLE,-1,1,0,0,1,Pathogenic-only
subset of 27 genes: CSMD1,-1,0,0,1,1,VUS/Other-only
subset of 27 genes: EHMT1,-1,1,0,0,1,Pathogenic-only
subset of 27 genes: PMP22,-1,8,0,0,8,Pathogenic-only
subset of 27 genes: SEMA3A,-1,1,0,0,1,Pathogenic-only
subset of 27 genes: STS,-1,1,0,0,1,Pathogenic-only
subset of 272 genes: GNB1,-1,1,0,0,1,Pathogenic-only
subset of 272 genes: HIVEP3,-1,1,0,0,1,Pathogenic-only
subset of 272 genes: PHF2:PTCH1,-1,1,0,0,1,Pathogenic-only
subset of 273 genes: AKT3:FH:HNRNPU:ZBTB18,-1,1,0,0,1,Pathogenic-only
subset of 273 genes: CDKN1C:KCNQ1:KCNQ1OT1,-1,1,0,0,1,Pathogenic-only
subset of 273 genes: CHAMP1,-1,1,0,0,1,Pathogenic-only
subset of 273 genes: CRKL:TBX1,-1,1,0,0,1,Pathogenic-only
subset of 273 genes: SCN1A:SCN2A,-1,1,0,0,1,Pathogenic-only
subset of 274 genes: BRSK2:CDKN1C:KCNQ1:KCNQ1OT1,-1,1,0,0,1,Pathogenic-only
subset of 275 genes: DMRT1:NFIB,-1,1,0,0,1,Pathogenic-only
subset of 275 genes: GNB1,-1,1,0,0,1,Pathogenic-only
subset of 275 genes: TERT,-1,1,0,0,1,Pathogenic-only
subset of 276 genes: AKT3:FH:HNRNPU:ZBTB18,-1,1,0,0,1,Pathogenic-only
subset of 276 genes: HDAC4,-1,1,0,0,1,Pathogenic-only
subset of 277 genes: AKT3:FH:HNRNPU:ZBTB18,-1,1,0,0,1,Pathogenic-only
subset of 277 genes: FGFR1:KAT6A,-1,1,0,0,1,Pathogenic-only
subset of 277 genes: MYLK,-1,1,0,0,1,Pathogenic-only
subset of 277 genes: NR4A2:SCN1A:SCN2A:SLC4A10:TBR1,-1,1,0,0,1,Pathogenic-only
subset of 277 genes: SOX10:TNRC6B,-1,1,0,0,1,Pathogenic-only
subset of 278 genes: APC,-1,1,0,0,1,Pathogenic-only
subset of 278 genes: COL11A1:TAF13,-1,1,0,0,1,Pathogenic-only
subset of 278 genes: HDAC4,-1,1,0,0,1,Pathogenic-only
subset of 279 genes: AKT3:FH:HNRNPU:ZBTB18,-1,2,0,0,2,Pathogenic-only
subset of 279 genes: NR2F1,-1,1,0,0,1,Pathogenic-only
subset of 279 genes: ZMYND11,-1,1,0,0,1,Pathogenic-only
subset of 28 genes: ELANE,-1,0,0,1,1,VUS/Other-only
subset of 28 genes: GATAD2B,-1,1,0,0,1,Pathogenic-only
subset of 28 genes: PMP22,-1,3,0,0,3,Pathogenic-only
subset of 28 genes: PTEN,-1,0,0,1,1,VUS/Other-only
subset of 28 genes: RPS6KA3,-1,1,0,0,1,Pathogenic-only
subset of 28 genes: SRY,-1,1,0,0,1,Pathogenic-only
subset of 28 genes: STAG1,-1,1,0,0,1,Pathogenic-only
subset of 28 genes: STS,-1,3,1,0,4,Multiclass
subset of 280 genes: MEF2C:NR2F1:RASA1,-1,1,0,0,1,Pathogenic-only
subset of 282 genes: FOXC1,-1,1,0,0,1,Pathogenic-only
subset of 282 genes: GABRA1:GABRG2,-1,1,0,0,1,Pathogenic-only
subset of 282 genes: HIVEP3:SLC2A1,-1,1,0,0,1,Pathogenic-only
subset of 282 genes: PALB2:SH2B1,-1,1,0,0,1,Pathogenic-only
subset of 283 genes: DMRT1:NFIB:RFX3,-1,1,0,0,1,Pathogenic-only
subset of 283 genes: NSD2,-1,2,0,0,2,Pathogenic-only
subset of 283 genes: SOX2,-1,1,0,0,1,Pathogenic-only
subset of 284 genes: AFF2:CD40LG:F9:FMR1:IDS:MTM1:NSDHL:SLC9A6:SOX3:ZIC3,-1,1,0,0,1,Pathogenic-only
subset of 284 genes: AKT3:FH:HNRNPU:ZBTB18,-1,1,0,0,1,Pathogenic-only
subset of 284 genes: BRPF1:ITPR1:SETD5:SLC6A1:VHL,-1,1,0,0,1,Pathogenic-only
subset of 284 genes: GNB1,-1,1,0,0,1,Pathogenic-only
subset of 284 genes: NSD2,-1,2,0,0,2,Pathogenic-only
subset of 285 genes: EHMT1:NOTCH1,-1,1,0,0,1,Pathogenic-only
subset of 285 genes: NSD2,-1,1,0,0,1,Pathogenic-only
subset of 286 genes: EHMT1:NOTCH1,-1,1,0,0,1,Pathogenic-only
subset of 287 genes: FLNC,-1,1,0,0,1,Pathogenic-only
subset of 288 genes: CHAMP1,-1,1,0,0,1,Pathogenic-only
subset of 289 genes: LEO1:TCF12,-1,1,0,0,1,Pathogenic-only
subset of 289 genes: NSD2,-1,1,0,0,1,Pathogenic-only
subset of 289 genes: PALB2:SH2B1,-1,1,0,0,1,Pathogenic-only
subset of 289 genes: TWIST1,-1,1,0,0,1,Pathogenic-only
subset of 29 genes: CHD5,-1,1,0,0,1,Pathogenic-only
subset of 29 genes: DMRT1,-1,0,0,1,1,VUS/Other-only
subset of 29 genes: EHMT1,-1,2,0,1,3,Pathogenic-only
subset of 29 genes: ERMARD,-1,0,0,1,1,VUS/Other-only
subset of 29 genes: F8:RAB39B:TMLHE,-1,0,0,1,1,VUS/Other-only
subset of 29 genes: FZD4,-1,0,0,1,1,VUS/Other-only
subset of 29 genes: NONO,-1,0,0,1,1,VUS/Other-only
subset of 29 genes: PMP22,-1,6,0,0,6,Pathogenic-only
subset of 29 genes: PRPS1,-1,1,0,0,1,Pathogenic-only
subset of 29 genes: SOX5,-1,0,0,1,1,VUS/Other-only
subset of 29 genes: STS,-1,0,1,1,2,Benign-only
subset of 290 genes: SPEN,-1,1,0,0,1,Pathogenic-only
subset of 292 genes: ABCD1:AVPR2:BCAP31:CCNQ:DKC1:F8:FLNA:GDI1:IKBKG:L1CAM:MECP2:MTM1:NAA10:NSDHL:RAB39B:SLC6A8:TMLHE,-1,1,0,0,1,Pathogenic-only
subset of 292 genes: PUF60,-1,1,0,0,1,Pathogenic-only
subset of 293 genes: ABCD1:AVPR2:BCAP31:CCNQ:DKC1:F8:FLNA:GDI1:IKBKG:L1CAM:MECP2:MTM1:NAA10:NSDHL:RAB39B:SLC6A8:TMLHE,-1,1,0,0,1,Pathogenic-only
subset of 293 genes: ARID1B,-1,1,0,0,1,Pathogenic-only
subset of 293 genes: LMTK3,-1,1,0,0,1,Pathogenic-only
subset of 294 genes: GNB1,-1,1,0,0,1,Pathogenic-only
subset of 294 genes: KMT2E,-1,1,0,0,1,Pathogenic-only
subset of 295 genes: CNTNAP2:KCNH2:KMT2C,-1,1,0,0,1,Pathogenic-only
subset of 295 genes: DDX41:NSD1,-1,1,0,0,1,Pathogenic-only
subset of 295 genes: MYLK,-1,1,0,0,1,Pathogenic-only
subset of 297 genes: CRKL:TBX1,-1,1,0,0,1,Pathogenic-only
subset of 297 genes: NSD2,-1,1,0,0,1,Pathogenic-only
subset of 298 genes: DMRT1:NFIB:RFX3,-1,1,0,0,1,Pathogenic-only
subset of 298 genes: MYH9:SOX10,-1,1,0,0,1,Pathogenic-only
subset of 299 genes: MYCN,-1,1,0,0,1,Pathogenic-only
subset of 30 genes: CDKN2A:MTAP,-1,0,0,1,1,VUS/Other-only
subset of 30 genes: DMRT1,-1,0,0,1,1,VUS/Other-only
subset of 30 genes: EHMT1,-1,1,0,0,1,Pathogenic-only
subset of 30 genes: EP300,-1,0,0,1,1,VUS/Other-only
subset of 30 genes: F8:RAB39B,-1,1,0,0,1,Pathogenic-only
subset of 30 genes: HNF1B,-1,4,0,0,4,Pathogenic-only
subset of 30 genes: NF2,-1,0,0,1,1,VUS/Other-only
subset of 30 genes: PBX1,-1,0,0,1,1,VUS/Other-only
subset of 30 genes: SH2B1,-1,0,0,1,1,VUS/Other-only
subset of 30 genes: SPAST,-1,1,0,0,1,Pathogenic-only
subset of 30 genes: STS,-1,2,0,0,2,Pathogenic-only
subset of 30 genes: ZFHX4,-1,0,0,1,1,VUS/Other-only
subset of 300 genes: HDAC4,-1,1,0,0,1,Pathogenic-only
subset of 301 genes: ZMYND11,-1,1,0,0,1,Pathogenic-only
subset of 303 genes: APP,-1,1,0,0,1,Pathogenic-only
subset of 303 genes: FOXC1,-1,1,0,0,1,Pathogenic-only
subset of 303 genes: TRRAP,-1,1,0,0,1,Pathogenic-only
subset of 304 genes: FOXC1,-1,1,0,0,1,Pathogenic-only
subset of 305 genes: DLL1:ERMARD,-1,1,0,0,1,Pathogenic-only
subset of 305 genes: HDAC4,-1,1,0,0,1,Pathogenic-only
subset of 306 genes: SDHB:SPEN,-1,1,0,0,1,Pathogenic-only
subset of 307 genes: NSD2,-1,1,0,0,1,Pathogenic-only
subset of 308 genes: FOXC1,-1,1,0,0,1,Pathogenic-only
subset of 31 genes: BRWD3:CHM:ZNF711,-1,1,0,0,1,Pathogenic-only
subset of 31 genes: CREBBP,-1,1,0,0,1,Pathogenic-only
subset of 31 genes: DMRT1,-1,0,0,1,1,VUS/Other-only
subset of 31 genes: EBF3,-1,1,0,0,1,Pathogenic-only
subset of 31 genes: FH,-1,0,0,1,1,VUS/Other-only
subset of 31 genes: HNF1B,-1,2,0,0,2,Pathogenic-only
subset of 31 genes: KDM6A,-1,1,0,0,1,Pathogenic-only
subset of 31 genes: NPRL3,-1,1,0,0,1,Pathogenic-only
subset of 31 genes: PMP22,-1,1,0,0,1,Pathogenic-only
subset of 31 genes: SH2B1,-1,1,0,0,1,Pathogenic-only
subset of 31 genes: SIN3A,-1,1,0,0,1,Pathogenic-only
subset of 31 genes: TBL1XR1,-1,1,0,0,1,Pathogenic-only
subset of 31 genes: USP7,-1,0,0,1,1,VUS/Other-only
subset of 310 genes: CHEK2:DEPDC5:NF2,-1,1,0,0,1,Pathogenic-only
subset of 311 genes: EHMT1:NOTCH1,-1,2,0,0,2,Pathogenic-only
subset of 311 genes: ENG:LMX1B:SET:STXBP1,-1,1,0,0,1,Pathogenic-only
subset of 311 genes: HDAC4,-1,1,0,0,1,Pathogenic-only
subset of 312 genes: EHMT1:NOTCH1,-1,1,0,0,1,Pathogenic-only
subset of 312 genes: EMX2:SMC3:TCF7L2,-1,1,0,0,1,Pathogenic-only
subset of 313 genes: FLCN:RAI1,-1,1,0,0,1,Pathogenic-only
subset of 313 genes: FOXC1,-1,1,0,0,1,Pathogenic-only
subset of 313 genes: HDAC4,-1,1,0,0,1,Pathogenic-only
subset of 314 genes: CHAMP1,-1,1,0,0,1,Pathogenic-only
subset of 314 genes: NOTCH1,-1,1,0,0,1,Pathogenic-only
subset of 315 genes: CHD8:HNRNPC,-1,1,0,0,1,Pathogenic-only
subset of 315 genes: EBF3,-1,1,0,0,1,Pathogenic-only
subset of 315 genes: ZMYND11,-1,1,0,0,1,Pathogenic-only
subset of 318 genes: NUS1,-1,1,0,0,1,Pathogenic-only
subset of 318 genes: PHF2:PTCH1,-1,1,0,0,1,Pathogenic-only
subset of 318 genes: SHANK3,-1,1,0,0,1,Pathogenic-only
subset of 318 genes: SPEN,-1,1,0,0,1,Pathogenic-only
subset of 32 genes: ABCB4,-1,0,0,1,1,VUS/Other-only
subset of 32 genes: EHMT1,-1,1,0,0,1,Pathogenic-only
subset of 32 genes: ZFPM2,-1,1,0,0,1,Pathogenic-only
subset of 320 genes: CHAMP1,-1,1,0,0,1,Pathogenic-only
subset of 320 genes: ELN,-1,1,0,0,1,Pathogenic-only
subset of 320 genes: EXT1:RAD21:TRPS1,-1,1,0,0,1,Pathogenic-only
subset of 321 genes: TERT,-1,1,0,0,1,Pathogenic-only
subset of 322 genes: GNB1,-1,1,0,0,1,Pathogenic-only
subset of 322 genes: MSX1:NSD2,-1,1,0,0,1,Pathogenic-only
subset of 323 genes: EBF3,-1,1,0,0,1,Pathogenic-only
subset of 324 genes: ELANE:STK11,-1,1,0,0,1,Pathogenic-only
subset of 326 genes: PPP2R5D:RUNX2:VEGFA,-1,1,0,0,1,Pathogenic-only
subset of 327 genes: DLL1:ERMARD,-1,1,0,0,1,Pathogenic-only
subset of 327 genes: GNB1,-1,2,0,0,2,Pathogenic-only
subset of 327 genes: HDAC4,-1,1,0,0,1,Pathogenic-only
subset of 327 genes: HNF4A:RALGAPB,-1,0,0,1,1,VUS/Other-only
subset of 327 genes: MSX1:NSD2,-1,1,0,0,1,Pathogenic-only
subset of 328 genes: EHMT1:NOTCH1,-1,1,0,0,1,Pathogenic-only
subset of 33 genes: BCLAF1,-1,1,0,0,1,Pathogenic-only
subset of 33 genes: DYRK1A,-1,1,0,0,1,Pathogenic-only
subset of 33 genes: HNRNPU,-1,1,0,0,1,Pathogenic-only
subset of 33 genes: MSX1,-1,0,0,1,1,VUS/Other-only
subset of 33 genes: SH2B1,-1,1,0,1,2,Pathogenic-only
subset of 33 genes: SHANK2,-1,0,0,1,1,VUS/Other-only
subset of 331 genes: GNB1,-1,1,0,0,1,Pathogenic-only
subset of 331 genes: MSX1:NSD2,-1,1,0,0,1,Pathogenic-only
subset of 332 genes: BAP1,-1,1,0,0,1,Pathogenic-only
subset of 332 genes: TGIF1,-1,1,0,0,1,Pathogenic-only
subset of 333 genes: ANOS1:AP1S2:ARSL:CDKL5:CLCN4:FANCB:HCCS:MID1:MSL3:NHS:NLGN4X:OFD1:PIGA:RS1:SHOX:STS:TRAPPC2,-1,1,0,0,1,Pathogenic-only
subset of 333 genes: AUTS2:ELN,-1,1,0,0,1,Pathogenic-only
subset of 333 genes: CHAMP1,-1,2,0,0,2,Pathogenic-only
subset of 333 genes: TMEM127,-1,1,0,0,1,Pathogenic-only
subset of 334 genes: CDKN1C:KCNQ1:KCNQ1OT1,-1,1,0,0,1,Pathogenic-only
subset of 334 genes: GNB1,-1,1,0,0,1,Pathogenic-only
subset of 335 genes: COL11A1:TAF13,-1,1,0,0,1,Pathogenic-only
subset of 335 genes: FLCN:PMP22:RAI1,-1,1,0,0,1,Pathogenic-only
subset of 335 genes: NFIA:SRSF11,-1,1,0,0,1,Pathogenic-only
subset of 336 genes: BAZ2B:NR4A2:SLC4A10:TBR1,-1,1,0,0,1,Pathogenic-only
subset of 336 genes: EBF3,-1,1,0,0,1,Pathogenic-only
subset of 336 genes: HDAC4,-1,2,0,0,2,Pathogenic-only
subset of 336 genes: MSX1:NSD2,-1,1,0,0,1,Pathogenic-only
subset of 337 genes: ANKRD17:YTHDC1,-1,1,0,0,1,Pathogenic-only
subset of 337 genes: DIP2A,-1,1,0,0,1,Pathogenic-only
subset of 338 genes: CAPRIN1:PAX6:SLC1A2:WT1,-1,1,0,0,1,Pathogenic-only
subset of 339 genes: CASZ1:SPEN,-1,1,0,0,1,Pathogenic-only
subset of 339 genes: CTNND2:TRIO,-1,1,0,0,1,Pathogenic-only
subset of 339 genes: FLCN:PMP22:RAI1,-1,1,0,0,1,Pathogenic-only
subset of 34 genes: AHDC1,-1,1,0,0,1,Pathogenic-only
subset of 34 genes: CHEK2,-1,0,0,1,1,VUS/Other-only
subset of 34 genes: CLCN5,-1,1,0,0,1,Pathogenic-only
subset of 34 genes: CNOT1,-1,0,0,1,1,VUS/Other-only
subset of 34 genes: DSC2:DSG2,-1,0,0,1,1,VUS/Other-only
subset of 34 genes: EHMT1,-1,1,0,0,1,Pathogenic-only
subset of 34 genes: HNF1B,-1,3,0,0,3,Pathogenic-only
subset of 34 genes: NFIA,-1,0,0,1,1,VUS/Other-only
subset of 34 genes: YTHDC1,-1,0,0,1,1,VUS/Other-only
subset of 340 genes: ABCD1:AFF2:AVPR2:BCAP31:CCNQ:FLNA:FMR1:GDI1:IDS:IKBKG:L1CAM:MECP2:MTM1:NAA10:NSDHL:SLC6A8:SOX3,-1,1,0,0,1,Pathogenic-only
subset of 340 genes: GNB1,-1,1,0,0,1,Pathogenic-only
subset of 341 genes: ABCD1:AFF2:AVPR2:BCAP31:CCNQ:FLNA:FMR1:GDI1:IDS:IKBKG:L1CAM:MECP2:MTM1:NAA10:NSDHL:SLC6A8,-1,1,0,0,1,Pathogenic-only
subset of 341 genes: GNB1,-1,1,0,0,1,Pathogenic-only
subset of 341 genes: LMNB1:RAD50,-1,1,0,0,1,Pathogenic-only
subset of 342 genes: PKD2:WDFY3,-1,1,0,0,1,Pathogenic-only
subset of 342 genes: TCF4,-1,1,0,0,1,Pathogenic-only
subset of 344 genes: NFIA:SRSF11,-1,1,0,0,1,Pathogenic-only
subset of 345 genes: DLL1:ERMARD,-1,1,0,0,1,Pathogenic-only
subset of 345 genes: TGIF1,-1,1,0,0,1,Pathogenic-only
subset of 345 genes: ZIC2,-1,1,0,0,1,Pathogenic-only
subset of 346 genes: EHMT1:NOTCH1,-1,1,0,0,1,Pathogenic-only
subset of 346 genes: SHANK3,-1,1,0,0,1,Pathogenic-only
subset of 347 genes: EHMT1:NOTCH1,-1,1,0,0,1,Pathogenic-only
subset of 347 genes: GPHN:MAX,-1,1,0,0,1,Pathogenic-only
subset of 347 genes: ZIC2,-1,1,0,0,1,Pathogenic-only
subset of 348 genes: EHMT1:NOTCH1,-1,1,0,0,1,Pathogenic-only
subset of 349 genes: DIS3L2:GIGYF2:TRIP12,-1,1,0,0,1,Pathogenic-only
subset of 349 genes: EHMT1:NOTCH1,-1,1,0,0,1,Pathogenic-only
subset of 35 genes: EHMT1,-1,4,0,0,4,Pathogenic-only
subset of 35 genes: FRMD7,-1,0,0,1,1,VUS/Other-only
subset of 35 genes: GJA5:GJA8,-1,1,0,0,1,Pathogenic-only
subset of 35 genes: HNF1B,-1,6,0,0,6,Pathogenic-only
subset of 35 genes: SH2B1,-1,1,0,0,1,Pathogenic-only
subset of 35 genes: TCF4,-1,1,0,0,1,Pathogenic-only
subset of 350 genes: AHDC1,-1,1,0,0,1,Pathogenic-only
subset of 350 genes: CACNA1E:LHX4,-1,1,0,0,1,Pathogenic-only
subset of 350 genes: EHMT1:NOTCH1,-1,2,0,0,2,Pathogenic-only
subset of 350 genes: TGIF1,-1,1,0,0,1,Pathogenic-only
subset of 350 genes: TMEM127,-1,1,0,0,1,Pathogenic-only
subset of 353 genes: CACNA1A:NFIX,-1,1,0,0,1,Pathogenic-only
subset of 355 genes: GATA3:ZMYND11,-1,1,0,0,1,Pathogenic-only
subset of 358 genes: ARCN1:HMBS:KMT2A,-1,1,0,0,1,Pathogenic-only
subset of 359 genes: NPRL3:PKD1:TSC2,-1,1,0,0,1,Pathogenic-only
subset of 359 genes: SGCE:TRRAP,-1,1,0,0,1,Pathogenic-only
subset of 36 genes: CRKL,-1,1,0,0,1,Pathogenic-only
subset of 36 genes: DIP2A,-1,0,0,1,1,VUS/Other-only
subset of 36 genes: DYRK1A,-1,1,0,0,1,Pathogenic-only
subset of 36 genes: F8:RAB39B:TMLHE,-1,1,0,0,1,Pathogenic-only
subset of 36 genes: GJA5,-1,1,0,0,1,Pathogenic-only
subset of 36 genes: HNF1B,-1,3,0,0,3,Pathogenic-only
subset of 36 genes: SH2B1,-1,0,0,1,1,VUS/Other-only
subset of 360 genes: CNTNAP2:KCNH2:KMT2C,-1,1,0,0,1,Pathogenic-only
subset of 361 genes: HDAC4,-1,1,0,0,1,Pathogenic-only
subset of 363 genes: CASZ1:SPEN,-1,1,0,0,1,Pathogenic-only
subset of 363 genes: HDAC4,-1,1,0,0,1,Pathogenic-only
subset of 364 genes: TGIF1,-1,1,0,0,1,Pathogenic-only
subset of 365 genes: CHAMP1,-1,1,0,0,1,Pathogenic-only
subset of 365 genes: MAP2K2,-1,1,0,0,1,Pathogenic-only
subset of 3678 genes: CHD7:CSMD1:EXT1:EYA1:FGFR1:GATA4:KAT6A:PUF60:RAD21:RB1CC1:TRPS1:YTHDF3:ZFHX4:ZFPM2,-1,1,0,0,1,Pathogenic-only
subset of 37 genes: ANKRD11,-1,1,0,0,1,Pathogenic-only
subset of 37 genes: AVPR2:L1CAM:MECP2:NAA10,-1,1,0,0,1,Pathogenic-only
subset of 37 genes: CRKL,-1,4,0,1,5,Pathogenic-only
subset of 37 genes: FH,-1,0,0,1,1,VUS/Other-only
subset of 37 genes: GATAD2B,-1,1,0,0,1,Pathogenic-only
subset of 37 genes: HNF1B,-1,2,0,0,2,Pathogenic-only
subset of 37 genes: USP7,-1,0,0,1,1,VUS/Other-only
subset of 370 genes: CHAMP1,-1,1,0,0,1,Pathogenic-only
subset of 370 genes: COL5A1:EHMT1:NOTCH1,-1,1,0,0,1,Pathogenic-only
subset of 371 genes: AKT3:FH,-1,1,0,0,1,Pathogenic-only
subset of 371 genes: CHAMP1,-1,1,0,0,1,Pathogenic-only
subset of 373 genes: ANKRD17:KIT:YTHDC1,-1,1,0,0,1,Pathogenic-only
subset of 373 genes: PBX1:SDHC,-1,1,0,0,1,Pathogenic-only
subset of 373 genes: TGIF1,-1,2,0,0,2,Pathogenic-only
subset of 374 genes: COL5A1:EHMT1:NOTCH1,-1,1,0,0,1,Pathogenic-only
subset of 374 genes: SHANK3,-1,1,0,0,1,Pathogenic-only
subset of 374 genes: TGIF1,-1,2,0,0,2,Pathogenic-only
subset of 377 genes: DNAJC21:FGF10:NIPBL,-1,1,0,0,1,Pathogenic-only
subset of 377 genes: UBN2,-1,1,0,0,1,Pathogenic-only
subset of 378 genes: FGF12:PAK2,-1,1,0,0,1,Pathogenic-only
subset of 379 genes: CTNNA1:PURA,-1,1,0,0,1,Pathogenic-only
subset of 379 genes: LGI1:PAX2,-1,1,0,0,1,Pathogenic-only
subset of 38 genes: BARD1,-1,0,0,1,1,VUS/Other-only
subset of 38 genes: EHMT1,-1,1,0,0,1,Pathogenic-only
subset of 38 genes: GJA5:GJA8,-1,2,0,0,2,Pathogenic-only
subset of 38 genes: PAFAH1B1,-1,1,0,0,1,Pathogenic-only
subset of 38 genes: SH2B1,-1,1,0,1,2,Pathogenic-only
subset of 380 genes: AKT3:FH,-1,1,0,0,1,Pathogenic-only
subset of 380 genes: TGIF1,-1,2,0,0,2,Pathogenic-only
subset of 3803 genes: ASTN2:CDKN2A:COL5A1:DMRT1:EHMT1:ELAVL2:ENG:GALNT12:HNRNPK:LMX1B:MTAP:NFIB:NOTCH1:NR5A1:PAX5:PHF2:PTCH1:RFX3:RORB:SET:SPTAN1:STXBP1:TGFBR1:TPM2:TSC1:ZNF462,-1,2,0,0,2,Pathogenic-only
subset of 381 genes: TGIF1,-1,1,0,0,1,Pathogenic-only
subset of 382 genes: DLG2:FZD4:YAP1,-1,1,0,0,1,Pathogenic-only
subset of 382 genes: JARID2,-1,1,0,0,1,Pathogenic-only
subset of 382 genes: TGIF1,-1,1,0,0,1,Pathogenic-only
subset of 383 genes: CSMD1:GATA4,-1,1,0,0,1,Pathogenic-only
subset of 385 genes: TGIF1,-1,2,0,0,2,Pathogenic-only
subset of 386 genes: PMS2,-1,1,0,0,1,Pathogenic-only
subset of 387 genes: CTNND2:TERT,-1,1,0,0,1,Pathogenic-only
subset of 388 genes: CHD2:IGF1R,-1,1,0,0,1,Pathogenic-only
subset of 389 genes: EBF3,-1,1,0,0,1,Pathogenic-only
subset of 39 genes: CRKL,-1,1,0,1,2,Pathogenic-only
subset of 39 genes: DLL1:ERMARD,-1,1,0,0,1,Pathogenic-only
subset of 39 genes: EHMT1,-1,1,0,0,1,Pathogenic-only
subset of 39 genes: GDI1:IKBKG,-1,1,0,1,2,Pathogenic-only
subset of 39 genes: HNF1B,-1,2,0,0,2,Pathogenic-only
subset of 39 genes: KCNQ2,-1,1,0,0,1,Pathogenic-only
subset of 39 genes: NODAL,-1,0,0,1,1,VUS/Other-only
subset of 390 genes: CAMTA1:CASZ1,-1,1,0,0,1,Pathogenic-only
subset of 391 genes: CAMTA1:CASZ1,-1,1,0,0,1,Pathogenic-only
subset of 391 genes: COL5A1:EHMT1:NOTCH1,-1,1,0,0,1,Pathogenic-only
subset of 395 genes: ABCD1:AFF2:AVPR2:BCAP31:CCNQ:DKC1:F8:FLNA:FMR1:GDI1:IDS:IKBKG:L1CAM:MECP2:MTM1:NAA10:NSDHL:RAB39B:SLC6A8:TMLHE,-1,1,0,0,1,Pathogenic-only
subset of 395 genes: COL5A1:EHMT1:NOTCH1,-1,1,0,0,1,Pathogenic-only
subset of 395 genes: DIS3L2:GIGYF2:TRIP12,-1,1,0,0,1,Pathogenic-only
subset of 397 genes: CHAMP1,-1,1,0,0,1,Pathogenic-only
subset of 399 genes: CDC42BPB,-1,1,0,0,1,Pathogenic-only
subset of 399 genes: SHANK3,-1,2,0,0,2,Pathogenic-only
subset of 40 genes: CAMTA1,-1,0,0,1,1,VUS/Other-only
subset of 40 genes: FLNA:MECP2:NAA10,-1,1,0,0,1,Pathogenic-only
subset of 40 genes: GJA5:GJA8,-1,4,0,0,4,Pathogenic-only
subset of 40 genes: HNF1B,-1,2,0,0,2,Pathogenic-only
subset of 40 genes: PKD1:TSC2,-1,0,0,1,1,VUS/Other-only
subset of 40 genes: SCN1A:SCN2A,-1,1,0,0,1,Pathogenic-only
subset of 400 genes: PALB2,-1,1,0,0,1,Pathogenic-only
subset of 401 genes: FOXG1:PAX9,-1,1,0,0,1,Pathogenic-only
subset of 402 genes: CHD8:HNRNPC,-1,1,0,0,1,Pathogenic-only
subset of 403 genes: ABCD1:AFF2:AVPR2:BCAP31:CCNQ:DKC1:F8:FLNA:FMR1:GDI1:IDS:IKBKG:L1CAM:MECP2:MTM1:NAA10:NSDHL:RAB39B:SLC6A8:SOX3:TMLHE,-1,1,0,0,1,Pathogenic-only
subset of 403 genes: CHD5:GNB1,-1,1,0,0,1,Pathogenic-only
subset of 403 genes: EYA4:NUS1,-1,1,0,0,1,Pathogenic-only
subset of 405 genes: PALB2,-1,1,0,0,1,Pathogenic-only
subset of 406 genes: ANOS1:AP1S2:ARSL:CDKL5:CLCN4:CNKSR2:FANCB:HCCS:MID1:MSL3:NHS:NLGN4X:OFD1:PDHA1:PHEX:PIGA:RPS6KA3:RS1:SHOX:SMS:STS:TRAPPC2,-1,1,0,0,1,Pathogenic-only
subset of 409 genes: ANOS1:AP1S2:ARSL:CDKL5:CLCN4:CNKSR2:FANCB:HCCS:MID1:MSL3:NHS:NLGN4X:OFD1:PDHA1:PHEX:PIGA:RPS6KA3:RS1:SHOX:SMS:STS:TRAPPC2,-1,1,0,0,1,Pathogenic-only
subset of 41 genes: CDH1,-1,0,0,1,1,VUS/Other-only
subset of 41 genes: HNF1B,-1,3,0,0,3,Pathogenic-only
subset of 41 genes: PUF60,-1,0,0,1,1,VUS/Other-only
subset of 41 genes: UROD,-1,0,0,1,1,VUS/Other-only
subset of 410 genes: PBX1,-1,1,0,0,1,Pathogenic-only
subset of 412 genes: PALB2:PRRT2:SH2B1,-1,1,0,0,1,Pathogenic-only
subset of 414 genes: FGF12:PAK2:TP63,-1,1,0,0,1,Pathogenic-only
subset of 415 genes: POLE,-1,1,0,0,1,Pathogenic-only
subset of 416 genes: CDKN2A:DMRT1:MTAP:NFIB:RFX3,-1,1,0,0,1,Pathogenic-only
subset of 416 genes: HOXD13:NCKAP1:TTN,-1,1,0,0,1,Pathogenic-only
subset of 417 genes: MYT1L:RPS7:SOX11,-1,1,0,0,1,Pathogenic-only
subset of 419 genes: DIP2A,-1,1,0,0,1,Pathogenic-only
subset of 419 genes: POLR1D,-1,1,0,0,1,Pathogenic-only
subset of 42 genes: BRWD3:CHM:TBX22:ZNF711,-1,1,0,0,1,Pathogenic-only
subset of 42 genes: CREBBP,-1,1,0,0,1,Pathogenic-only
subset of 42 genes: DLL1:ERMARD,-1,1,0,0,1,Pathogenic-only
subset of 42 genes: EHMT1,-1,2,0,0,2,Pathogenic-only
subset of 42 genes: OFD1:TRAPPC2,-1,0,0,1,1,VUS/Other-only
subset of 42 genes: USP7,-1,0,0,1,1,VUS/Other-only
subset of 420 genes: FGFR1:KAT6A,-1,1,0,0,1,Pathogenic-only
subset of 422 genes: EYA1:YTHDF3:ZFHX4,-1,1,0,0,1,Pathogenic-only
subset of 423 genes: CTNND2:TERT:TRIO,-1,1,0,0,1,Pathogenic-only
subset of 423 genes: ZIC2,-1,1,0,0,1,Pathogenic-only
subset of 425 genes: ABCD1:AFF2:AVPR2:BCAP31:CCNQ:DKC1:F8:F9:FLNA:FMR1:GDI1:IDS:IKBKG:L1CAM:MECP2:MTM1:NAA10:NSDHL:RAB39B:SLC6A8:SOX3:TMLHE:ZIC3,-1,1,0,0,1,Pathogenic-only
subset of 425 genes: EBF3,-1,1,0,0,1,Pathogenic-only
subset of 425 genes: MSX1:NSD2,-1,1,0,0,1,Pathogenic-only
subset of 426 genes: CHD7:EYA1:YTHDF3:ZFHX4,-1,1,0,0,1,Pathogenic-only
subset of 427 genes: CHD2:IGF1R,-1,1,0,0,1,Pathogenic-only
subset of 427 genes: NAA15,-1,1,0,0,1,Pathogenic-only
subset of 43 genes: ARID1B,-1,1,0,0,1,Pathogenic-only
subset of 43 genes: BCOR,-1,0,0,1,1,VUS/Other-only
subset of 43 genes: EHMT1,-1,0,0,1,1,VUS/Other-only
subset of 43 genes: HNF1B,-1,1,0,0,1,Pathogenic-only
subset of 43 genes: MSX1,-1,0,0,1,1,VUS/Other-only
subset of 43 genes: SH2B1,-1,0,0,1,1,VUS/Other-only
subset of 432 genes: COL3A1:NCKAP1:TTN,-1,1,0,0,1,Pathogenic-only
subset of 433 genes: ELANE:STK11,-1,1,0,0,1,Pathogenic-only
subset of 434 genes: ABCD1:AFF2:AVPR2:BCAP31:CCNQ:DKC1:F8:F9:FLNA:FMR1:GDI1:IDS:IKBKG:L1CAM:MECP2:MTM1:NAA10:NSDHL:RAB39B:SLC6A8:SOX3:TMLHE:ZIC3,-1,1,0,0,1,Pathogenic-only
subset of 434 genes: DSP:FOXC1,-1,1,0,0,1,Pathogenic-only
subset of 438 genes: PPP2R5D:RUNX2:VEGFA,-1,1,0,0,1,Pathogenic-only
subset of 44 genes: EHMT1,-1,1,0,0,1,Pathogenic-only
subset of 44 genes: GDI1:IKBKG,-1,0,0,1,1,VUS/Other-only
subset of 44 genes: HNF1B,-1,1,0,0,1,Pathogenic-only
subset of 44 genes: PTEN,-1,1,0,0,1,Pathogenic-only
subset of 44 genes: USP7,-1,0,0,1,1,VUS/Other-only
subset of 444 genes: SHANK3,-1,1,0,0,1,Pathogenic-only
subset of 446 genes: MSH2:MSH6:NRXN1:SIX3,-1,1,0,0,1,Pathogenic-only
subset of 447 genes: ASXL3:CELF4:DSC2:DSG2:KATNAL2:SETBP1,-1,1,0,0,1,Pathogenic-only
subset of 449 genes: MSX1:NSD2,-1,1,0,0,1,Pathogenic-only
subset of 45 genes: CASZ1,-1,0,0,1,1,VUS/Other-only
subset of 45 genes: EHMT1,-1,1,0,0,1,Pathogenic-only
subset of 45 genes: GJA5:GJA8,-1,1,0,0,1,Pathogenic-only
subset of 45 genes: NFIA,-1,1,0,0,1,Pathogenic-only
subset of 45 genes: SH2B1,-1,0,0,1,1,VUS/Other-only
subset of 45 genes: WDR26,-1,0,0,1,1,VUS/Other-only
subset of 450 genes: MSX1:NSD2,-1,1,0,0,1,Pathogenic-only
subset of 453 genes: FOXC2:FOXF1,-1,1,0,0,1,Pathogenic-only
subset of 457 genes: DIS3L2:GIGYF2:HDAC4,-1,1,0,0,1,Pathogenic-only
subset of 46 genes: AKT3:HNRNPU:ZBTB18,-1,1,0,0,1,Pathogenic-only
subset of 46 genes: CACNA1C,-1,0,0,1,1,VUS/Other-only
subset of 46 genes: EHMT1,-1,1,0,0,1,Pathogenic-only
subset of 46 genes: F8:RAB39B:TMLHE,-1,0,0,1,1,VUS/Other-only
subset of 46 genes: GJA5:GJA8,-1,1,0,0,1,Pathogenic-only
subset of 46 genes: HNF1B,-1,1,0,0,1,Pathogenic-only
subset of 46 genes: NFIA,-1,0,0,1,1,VUS/Other-only
subset of 46 genes: SH2B1,-1,1,0,0,1,Pathogenic-only
subset of 460 genes: CAMTA1:CHD5:GNB1,-1,1,0,0,1,Pathogenic-only
subset of 462 genes: PAFAH1B1,-1,1,0,0,1,Pathogenic-only
subset of 465 genes: CASZ1:SPEN,-1,1,0,0,1,Pathogenic-only
subset of 465 genes: CTNND2:TERT:TRIO,-1,1,0,0,1,Pathogenic-only
subset of 47 genes: ASH1L,-1,0,0,1,1,VUS/Other-only
subset of 47 genes: MYT1L,-1,1,0,0,1,Pathogenic-only
subset of 47 genes: RPS6KA3,-1,1,0,0,1,Pathogenic-only
subset of 47 genes: SH2B1,-1,0,0,1,1,VUS/Other-only
subset of 470 genes: CAMTA1:CHD5:GNB1,-1,1,0,0,1,Pathogenic-only
subset of 472 genes: MSX1:NSD2,-1,1,0,0,1,Pathogenic-only
subset of 474 genes: CSMD1:GATA4,-1,1,0,0,1,Pathogenic-only
subset of 48 genes: AVPR2:L1CAM:MECP2:NAA10,-1,1,0,0,1,Pathogenic-only
subset of 48 genes: EHMT1,-1,3,0,0,3,Pathogenic-only
subset of 48 genes: GJA5,-1,2,0,0,2,Pathogenic-only
subset of 48 genes: GJA5:GJA8,-1,1,0,0,1,Pathogenic-only
subset of 48 genes: HNF1B,-1,1,0,0,1,Pathogenic-only
subset of 48 genes: NOTCH1,-1,1,0,0,1,Pathogenic-only
subset of 480 genes: ACSL4:BTK:CHM:CHRDL1:COL4A5:CUL4B:DCX:GLA:GRIA3:LAMP2:NXF5:PAK3:PCDH19:PLP1:PRPS1:SH2D1A:STAG2:TIMM8A:UBE2A:UPF3B:XIAP:ZNF711,-1,1,0,0,1,Pathogenic-only
subset of 483 genes: CACNA1E:CDC73:LHX4,-1,1,0,0,1,Pathogenic-only
subset of 486 genes: CACNA1A:LDLR:NFIX:SMARCA4,-1,1,0,0,1,Pathogenic-only
subset of 486 genes: NPRL3:PKD1:SRRM2:TSC2,-1,1,0,0,1,Pathogenic-only
subset of 486 genes: SHANK3,-1,1,0,0,1,Pathogenic-only
subset of 487 genes: GATA3,-1,1,0,0,1,Pathogenic-only
subset of 489 genes: NAF1:NR3C2,-1,1,0,0,1,Pathogenic-only
subset of 49 genes: CHD2,-1,0,0,1,1,VUS/Other-only
subset of 49 genes: HNRNPU,-1,1,0,0,1,Pathogenic-only
subset of 493 genes: HOXD13:SCN1A:SCN2A:TTN,-1,1,0,0,1,Pathogenic-only
subset of 497 genes: RPS17,-1,2,0,0,2,Pathogenic-only
subset of 498 genes: SHANK3,-1,1,0,0,1,Pathogenic-only
subset of 50 genes: BRPF1:SETD5,-1,1,0,0,1,Pathogenic-only
subset of 50 genes: CHD2,-1,1,0,0,1,Pathogenic-only
subset of 50 genes: CHD8:HNRNPC,-1,1,0,0,1,Pathogenic-only
subset of 50 genes: EHMT1,-1,1,0,0,1,Pathogenic-only
subset of 50 genes: GJA5:GJA8,-1,1,0,0,1,Pathogenic-only
subset of 50 genes: HNF1B,-1,1,0,0,1,Pathogenic-only
subset of 50 genes: NAA15,-1,0,0,1,1,VUS/Other-only
subset of 50 genes: SH2B1,-1,1,0,0,1,Pathogenic-only
subset of 505 genes: SHANK3,-1,1,0,0,1,Pathogenic-only
subset of 509 genes: CAMTA1:CASZ1:CHD5,-1,1,0,0,1,Pathogenic-only
subset of 51 genes: CACNA1C,-1,0,0,1,1,VUS/Other-only
subset of 51 genes: EHMT1,-1,2,0,0,2,Pathogenic-only
subset of 512 genes: ZNF462,-1,1,0,0,1,Pathogenic-only
subset of 514 genes: CTNND2:TERT:TRIO,-1,1,0,0,1,Pathogenic-only
subset of 516 genes: CIC:ERF:RPS19,-1,1,0,0,1,Pathogenic-only
subset of 517 genes: TGFBR1:ZNF462,-1,1,0,0,1,Pathogenic-only
subset of 52 genes: CD40LG:F9:ZIC3,-1,1,0,0,1,Pathogenic-only
subset of 52 genes: LMNB1,-1,1,0,0,1,Pathogenic-only
subset of 52 genes: ZEB2,-1,1,0,0,1,Pathogenic-only
subset of 521 genes: NUS1,-1,1,0,0,1,Pathogenic-only
subset of 522 genes: CAMTA1:CHD5:GNB1:RERE,-1,1,0,0,1,Pathogenic-only
subset of 523 genes: CAMTA1:CHD5:GNB1:RERE,-1,1,0,0,1,Pathogenic-only
subset of 523 genes: CNOT1:CYLD:GNAO1:SALL1,-1,1,0,0,1,Pathogenic-only
subset of 523 genes: PMS2,-1,1,0,0,1,Pathogenic-only
subset of 524 genes: BAG3:EBF3,-1,1,0,0,1,Pathogenic-only
subset of 524 genes: SHANK3,-1,1,0,0,1,Pathogenic-only
subset of 526 genes: CTNND2:TERT:TRIO,-1,1,0,0,1,Pathogenic-only
subset of 528 genes: CNTNAP2:DPP6:KCNH2:KMT2C:MNX1:SHH,-1,1,0,0,1,Pathogenic-only
subset of 53 genes: DLG2,-1,0,0,1,1,VUS/Other-only
subset of 53 genes: GJA5,-1,1,0,0,1,Pathogenic-only
subset of 53 genes: GJA5:GJA8,-1,1,0,0,1,Pathogenic-only
subset of 53 genes: WAC,-1,1,0,0,1,Pathogenic-only
subset of 531 genes: EDNRB:RB1,-1,1,0,0,1,Pathogenic-only
subset of 533 genes: DLG2:FZD4:YAP1,-1,1,0,0,1,Pathogenic-only
subset of 535 genes: CNTNAP2:DPP6:KCNH2:KMT2C:MNX1:SHH,-1,1,0,0,1,Pathogenic-only
subset of 538 genes: DSP:FOXC1:NEDD9,-1,1,0,0,1,Pathogenic-only
subset of 539 genes: COL5A1:NOTCH1:TSC1,-1,1,0,0,1,Pathogenic-only
subset of 54 genes: AFF2:FMR1:IDS,-1,1,0,0,1,Pathogenic-only
subset of 54 genes: DIP2A,-1,1,0,0,1,Pathogenic-only
subset of 54 genes: EHMT1,-1,1,0,0,1,Pathogenic-only
subset of 54 genes: GJA5,-1,1,0,0,1,Pathogenic-only
subset of 54 genes: MAP2K2,-1,0,0,1,1,VUS/Other-only
subset of 54 genes: MEF2C:RASA1,-1,1,0,0,1,Pathogenic-only
subset of 540 genes: CRKL:SMARCB1:TBX1,-1,1,0,0,1,Pathogenic-only
subset of 542 genes: NAF1,-1,1,0,0,1,Pathogenic-only
subset of 543 genes: CTNND2:TERT:TRIO,-1,1,0,0,1,Pathogenic-only
subset of 545 genes: CDKN2A:DMRT1:ELAVL2:MTAP:NFIB:RFX3,-1,1,0,0,1,Pathogenic-only
subset of 55 genes: CDC73,-1,1,0,0,1,Pathogenic-only
subset of 55 genes: CTNND2,-1,0,0,1,1,VUS/Other-only
subset of 55 genes: FGFR1,-1,1,0,0,1,Pathogenic-only
subset of 55 genes: FLNA:GDI1:IKBKG,-1,0,0,1,1,VUS/Other-only
subset of 55 genes: GJA5,-1,2,0,0,2,Pathogenic-only
subset of 55 genes: GJA5:GJA8,-1,6,0,0,6,Pathogenic-only
subset of 55 genes: GPC3:HPRT1:PHF6,-1,1,0,0,1,Pathogenic-only
subset of 55 genes: NBEA,-1,0,0,1,1,VUS/Other-only
subset of 55 genes: PTCH1,-1,1,0,0,1,Pathogenic-only
subset of 553 genes: ARID1B:DLL1:ERMARD,-1,1,0,0,1,Pathogenic-only
subset of 555 genes: ARID1B:DLL1:ERMARD,-1,1,0,0,1,Pathogenic-only
subset of 555 genes: COL5A1:EHMT1:NOTCH1:TSC1,-1,1,0,0,1,Pathogenic-only
subset of 56 genes: CHRDL1:DCX:PAK3,-1,1,0,0,1,Pathogenic-only
subset of 56 genes: CREBBP,-1,0,0,1,1,VUS/Other-only
subset of 56 genes: CSMD1,-1,0,0,1,1,VUS/Other-only
subset of 56 genes: DLL1:ERMARD,-1,1,0,0,1,Pathogenic-only
subset of 56 genes: ETV6,-1,0,0,1,1,VUS/Other-only
subset of 56 genes: EYA1,-1,1,0,0,1,Pathogenic-only
subset of 56 genes: GJA5:GJA8,-1,1,0,0,1,Pathogenic-only
subset of 56 genes: SRY,-1,1,0,0,1,Pathogenic-only
subset of 561 genes: FGF12:PAK2:TP63,-1,1,0,0,1,Pathogenic-only
subset of 563 genes: CDC42BPB:MEG3,-1,1,0,0,1,Pathogenic-only
subset of 565 genes: EXT1:RAD21:TRPS1,-1,1,0,0,1,Pathogenic-only
subset of 57 genes: AKT3:FH,-1,1,0,0,1,Pathogenic-only
subset of 57 genes: PAX6,-1,1,0,0,1,Pathogenic-only
subset of 570 genes: BRCA2:NBEA:POLR1D,-1,1,0,0,1,Pathogenic-only
subset of 571 genes: ANKRD11:FOXC2:FOXF1,-1,1,0,0,1,Pathogenic-only
subset of 571 genes: COL5A1:EHMT1:NOTCH1:TSC1,-1,1,0,0,1,Pathogenic-only
subset of 571 genes: PUF60,-1,1,0,0,1,Pathogenic-only
subset of 572 genes: COL5A1:EHMT1:NOTCH1:TSC1,-1,1,0,0,1,Pathogenic-only
subset of 575 genes: CNTNAP2:DPP6:KCNH2:KMT2C:MNX1:SHH,-1,1,0,0,1,Pathogenic-only
subset of 575 genes: COL5A1:EHMT1:NOTCH1:TSC1,-1,4,0,0,4,Pathogenic-only
subset of 576 genes: NFIA:SRSF11,-1,1,0,0,1,Pathogenic-only
subset of 577 genes: MSX1:NSD2,-1,1,0,0,1,Pathogenic-only
subset of 58 genes: BRIP1:TBX2:TBX4,-1,1,0,0,1,Pathogenic-only
subset of 58 genes: PRRT2,-1,1,0,0,1,Pathogenic-only
subset of 580 genes: CDH1:CNOT1:CTCF,-1,1,0,0,1,Pathogenic-only
subset of 582 genes: CSNK2A1:JAG1,-1,1,0,0,1,Pathogenic-only
subset of 582 genes: MSX1:NSD2,-1,1,0,0,1,Pathogenic-only
subset of 584 genes: CDC42BPB:MEG3,-1,1,0,0,1,Pathogenic-only
subset of 584 genes: CSNK2A1:JAG1,-1,1,0,0,1,Pathogenic-only
subset of 59 genes: ARSL:SHOX,-1,1,0,0,1,Pathogenic-only
subset of 59 genes: EXT1,-1,1,0,0,1,Pathogenic-only
subset of 59 genes: GJA5,-1,1,0,0,1,Pathogenic-only
subset of 59 genes: PMS2,-1,0,0,1,1,VUS/Other-only
subset of 59 genes: ZEB2,-1,1,0,0,1,Pathogenic-only
subset of 594 genes: CASP10:COL3A1:NCKAP1:SATB2:TTN,-1,1,0,0,1,Pathogenic-only
subset of 594 genes: FGFR1:KAT6A,-1,1,0,0,1,Pathogenic-only
subset of 60 genes: FLNA:GDI1:IKBKG,-1,0,0,1,1,VUS/Other-only
subset of 60 genes: GJA5:GJA8,-1,1,0,0,1,Pathogenic-only
subset of 60 genes: ITSN1:RUNX1,-1,1,0,0,1,Pathogenic-only
subset of 60 genes: SDHC,-1,0,0,1,1,VUS/Other-only
subset of 601 genes: NAF1,-1,1,0,0,1,Pathogenic-only
subset of 603 genes: CDH1:CNOT1:CTCF,-1,1,0,0,1,Pathogenic-only
subset of 61 genes: GJA5:GJA8,-1,1,0,0,1,Pathogenic-only
subset of 61 genes: KCNQ2,-1,1,0,0,1,Pathogenic-only
subset of 610 genes: MSX1:NSD2,-1,1,0,0,1,Pathogenic-only
subset of 612 genes: BRPF1:ITPR1:SETD5:SLC6A1:VHL,-1,1,0,0,1,Pathogenic-only
subset of 612 genes: MSX1:NSD2,-1,1,0,0,1,Pathogenic-only
subset of 615 genes: HMBS,-1,1,0,0,1,Pathogenic-only
subset of 616 genes: CHD2:IGF1R,-1,1,0,0,1,Pathogenic-only
subset of 617 genes: NODAL,-1,1,0,0,1,Pathogenic-only
subset of 62 genes: DLL1:ERMARD,-1,1,0,0,1,Pathogenic-only
subset of 62 genes: MEF2C:RASA1,-1,1,0,0,1,Pathogenic-only
subset of 62 genes: NFIB,-1,1,0,0,1,Pathogenic-only
subset of 63 genes: BRIP1:TBX2:TBX4,-1,1,0,0,1,Pathogenic-only
subset of 63 genes: NR4A2,-1,1,0,0,1,Pathogenic-only
subset of 63 genes: POLD1,-1,0,0,1,1,VUS/Other-only
subset of 632 genes: DIS3L2:GIGYF2:HDAC4:TRIP12,-1,1,0,0,1,Pathogenic-only
subset of 633 genes: TBL1XR1,-1,1,0,0,1,Pathogenic-only
subset of 634 genes: CHAMP1:ZIC2,-1,1,0,0,1,Pathogenic-only
subset of 636 genes: BRCA1:EFTUD2:SMARCE1,-1,1,0,0,1,Pathogenic-only
subset of 64 genes: CRKL,-1,2,0,0,2,Pathogenic-only
subset of 64 genes: GJA5:GJA8,-1,1,0,0,1,Pathogenic-only
subset of 64 genes: MED13L,-1,0,0,1,1,VUS/Other-only
subset of 64 genes: NF1,-1,2,0,1,3,Pathogenic-only
subset of 64 genes: NFIB,-1,1,0,0,1,Pathogenic-only
subset of 64 genes: PAX9,-1,1,0,0,1,Pathogenic-only
subset of 64 genes: TCF4,-1,1,0,0,1,Pathogenic-only
subset of 640 genes: ADNP:GNAS:KCNQ2:SALL4,-1,1,0,0,1,Pathogenic-only
subset of 640 genes: CAMK2B:CDK13:GCK:GLI3:IKZF1:TBX20,-1,1,0,0,1,Pathogenic-only
subset of 642 genes: HMBS,-1,1,0,0,1,Pathogenic-only
subset of 65 genes: BRPF1:VHL,-1,1,0,0,1,Pathogenic-only
subset of 65 genes: CRKL,-1,2,0,1,3,Pathogenic-only
subset of 65 genes: FMR1:SOX3,-1,1,0,0,1,Pathogenic-only
subset of 65 genes: SHANK3,-1,1,0,0,1,Pathogenic-only
subset of 65 genes: TWIST1,-1,1,0,0,1,Pathogenic-only
subset of 650 genes: TNNI3,-1,1,0,0,1,Pathogenic-only
subset of 656 genes: CAMTA1:CASZ1:CHD5:RERE,-1,1,0,0,1,Pathogenic-only
subset of 658 genes: EDNRB:RB1,-1,1,0,0,1,Pathogenic-only
subset of 66 genes: ALX4:EXT2,-1,0,0,1,1,VUS/Other-only
subset of 66 genes: AVPR2:FLNA:L1CAM:MECP2:NAA10,-1,2,0,0,2,Pathogenic-only
subset of 66 genes: CRKL,-1,1,0,0,1,Pathogenic-only
subset of 66 genes: CSNK2A1,-1,1,0,0,1,Pathogenic-only
subset of 66 genes: DKC1:F8:RAB39B:TMLHE,-1,1,0,0,1,Pathogenic-only
subset of 66 genes: PAX9,-1,1,0,0,1,Pathogenic-only
subset of 66 genes: PMS2,-1,1,0,0,1,Pathogenic-only
subset of 666 genes: ANK2:PITX2,-1,1,0,0,1,Pathogenic-only
subset of 669 genes: CDC42BPB:MEG3,-1,1,0,0,1,Pathogenic-only
subset of 67 genes: ARHGEF9:ZC4H2,-1,1,0,0,1,Pathogenic-only
subset of 67 genes: CSNK2A1,-1,1,0,0,1,Pathogenic-only
subset of 67 genes: NAF1,-1,1,0,0,1,Pathogenic-only
subset of 67 genes: NF1,-1,3,0,0,3,Pathogenic-only
subset of 67 genes: NSD1,-1,1,0,0,1,Pathogenic-only
subset of 673 genes: MSX1:NSD2,-1,1,0,0,1,Pathogenic-only
subset of 68 genes: AKT3:HNRNPU:ZBTB18,-1,1,0,0,1,Pathogenic-only
subset of 68 genes: AVPR2:FLNA:L1CAM:MECP2:NAA10,-1,1,0,0,1,Pathogenic-only
subset of 68 genes: CRKL,-1,1,0,0,1,Pathogenic-only
subset of 68 genes: CSMD1,-1,1,0,0,1,Pathogenic-only
subset of 68 genes: ZMYND11,-1,1,0,0,1,Pathogenic-only
subset of 683 genes: ANOS1:AP1S2:ARSL:ARX:BCOR:CASK:CDKL5:CLCN4:CNKSR2:CYBB:DDX3X:DMD:FANCB:GK:HCCS:IL1RAPL1:MID1:MSL3:NHS:NLGN4X:NR0B1:NYX:OFD1:OTC:PDHA1:PHEX:PIGA:PTCHD1:RPS6KA3:RS1:SHOX:SMS:STS:TRAPPC2:TSPAN7:USP9X,-1,1,0,0,1,Pathogenic-only
subset of 686 genes: GATA3:ZMYND11,-1,1,0,0,1,Pathogenic-only
subset of 686 genes: MYLK,-1,1,0,0,1,Pathogenic-only
subset of 689 genes: BAG3:EBF3:EMX2:TCF7L2,-1,1,0,0,1,Pathogenic-only
subset of 69 genes: ABCD1:AVPR2:BCAP31:CCNQ:L1CAM:MECP2:NAA10:SLC6A8,-1,1,0,0,1,Pathogenic-only
subset of 69 genes: EHMT1,-1,1,0,0,1,Pathogenic-only
subset of 69 genes: ITPR1,-1,1,0,0,1,Pathogenic-only
subset of 69 genes: NFIX,-1,0,0,1,1,VUS/Other-only
subset of 69 genes: RAI1,-1,1,0,0,1,Pathogenic-only
subset of 69 genes: SLC1A2,-1,0,0,1,1,VUS/Other-only
subset of 69 genes: TWIST1,-1,1,0,0,1,Pathogenic-only
subset of 691 genes: ELANE:MAP2K2:STK11,-1,1,0,0,1,Pathogenic-only
subset of 697 genes: MEF2C:NR2F1:RASA1,-1,1,0,0,1,Pathogenic-only
subset of 70 genes: CSMD1,-1,1,0,0,1,Pathogenic-only
subset of 70 genes: DLL1:ERMARD,-1,1,0,0,1,Pathogenic-only
subset of 70 genes: DMRT1,-1,1,0,0,1,Pathogenic-only
subset of 70 genes: NIPBL,-1,1,0,0,1,Pathogenic-only
subset of 70 genes: SH2B1,-1,1,0,0,1,Pathogenic-only
subset of 70 genes: SHANK2,-1,0,0,1,1,VUS/Other-only
subset of 700 genes: BMPR2:CASP10:COL3A1:HOXD13:NCKAP1:SATB2:TTN,-1,1,0,0,1,Pathogenic-only
subset of 701 genes: CTNND2:DNAJC21:TERT:TRIO,-1,1,0,0,1,Pathogenic-only
subset of 706 genes: ABCD1:AFF2:AVPR2:BCAP31:CCNQ:CD40LG:DKC1:F8:F9:FLNA:FMR1:FRMD7:GDI1:GPC3:HPRT1:IDS:IKBKG:L1CAM:MECP2:MTM1:NAA10:NSDHL:OCRL:PHF6:RAB39B:SLC6A8:SLC9A6:SOX3:TMLHE:ZDHHC9:ZIC3,-1,1,0,0,1,Pathogenic-only
subset of 71 genes: ARSL:SHOX,-1,1,0,0,1,Pathogenic-only
subset of 71 genes: GJA5:GJA8,-1,1,0,0,1,Pathogenic-only
subset of 71 genes: KIT,-1,1,0,0,1,Pathogenic-only
subset of 71 genes: MYT1L,-1,1,0,0,1,Pathogenic-only
subset of 71 genes: NF1,-1,1,0,0,1,Pathogenic-only
subset of 71 genes: NFIB,-1,1,0,0,1,Pathogenic-only
subset of 71 genes: SH2B1,-1,0,0,1,1,VUS/Other-only
subset of 71 genes: SYNCRIP,-1,1,0,0,1,Pathogenic-only
subset of 710 genes: SMAD4:TCF4,-1,1,0,0,1,Pathogenic-only
subset of 717 genes: ANOS1:AP1S2:ARSL:ARX:BCOR:CASK:CDKL5:CLCN4:CNKSR2:CYBB:DDX3X:DMD:FANCB:GK:HCCS:IL1RAPL1:KDM6A:MAOA:MID1:MSL3:NDP:NHS:NLGN4X:NR0B1:NYX:OFD1:OTC:PDHA1:PHEX:PIGA:PTCHD1:RPS6KA3:RS1:SMS:STS:TRAPPC2:TSPAN7:USP9X,-1,1,0,0,1,Pathogenic-only
subset of 72 genes: AKT3:HNRNPU:ZBTB18,-1,1,0,0,1,Pathogenic-only
subset of 72 genes: CTNND2,-1,0,0,1,1,VUS/Other-only
subset of 72 genes: SMARCB1,-1,0,0,1,1,VUS/Other-only
subset of 72 genes: TP63,-1,1,0,0,1,Pathogenic-only
subset of 723 genes: ABCD1:AFF2:AVPR2:BCAP31:CCNQ:CD40LG:DKC1:F8:F9:FLNA:FMR1:FRMD7:GDI1:GPC3:HPRT1:IDS:IKBKG:L1CAM:MECP2:MTM1:NAA10:NSDHL:OCRL:PHF6:RAB39B:SH2D1A:SLC6A8:SLC9A6:SOX3:STAG2:TMLHE:XIAP:ZDHHC9:ZIC3,-1,1,0,0,1,Pathogenic-only
subset of 726 genes: ANKRD11:FOXC2:FOXF1,-1,1,0,0,1,Pathogenic-only
subset of 726 genes: CSMD1:GATA4,-1,1,0,0,1,Pathogenic-only
subset of 73 genes: ABCD1:AVPR2:BCAP31:FLNA:L1CAM:MECP2:NAA10,-1,1,0,0,1,Pathogenic-only
subset of 73 genes: CRKL,-1,1,0,0,1,Pathogenic-only
subset of 73 genes: DMRT1,-1,1,0,0,1,Pathogenic-only
subset of 73 genes: EHMT1,-1,1,0,0,1,Pathogenic-only
subset of 73 genes: JAG1,-1,1,0,0,1,Pathogenic-only
subset of 73 genes: NF1,-1,1,0,0,1,Pathogenic-only
subset of 73 genes: NSD1,-1,1,0,0,1,Pathogenic-only
subset of 730 genes: MSX1:NSD2,-1,1,0,0,1,Pathogenic-only
subset of 733 genes: MLH1:RPL15:SCN5A,-1,1,0,0,1,Pathogenic-only
subset of 735 genes: CSNK2A1:JAG1,-1,1,0,0,1,Pathogenic-only
subset of 739 genes: BRAF:CNTNAP2:DPP6:KCNH2:KMT2C:MNX1:SHH,-1,1,0,0,1,Pathogenic-only
subset of 74 genes: DLG4,-1,1,0,0,1,Pathogenic-only
subset of 74 genes: JARID2,-1,0,0,1,1,VUS/Other-only
subset of 75 genes: AKT3:HNRNPU:ZBTB18,-1,2,0,0,2,Pathogenic-only
subset of 75 genes: CRKL,-1,0,0,1,1,VUS/Other-only
subset of 75 genes: NF1,-1,2,0,0,2,Pathogenic-only
subset of 76 genes: AAGAB:SMAD3,-1,1,0,0,1,Pathogenic-only
subset of 76 genes: AFF2:FMR1:IDS,-1,1,0,0,1,Pathogenic-only
subset of 76 genes: DMRT1,-1,1,0,0,1,Pathogenic-only
subset of 76 genes: SMARCB1,-1,0,0,3,3,VUS/Other-only
subset of 764 genes: POLD1:SHANK1:TNNI3,-1,1,0,0,1,Pathogenic-only
subset of 77 genes: CELF4,-1,1,0,0,1,Pathogenic-only
subset of 77 genes: NF1,-1,1,0,0,1,Pathogenic-only
subset of 771 genes: ARCN1:HMBS:KMT2A,-1,1,0,0,1,Pathogenic-only
subset of 774 genes: ANKRD11:FOXC2:FOXF1,-1,1,0,0,1,Pathogenic-only
subset of 774 genes: ANKRD17:KIT:PKD2:WDFY3:YTHDC1,-1,1,0,0,1,Pathogenic-only
subset of 779 genes: CSMD1:GATA4,-1,1,0,0,1,Pathogenic-only
subset of 779 genes: PBX1:SDHC,-1,1,0,0,1,Pathogenic-only
subset of 78 genes: SMARCB1,-1,0,0,3,3,VUS/Other-only
subset of 783 genes: BRCA2:NBEA:RB1,-1,1,0,0,1,Pathogenic-only
subset of 783 genes: CHD8:FOXG1:HNRNPC:PAX9,-1,1,0,0,1,Pathogenic-only
subset of 788 genes: ANKRD11:FOXC2:FOXF1,-1,1,0,0,1,Pathogenic-only
subset of 79 genes: ANKRD11,-1,1,0,0,1,Pathogenic-only
subset of 79 genes: DLL1:ERMARD,-1,1,0,0,1,Pathogenic-only
subset of 791 genes: HNF1A:POLE:SETD1B,-1,1,0,0,1,Pathogenic-only
subset of 799 genes: ARID1B:DLL1:ERMARD:TAB2,-1,1,0,0,1,Pathogenic-only
subset of 80 genes: CDKN2A:ELAVL2:MTAP,-1,1,0,0,1,Pathogenic-only
subset of 80 genes: IQSEC2:KDM5C:SMC1A,-1,1,0,0,1,Pathogenic-only
subset of 80 genes: SH2B1,-1,0,0,1,1,VUS/Other-only
subset of 80 genes: SMARCB1,-1,2,0,0,2,Pathogenic-only
subset of 80 genes: YTHDC1,-1,1,0,0,1,Pathogenic-only
subset of 803 genes: CHEK2:CRKL:DEPDC5:NF2:SMARCB1:TBX1,-1,1,0,0,1,Pathogenic-only
subset of 807 genes: CAMTA1:CASZ1:CHD5:RERE:SDHB:SPEN,-1,1,0,0,1,Pathogenic-only
subset of 809 genes: POLD1:SHANK1:TNNI3,-1,1,0,0,1,Pathogenic-only
subset of 81 genes: ALX4:EXT2:PHF21A,-1,1,0,0,1,Pathogenic-only
subset of 81 genes: BRCA2,-1,1,0,0,1,Pathogenic-only
subset of 81 genes: EYA1,-1,1,0,0,1,Pathogenic-only
subset of 81 genes: SLC6A1:VHL,-1,1,0,0,1,Pathogenic-only
subset of 813 genes: CNTNAP2:DPP6:KCNH2:KMT2C:MNX1:SHH,-1,1,0,0,1,Pathogenic-only
subset of 814 genes: MAP2K2,-1,1,0,0,1,Pathogenic-only
subset of 819 genes: CSNK2A1:JAG1,-1,1,0,0,1,Pathogenic-only
subset of 82 genes: FGFR1,-1,1,0,0,1,Pathogenic-only
subset of 82 genes: RAD50,-1,0,0,1,1,VUS/Other-only
subset of 82 genes: SDHB,-1,1,0,0,1,Pathogenic-only
subset of 825 genes: PAX2:SMC3:SUFU:TCF7L2,-1,1,0,0,1,Pathogenic-only
subset of 826 genes: CREBBP:GRIN2A:NPRL3:PKD1:RBFOX1:SRRM2:TSC2:USP7,-1,1,0,0,1,Pathogenic-only
subset of 827 genes: DSP:FOXC1:JARID2:NEDD9,-1,1,0,0,1,Pathogenic-only
subset of 828 genes: ANOS1:AP1S2:ARSL:ARX:BCOR:CASK:CDKL5:CLCN4:CNKSR2:CYBB:DDX3X:DMD:FANCB:GK:HCCS:IL1RAPL1:KDM6A:MAOA:MID1:MSL3:NDP:NHS:NLGN4X:NR0B1:NYX:OFD1:OTC:PDHA1:PHEX:PIGA:PTCHD1:RP2:RPS6KA3:RS1:SHOX:SMS:STS:SYN1:TRAPPC2:TSPAN7:USP9X:ZNF41,-1,1,0,0,1,Pathogenic-only
subset of 83 genes: ARSL:NLGN4X:SHOX,-1,1,0,0,1,Pathogenic-only
subset of 83 genes: SMARCB1,-1,0,0,1,1,VUS/Other-only
subset of 84 genes: BCL11A,-1,0,0,1,1,VUS/Other-only
subset of 84 genes: MSX2:NKX2-5,-1,1,0,0,1,Pathogenic-only
subset of 84 genes: SRSF11,-1,1,0,0,1,Pathogenic-only
subset of 843 genes: CHD8:FOXG1:HNRNPC:PAX9,-1,1,0,0,1,Pathogenic-only
subset of 849 genes: BRAF:CNTNAP2:DPP6:KCNH2:KMT2C:MNX1:SHH:UBN2,-1,1,0,0,1,Pathogenic-only
subset of 85 genes: ABCD1:AVPR2:BCAP31:CCNQ:FLNA:L1CAM:MECP2:NAA10:SLC6A8,-1,1,0,0,1,Pathogenic-only
subset of 85 genes: ANOS1:CLCN4:MID1:NLGN4X:STS,-1,1,0,0,1,Pathogenic-only
subset of 85 genes: CLCN4:HCCS:MID1:MSL3,-1,1,0,0,1,Pathogenic-only
subset of 85 genes: EHMT1,-1,1,0,0,1,Pathogenic-only
subset of 85 genes: PRRT2,-1,1,0,0,1,Pathogenic-only
subset of 850 genes: MSX1:NSD2,-1,1,0,0,1,Pathogenic-only
subset of 86 genes: ANOS1:ARSL:NLGN4X:STS,-1,1,0,0,1,Pathogenic-only
subset of 86 genes: SMARCB1,-1,0,0,1,1,VUS/Other-only
subset of 861 genes: FGFR1,-1,1,0,0,1,Pathogenic-only
subset of 87 genes: BPTF,-1,1,0,0,1,Pathogenic-only
subset of 87 genes: DSCAM,-1,1,0,0,1,Pathogenic-only
subset of 87 genes: PAK2,-1,1,0,0,1,Pathogenic-only
subset of 87 genes: UBE3A,-1,1,0,0,1,Pathogenic-only
subset of 874 genes: ABCD1:AFF2:AVPR2:BCAP31:CCNQ:CD40LG:CUL4B:DKC1:F8:F9:FLNA:FMR1:FRMD7:GDI1:GPC3:GRIA3:HPRT1:IDS:IKBKG:L1CAM:LAMP2:MECP2:MTM1:NAA10:NSDHL:OCRL:PHF6:RAB39B:SH2D1A:SLC6A8:SLC9A6:SOX3:STAG2:TMLHE:UBE2A:UPF3B:XIAP:ZDHHC9:ZIC3,-1,1,0,0,1,Pathogenic-only
subset of 874 genes: FGFR1:KAT6A,-1,1,0,0,1,Pathogenic-only
subset of 875 genes: ARID1B:HIVEP2:TAB2,-1,1,0,0,1,Pathogenic-only
subset of 879 genes: MSX1:NSD2,-1,1,0,0,1,Pathogenic-only
subset of 88 genes: BCL11A,-1,1,0,0,1,Pathogenic-only
subset of 88 genes: DSCAM,-1,0,0,1,1,VUS/Other-only
subset of 88 genes: KAT6A,-1,1,0,0,1,Pathogenic-only
subset of 88 genes: KMT2E,-1,1,0,0,1,Pathogenic-only
subset of 88 genes: UBN2,-1,0,0,1,1,VUS/Other-only
subset of 884 genes: CDC42BPB:DICER1:MEG3,-1,1,0,0,1,Pathogenic-only
subset of 89 genes: AKT3:HNRNPU:ZBTB18,-1,1,0,0,1,Pathogenic-only
subset of 89 genes: CDC42BPB,-1,1,0,0,1,Pathogenic-only
subset of 89 genes: CSNK2A1,-1,1,0,0,1,Pathogenic-only
subset of 892 genes: CNTNAP2:DPP6:KCNH2:KMT2C:MNX1:SHH:UBN2,-1,1,0,0,1,Pathogenic-only
subset of 893 genes: ABCD1:AFF2:AVPR2:BCAP31:CCNQ:CD40LG:CUL4B:DKC1:F8:F9:FLNA:FMR1:FRMD7:GDI1:GPC3:GRIA3:HPRT1:IDS:IKBKG:L1CAM:LAMP2:MECP2:MTM1:NAA10:NSDHL:OCRL:PHF6:RAB39B:SH2D1A:SLC6A8:SLC9A6:SOX3:STAG2:TMLHE:UBE2A:UPF3B:XIAP:ZDHHC9:ZIC3,-1,1,0,0,1,Pathogenic-only
subset of 897 genes: CDKN2A:DMRT1:ELAVL2:MTAP:NFIB:PAX5:RFX3:TPM2,-1,1,0,0,1,Pathogenic-only
subset of 898 genes: HNF1A:MED13L:POLE:SETD1B,-1,1,0,0,1,Pathogenic-only
subset of 90 genes: MYBPC3,-1,1,0,0,1,Pathogenic-only
subset of 90 genes: PRRT2,-1,1,0,0,1,Pathogenic-only
subset of 901 genes: CDKN2A:DMRT1:ELAVL2:MTAP:NFIB:PAX5:RFX3:TPM2,-1,1,0,0,1,Pathogenic-only
subset of 904 genes: FGFR1:KAT6A,-1,1,0,0,1,Pathogenic-only
subset of 905 genes: CDKN2A:DMRT1:ELAVL2:MTAP:NFIB:PAX5:RFX3:TPM2,-1,1,0,0,1,Pathogenic-only
subset of 906 genes: CDKN2A:DMRT1:ELAVL2:MTAP:NFIB:PAX5:RFX3:TPM2,-1,2,0,0,2,Pathogenic-only
subset of 91 genes: BMP4:GCH1,-1,1,0,0,1,Pathogenic-only
subset of 91 genes: CHEK2:NF2,-1,1,0,0,1,Pathogenic-only
subset of 91 genes: CLCN5:IQSEC2:KDM5C:PHF8:SMC1A,-1,1,0,0,1,Pathogenic-only
subset of 91 genes: DIP2A,-1,2,0,0,2,Pathogenic-only
subset of 91 genes: GATA4,-1,0,0,1,1,VUS/Other-only
subset of 91 genes: PAK2,-1,1,0,0,1,Pathogenic-only
subset of 91 genes: PRRT2,-1,1,0,0,1,Pathogenic-only
subset of 91 genes: TBX1,-1,1,0,0,1,Pathogenic-only
subset of 912 genes: CNTNAP2:DPP6:KCNH2:KMT2C:MNX1:SHH:UBN2,-1,1,0,0,1,Pathogenic-only
subset of 917 genes: DLG4:KDM6B:MYH10:PAFAH1B1:TP53,-1,1,0,0,1,Pathogenic-only
subset of 92 genes: GLA:NXF5:PLP1,-1,1,0,0,1,Pathogenic-only
subset of 92 genes: PRRT2,-1,1,0,0,1,Pathogenic-only
subset of 92 genes: UBN2,-1,1,0,0,1,Pathogenic-only
subset of 926 genes: FGFR1:KAT6A,-1,2,0,0,2,Pathogenic-only
subset of 93 genes: PRRT2,-1,1,0,0,1,Pathogenic-only
subset of 93 genes: RORB,-1,1,0,0,1,Pathogenic-only
subset of 933 genes: FGFR1:KAT6A,-1,1,0,0,1,Pathogenic-only
subset of 94 genes: CACNA1C,-1,1,0,0,1,Pathogenic-only
subset of 94 genes: EHMT1,-1,1,0,0,1,Pathogenic-only
subset of 94 genes: MEIS2:SPRED1,-1,1,0,0,1,Pathogenic-only
subset of 94 genes: NKX2-5,-1,1,0,0,1,Pathogenic-only
subset of 94 genes: WAC,-1,1,0,0,1,Pathogenic-only
subset of 95 genes: ACTC1,-1,1,0,0,1,Pathogenic-only
subset of 95 genes: LMX1B:STXBP1,-1,1,0,0,1,Pathogenic-only
subset of 95 genes: PRRT2,-1,1,0,0,1,Pathogenic-only
subset of 953 genes: AKT3:FH:HNRNPU:WDR26:ZBTB18,-1,1,0,0,1,Pathogenic-only
subset of 954 genes: ASXL1:GDF5:JAG1:RALGAPB,-1,1,0,0,1,Pathogenic-only
subset of 956 genes: AKT3:FH:HNRNPU:WDR26:ZBTB18,-1,1,0,0,1,Pathogenic-only
subset of 958 genes: AKT3:FH:HNRNPU:WDR26:ZBTB18,-1,1,0,0,1,Pathogenic-only
subset of 959 genes: AKT3:FH:HNRNPU:WDR26:ZBTB18,-1,1,0,0,1,Pathogenic-only
subset of 96 genes: PRRT2,-1,2,0,0,2,Pathogenic-only
subset of 960 genes: CTNND2:DNAJC21:FGF10:NIPBL:TERT:TRIO,-1,1,0,0,1,Pathogenic-only
subset of 966 genes: BRPF1:ITPR1:MLH1:RPL15:SETD5:SLC6A1:VHL,-1,1,0,0,1,Pathogenic-only
subset of 969 genes: EXT1:PUF60:RAD21:TRPS1,-1,1,0,0,1,Pathogenic-only
subset of 97 genes: CAMK2B,-1,1,0,0,1,Pathogenic-only
subset of 97 genes: CIC:ERF,-1,1,0,0,1,Pathogenic-only
subset of 97 genes: PRRT2,-1,4,0,0,4,Pathogenic-only
subset of 97 genes: PTCH1,-1,1,0,0,1,Pathogenic-only
subset of 971 genes: AKT3:FH:HNRNPU:WDR26:ZBTB18,-1,1,0,0,1,Pathogenic-only
subset of 979 genes: MSX1:PHOX2B,-1,1,0,0,1,Pathogenic-only
subset of 98 genes: BCL11A,-1,0,0,1,1,VUS/Other-only
subset of 98 genes: CACNA1A:NFIX,-1,1,0,0,1,Pathogenic-only
subset of 98 genes: ZIC2,-1,1,0,0,1,Pathogenic-only
subset of 985 genes: CSMD1:GATA4,-1,1,0,0,1,Pathogenic-only
subset of 99 genes: CYLD:SALL1,-1,1,0,0,1,Pathogenic-only
subset of 99 genes: NR2F1,-1,1,0,0,1,Pathogenic-only
subset of 993 genes: BRCA2:EDNRB:NBEA:RB1,-1,1,0,0,1,Pathogenic-only
